domain_age,phish_hints,ratio_extHyperlinks,ratio_intHyperlinks,safe_anchor,ratio_extRedirection,length_url,ratio_digits_url,length_words_raw,longest_words_raw,length_hostname,avg_word_path,domain_in_title,char_repeat,status,status-encoded
5075.0,0,0.470588235,0.529411765,0.0,0.875,37,0.0,4,11,19,4.5,0,4,legitimate,0
5767.0,0,0.033333333,0.966666667,100.0,0.0,77,0.220779221,4,32,23,14.66666667,1,4,phishing,1
4004.0,0,0.0,1.0,100.0,0.0,126,0.150793651,12,17,50,8.142857142999999,1,2,phishing,1
5075.0,0,0.026845638,0.973154362,62.5,0.25,18,0.0,1,5,11,0.0,1,0,legitimate,0
8175.0,0,0.529411765,0.470588235,0.0,0.537037037,55,0.0,6,11,15,7.0,0,3,legitimate,0
5075.0,0,0.7,0.3,0.0,0.571428571,32,0.0,4,7,24,0.0,1,3,phishing,1
7529.0,0,0.918367347,0.081632653,100.0,0.0,19,0.0,2,5,12,0.0,0,3,legitimate,0
5767.0,0,0.033333333,0.966666667,100.0,0.0,81,0.259259259,5,32,27,14.66666667,1,8,phishing,1
7298.0,0,0.793650794,0.206349206,27.27272727,0.38,42,0.0,2,21,34,0.0,1,0,legitimate,0
9368.0,1,0.221428571,0.7785714290000001,58.13953488,0.193548387,104,0.076923077,14,10,10,5.538461538,1,0,legitimate,0
5075.0,0,0.0,1.0,0.0,0.0,56,0.0,6,15,22,5.5,1,3,legitimate,0
7911.0,0,0.0681818179999999,0.931818182,62.5,0.166666667,43,0.186046512,6,8,16,3.75,1,3,legitimate,0
1505.0,0,0.224615385,0.775384615,38.79310345,0.04109589,83,0.012048193,11,10,14,5.0,1,2,legitimate,0
1761.0,0,0.0,1.0,0.0,0.0,31,0.064516129,3,8,10,6.0,1,1,phishing,1
2041.0,0,0.0663507109999999,0.933649289,69.69696970000001,0.357142857,25,0.0,2,8,16,0.0,0,4,legitimate,0
3892.0,0,0.0,1.0,0.0,0.0,51,0.019607843,5,12,23,5.666666667,1,1,phishing,1
8301.0,0,0.04,0.96,76.19047619,0.2,31,0.0,2,14,22,0.0,1,3,legitimate,0
2316.0,0,0.0,1.0,0.0,0.0,50,0.06,5,12,21,6.333333333,1,0,phishing,1
2935.0,0,0.0,0.0,0.0,0.0,34,0.0,3,15,23,2.0,1,3,phishing,1
3932.0,0,0.02283105,0.97716895,0.0,0.0,27,0.148148148,2,11,19,0.0,1,3,legitimate,0
8759.0,0,0.115646259,0.884353741,92.75362319,0.0,63,0.0,8,8,14,5.833333333,0,3,legitimate,0
5647.0,0,0.181818182,0.818181818,0.0,0.214285714,66,0.0,8,9,16,6.0,1,0,legitimate,0
1184.0,0,0.076923077,0.923076923,0.0,0.0,40,0.1,5,7,11,4.5,1,0,phishing,1
3476.0,0,0.084745763,0.915254237,50.0,0.2,48,0.0,6,9,16,5.25,1,0,legitimate,0
3993.0,0,0.0,1.0,100.0,0.0,126,0.095238095,13,17,50,7.375,1,7,phishing,1
7296.0,0,0.7142857140000001,0.285714286,0.0,0.0,41,0.0,2,19,32,0.0,1,0,phishing,1
6989.0,0,0.026086957,0.973913043,90.32258065,0.333333333,36,0.0,2,19,27,0.0,1,3,legitimate,0
4845.0,0,0.352941176,0.647058824,20.0,0.083333333,72,0.0,11,8,24,4.714285714,1,5,legitimate,0
3993.0,0,0.0,1.0,100.0,0.0,68,0.161764706,6,15,42,8.5,1,3,phishing,1
5075.0,1,0.516129032,0.483870968,0.0,0.4375,163,0.398773006,17,18,14,8.4,1,14,phishing,1
1170.0,0,0.052631579,0.947368421,50.0,0.2,26,0.0,2,10,18,0.0,0,3,legitimate,0
1237.0,0,0.611111111,0.388888889,0.0,0.0,64,0.34375,4,32,17,19.0,1,3,phishing,1
5627.0,0,0.80952381,0.19047619,25.0,0.294117647,36,0.25,4,11,28,0.0,1,1,phishing,1
3767.0,0,1.0,0.0,0.0,0.0,61,0.0,7,10,14,5.666666667,1,1,phishing,1
9316.0,0,0.457142857,0.542857143,0.0,0.0625,66,0.212121212,6,21,17,9.25,0,3,legitimate,0
7849.0,0,0.625,0.375,45.45454545,0.4,35,0.0,2,19,26,0.0,1,3,legitimate,0
3920.0,0,0.6882494,0.3117506,0.0,0.146341463,113,0.0,16,20,24,4.466666667,1,4,phishing,1
5159.0,0,0.518518519,0.481481481,8.333333332999999,0.7142857140000001,41,0.0,6,6,34,0.0,1,3,legitimate,0
5075.0,0,0.125,0.875,17.39130435,0.35,23,0.0,4,3,12,3.0,1,3,legitimate,0
5230.0,1,0.267759563,0.7322404370000001,22.80701754,0.346938776,31,0.0,3,7,24,0.0,1,2,legitimate,0
3125.0,4,0.0,1.0,100.0,0.0,84,0.0,9,26,30,4.875,1,0,phishing,1
5026.0,0,0.0,1.0,0.0,0.0,29,0.0,3,8,17,4.0,1,0,phishing,1
2300.0,2,0.454545455,0.545454545,60.0,0.0,98,0.295918367,10,32,26,8.142857142999999,1,4,phishing,1
2580.0,0,0.028571429,0.971428571,0.0,0.0,15,0.0,1,5,8,0.0,0,1,legitimate,0
5825.0,0,0.060377358,0.939622642,76.66666667,0.0,65,0.0,8,13,22,5.0,0,3,legitimate,0
8019.0,0,0.884615385,0.115384615,0.0,0.0,131,0.030534351,14,40,27,7.545454545,1,6,phishing,1
7839.0,0,0.258064516,0.7419354840000001,25.0,0.277777778,50,0.0,5,10,23,8.5,0,4,legitimate,0
2306.0,0,1.0,0.0,0.0,0.0,51,0.0,3,14,32,10.0,1,1,phishing,1
5075.0,0,0.023809524,0.976190476,94.68085106,0.1,45,0.133333333,6,9,11,5.5,1,4,legitimate,0
1500.0,0,0.076923077,0.923076923,0.0,1.0,159,0.270440252,12,40,14,11.54545455,1,4,phishing,1
2739.0,0,0.046511628,0.953488372,0.0,0.0,44,0.227272727,4,14,22,5.5,1,3,phishing,1
134.0,0,0.15625,0.84375,100.0,0.0,103,0.077669903,9,44,19,9.857142857,1,2,phishing,1
7802.0,0,0.0,0.0,0.0,0.0,46,0.0,7,7,20,3.75,1,1,phishing,1
7133.0,0,0.079051383,0.920948617,63.63636364,0.45,45,0.0,5,10,16,6.0,1,0,legitimate,0
1690.0,0,0.384615385,0.615384615,50.0,0.142857143,51,0.0,4,16,26,7.5,1,4,phishing,1
1588.0,0,0.233695652,0.766304348,9.677419355,0.348837209,38,0.0,5,11,19,3.0,1,4,phishing,1
5767.0,0,0.033333333,0.966666667,100.0,0.0,81,0.283950617,5,32,27,14.66666667,1,8,phishing,1
7615.0,0,0.385542169,0.6144578310000001,71.42857143,0.03125,112,0.0,14,16,31,5.166666667,1,0,legitimate,0
8348.0,2,0.259259259,0.740740741,100.0,0.0,39,0.0,4,9,16,6.5,1,1,phishing,1
8348.0,1,0.62962963,0.37037037,0.0,0.0,99,0.0808080809999999,11,16,15,7.444444444,1,2,phishing,1
6989.0,0,0.025423729,0.974576271,90.0,0.333333333,45,0.0,4,19,27,4.0,1,3,legitimate,0
5615.0,2,0.80952381,0.19047619,25.0,0.176470588,60,0.033333333,8,18,35,3.5,1,3,phishing,1
9327.0,0,0.0,0.0,0.0,0.0,74,0.081081081,14,9,19,3.0,1,2,legitimate,0
3561.0,0,0.055555556,0.944444444,57.14285714,0.0,61,0.0,8,8,18,6.2,1,3,legitimate,0
5614.0,0,0.0,0.0,0.0,0.0,40,0.125,4,15,32,0.0,1,1,phishing,1
5408.0,0,0.0,0.0,0.0,0.0,52,0.038461538,5,16,24,6.0,1,5,phishing,1
8346.0,0,1.0,0.0,0.0,0.0,88,0.0,11,10,24,6.0,0,3,phishing,1
5877.0,0,0.011976048,0.988023952,100.0,0.0,74,0.027027027,7,10,12,8.166666667000001,1,2,legitimate,0
2633.0,0,0.058892815,0.941107185,96.4504284,0.36,46,0.065217391,6,8,16,4.75,1,4,legitimate,0
6512.0,0,0.0,0.0,0.0,0.0,54,0.0,5,13,17,9.0,1,4,legitimate,0
5075.0,1,0.4,0.6,50.0,0.0,54,0.0,5,10,21,7.333333333,1,3,phishing,1
7134.0,0,0.062337662,0.937662338,70.37037037,0.291666667,38,0.0,5,9,16,3.666666667,0,0,legitimate,0
9394.0,0,0.382075472,0.617924528,23.68421053,0.074074074,67,0.0,8,10,15,6.5,0,6,legitimate,0
5044.0,2,0.0,0.0,0.0,0.0,62,0.0,7,10,13,5.333333333,1,0,phishing,1
2573.0,1,0.0,1.0,100.0,0.0,59,0.06779661,7,13,17,4.833333333,1,1,phishing,1
1246.0,0,0.0,0.0,0.0,0.0,57,0.01754386,5,18,38,4.5,1,0,phishing,1
2872.0,0,0.227272727,0.772727273,100.0,0.5,32,0.0,3,8,12,5.0,0,2,legitimate,0
4537.0,0,0.0,0.0,0.0,0.0,46,0.0,4,17,25,5.5,1,3,phishing,1
7133.0,0,0.035175879,0.964824121,74.07407407,0.428571429,37,0.0,4,9,16,5.5,0,0,legitimate,0
7295.0,0,0.928571429,0.071428571,14.28571429,0.846153846,36,0.027777778,2,16,29,0.0,1,1,phishing,1
973.0,1,0.0,1.0,0.0,0.0,52,0.038461538,7,14,18,3.5,1,1,phishing,1
7296.0,0,1.0,0.0,0.0,0.0,32,0.25,2,11,24,0.0,1,8,phishing,1
7491.0,0,0.48,0.52,0.0,0.0,34,0.0,2,14,11,14.0,1,2,legitimate,0
5075.0,0,0.787878788,0.212121212,10.0,0.346153846,27,0.0,2,9,19,0.0,1,3,legitimate,0
5075.0,3,0.0,1.0,0.0,0.0,92,0.304347826,7,32,22,9.333333333,1,5,phishing,1
8442.0,0,0.135135135,0.864864865,35.71428571,0.05,102,0.058823529,13,22,12,6.454545455,1,3,legitimate,0
2277.0,0,0.453038674,0.546961326,81.03448276,0.085365854,32,0.0,2,15,23,0.0,1,3,legitimate,0
1800.0,0,0.308641975,0.691358025,20.0,0.12,29,0.0,2,12,20,0.0,1,4,legitimate,0
5075.0,3,0.153061224,0.8469387759999999,82.60869565,0.4,119,0.008403361,15,17,24,5.769230769,1,3,phishing,1
3952.0,1,0.031007752,0.968992248,50.0,0.25,59,0.06779661,6,13,21,6.5,1,4,legitimate,0
4855.0,0,0.112244898,0.8877551020000001,52.94117647,0.727272727,54,0.0,5,15,19,6.0,1,1,legitimate,0
166.0,0,0.488888889,0.5111111110000001,10.0,0.636363636,151,0.271523179,6,110,10,25.8,1,10,phishing,1
4093.0,0,0.5,0.5,53.84615385,0.1578947369999999,84,0.035714286,11,17,25,4.777777778,1,6,legitimate,0
5075.0,3,0.195121951,0.804878049,93.33333333,0.0,55,0.0,7,8,10,5.333333333,1,0,phishing,1
5075.0,0,0.038901602,0.961098398,75.0,0.058823529,18,0.0,1,6,9,0.0,0,0,legitimate,0
8516.0,0,0.671532847,0.328467153,100.0,0.0,39,0.0,3,14,16,14.0,0,4,legitimate,0
7689.0,0,0.064220183,0.935779817,56.25,0.071428571,28,0.0,3,6,19,0.0,1,3,legitimate,0
5913.0,0,0.290322581,0.709677419,86.95652174,0.111111111,32,0.0,5,4,16,3.5,1,4,legitimate,0
5075.0,0,0.230215827,0.769784173,81.29032258,0.875,16,0.0,1,4,9,0.0,0,0,legitimate,0
4141.0,0,0.0,0.0,0.0,0.0,23,0.0,2,8,12,2.0,1,0,phishing,1
4664.0,0,0.961538462,0.038461538,5.128205128,0.0,29,0.0,2,11,21,0.0,1,3,legitimate,0
317.0,0,0.0806451609999999,0.919354839,0.0,0.1,29,0.0,2,13,20,0.0,1,3,phishing,1
4566.0,0,0.2,0.8,62.06896552,0.692307692,41,0.0,4,11,15,8.0,1,4,legitimate,0
5075.0,0,0.5,0.5,0.0,0.0,22,0.181818182,2,7,6,7.0,1,0,phishing,1
657.0,0,1.0,0.0,0.0,0.0,52,0.038461538,7,7,14,5.2,1,4,phishing,1
5075.0,0,0.0,1.0,0.0,0.0,38,0.026315789,5,13,20,2.0,1,3,phishing,1
5075.0,0,0.597402597,0.402597403,13.04347826,0.086956522,30,0.0,2,10,21,0.0,1,3,legitimate,0
3993.0,0,0.0,1.0,100.0,0.0,76,0.105263158,7,15,50,8.5,1,7,phishing,1
5075.0,3,0.571428571,0.428571429,33.33333333,0.0,430,0.039534884,81,10,13,4.363636364,1,10,phishing,1
4823.0,0,0.078947368,0.921052632,25.0,0.666666667,37,0.0,3,12,19,10.0,0,0,legitimate,0
11046.0,0,0.245901639,0.7540983609999999,27.77777778,0.266666667,73,0.068493151,9,13,23,5.1428571430000005,0,3,legitimate,0
2939.0,0,0.0,0.0,0.0,0.0,56,0.107142857,7,9,15,5.6,1,3,phishing,1
3385.0,0,0.211538462,0.788461538,100.0,0.818181818,70,0.0,11,9,13,3.9,1,2,legitimate,0
7802.0,0,0.0,0.0,0.0,0.0,70,0.0,7,13,20,7.6,1,1,phishing,1
5075.0,0,0.120481928,0.879518072,33.33333333,0.3,52,0.076923077,6,11,19,5.5,1,3,legitimate,0
5366.0,0,0.916666667,0.083333333,0.0,0.5,31,0.0,3,7,22,0.0,1,3,legitimate,0
2112.0,1,0.384615385,0.615384615,0.0,0.3,90,0.244444444,8,32,19,9.5,1,12,phishing,1
7156.0,0,0.06031746,0.93968254,71.69811321,0.0,45,0.1555555559999999,6,8,15,4.75,1,1,legitimate,0
7602.0,0,0.1558441559999999,0.8441558440000001,11.11111111,0.166666667,55,0.036363636,6,12,20,6.0,0,4,legitimate,0
135.0,0,0.0,1.0,0.0,0.0,65,0.076923077,8,15,12,6.5,1,4,phishing,1
1546.0,0,0.7771739129999999,0.222826087,29.62962963,0.013986014,41,0.073170732,3,13,33,0.0,1,4,phishing,1
7.0,0,0.7113402059999999,0.288659794,7.391304347999999,0.1328502419999999,71,0.169014085,8,14,25,5.333333333,1,0,phishing,1
8348.0,1,1.0,0.0,0.0,0.0,83,0.072289157,8,33,16,8.666666667000001,0,2,phishing,1
5075.0,0,0.0,1.0,0.0,0.0,73,0.342465753,4,32,18,14.66666667,1,1,phishing,1
184.0,0,0.0,1.0,100.0,0.0,44,0.204545455,5,11,30,6.0,1,1,phishing,1
2403.0,2,0.0,1.0,0.0,0.0,114,0.052631579,12,16,16,7.9,1,8,phishing,1
3992.0,0,0.0,1.0,100.0,0.0,127,0.157480315,13,17,50,7.375,1,2,phishing,1
254.0,0,0.40625,0.59375,0.0,0.153846154,99,0.070707071,9,44,20,9.285714286,1,4,phishing,1
6041.0,1,0.184210526,0.815789474,0.0,0.7142857140000001,56,0.0,7,7,20,6.0,1,3,phishing,1
7284.0,0,0.204081633,0.7959183670000001,16.66666667,0.133333333,51,0.0,5,12,17,7.666666667,0,3,legitimate,0
5075.0,3,0.0,1.0,100.0,0.0,51,0.0,6,7,14,5.0,1,2,phishing,1
5075.0,0,0.020408163,0.979591837,66.66666667,0.0,40,0.0,5,13,24,2.5,0,3,legitimate,0
5111.0,1,0.055172414,0.944827586,87.5,0.0,33,0.0,5,5,14,2.666666667,1,3,phishing,1
8024.0,0,0.027027027,0.972972973,90.90909091,0.125,88,0.0,10,9,20,6.375,0,3,legitimate,0
5993.0,0,0.074534161,0.925465839,75.0,0.333333333,122,0.049180328,18,10,18,5.0,1,3,legitimate,0
2684.0,0,0.113207547,0.886792453,100.0,0.0,53,0.0,5,12,20,7.666666667,1,3,legitimate,0
725.0,0,0.0,1.0,0.0,0.0,46,0.086956522,7,6,37,0.0,1,2,phishing,1
7295.0,0,0.928571429,0.071428571,14.28571429,0.846153846,36,0.0,2,16,29,0.0,1,0,phishing,1
3754.0,0,0.578125,0.421875,10.0,0.0,31,0.0,2,15,23,0.0,1,4,legitimate,0
5381.0,0,0.409090909,0.590909091,100.0,0.031746032,48,0.0,7,8,16,3.6,0,3,legitimate,0
3743.0,1,0.552631579,0.447368421,40.0,0.142857143,101,0.0,11,19,6,7.7,1,0,phishing,1
5416.0,0,0.0,0.0,0.0,0.0,41,0.0,5,11,19,4.0,1,4,legitimate,0
1901.0,1,0.0,1.0,0.0,0.0,43,0.093023256,4,10,35,0.0,1,0,phishing,1
3937.0,0,0.0,0.0,0.0,0.0,15,0.0,1,5,8,0.0,0,0,legitimate,0
6668.0,0,0.135135135,0.864864865,37.5,0.4,42,0.071428571,7,9,10,4.0,1,3,legitimate,0
4413.0,0,0.643312102,0.3566878979999999,42.7184466,0.198019802,51,0.0,5,11,15,6.0,0,1,legitimate,0
3983.0,0,0.0,0.0,0.0,0.0,48,0.0,8,6,27,3.666666667,1,3,phishing,1
7732.0,0,0.100478469,0.899521531,76.66666667,0.6190476189999999,49,0.0,4,15,19,6.333333333,1,1,legitimate,0
2647.0,0,0.045454545,0.954545455,75.0,1.0,25,0.0,3,5,13,1.0,1,0,phishing,1
9285.0,0,0.285276074,0.7147239259999999,73.68421053,0.053763441,49,0.020408163,7,8,15,4.2,0,3,legitimate,0
8047.0,0,0.09929078,0.90070922,40.0,0.214285714,48,0.020833333,5,13,25,4.333333333,0,2,legitimate,0
531.0,3,0.1,0.9,0.0,0.0,108,0.037037037,12,23,25,6.6,0,4,phishing,1
1028.0,0,0.0,0.0,0.0,0.0,39,0.0,3,17,20,4.5,0,2,phishing,1
5334.0,0,0.116438356,0.883561644,65.71428571,0.411764706,80,0.0,9,10,20,6.571428571,1,4,legitimate,0
7602.0,0,0.783333333,0.216666667,14.54545455,0.212765957,36,0.0,4,9,17,5.0,1,3,legitimate,0
6460.0,0,0.387019231,0.612980769,13.04347826,0.02484472,28,0.0,3,6,19,0.0,1,4,legitimate,0
1953.0,1,0.875,0.125,0.0,0.0,33,0.060606061,3,10,14,10.0,1,2,phishing,1
5075.0,0,0.357142857,0.642857143,17.46031746,0.133333333,23,0.0,2,3,14,0.0,0,3,legitimate,0
5224.0,0,0.36677116,0.63322884,19.16666667,0.111111111,77,0.0,9,10,18,6.285714286,1,3,legitimate,0
5075.0,1,0.516129032,0.483870968,0.0,0.4375,342,0.415204678,30,34,19,10.21428571,1,17,phishing,1
189.0,0,0.0,1.0,0.0,0.0,38,0.131578947,3,9,29,0.0,1,1,phishing,1
6203.0,2,0.304054054,0.6959459459999999,25.92592593,0.333333333,73,0.0,9,14,22,5.285714286,1,3,legitimate,0
5639.0,0,0.509433962,0.490566038,0.0,0.074074074,33,0.0,4,7,15,4.0,0,3,legitimate,0
1785.0,0,0.0,0.0,0.0,0.0,67,0.0,9,9,17,5.1428571430000005,1,5,phishing,1
6431.0,0,0.347222222,0.6527777779999999,56.14035088,0.64,39,0.051282051,4,9,18,5.5,0,0,legitimate,0
2254.0,0,0.040247678,0.959752322,46.66666667,0.0,24,0.0,2,7,15,0.0,0,3,legitimate,0
5075.0,0,0.132075472,0.867924528,85.0,0.285714286,26,0.0,2,10,17,0.0,0,4,legitimate,0
9253.0,0,0.0,0.0,0.0,0.0,39,0.128205128,6,6,7,3.8,1,0,legitimate,0
5825.0,0,0.0,0.0,0.0,0.0,62,0.35483871,5,32,22,32.0,1,5,phishing,1
1899.0,2,0.1707317069999999,0.8292682929999999,0.0,0.142857143,41,0.0,5,9,13,4.25,1,1,phishing,1
7295.0,0,0.928571429,0.071428571,14.28571429,0.846153846,40,0.0,2,18,31,0.0,1,0,phishing,1
4120.0,0,0.125,0.875,50.0,1.0,51,0.0,6,9,26,5.0,1,3,legitimate,0
3650.0,0,0.117293233,0.8827067670000001,95.0,1.038461538,59,0.06779661,8,8,12,5.5,0,3,legitimate,0
8044.0,0,0.103896104,0.896103896,75.0,0.0,50,0.0,6,12,20,4.5,1,3,legitimate,0
6831.0,0,0.067961165,0.932038835,0.0,0.285714286,52,0.057692308,4,18,25,18.0,1,3,phishing,1
3904.0,0,0.761904762,0.238095238,44.44444444,0.3125,43,0.0,5,11,15,4.25,1,0,phishing,1
4183.0,0,0.8771929820000001,0.122807018,10.0,0.16,94,0.127659574,10,30,42,4.625,1,6,phishing,1
2403.0,0,0.012987013,0.987012987,83.33333333,0.0,60,0.0,6,15,15,8.5,0,4,legitimate,0
5075.0,0,0.19047619,0.80952381,12.5,0.3,18,0.0,1,6,11,0.0,0,0,legitimate,0
7968.0,1,0.4166666670000001,0.583333333,0.0,0.0,204,0.132352941,11,65,27,17.66666667,1,2,phishing,1
8346.0,1,1.0,0.0,0.0,0.0,94,0.159574468,10,19,24,7.857142857,0,2,phishing,1
5075.0,0,0.05,0.95,0.0,0.0,41,0.0,5,7,33,0.0,1,1,phishing,1
1154.0,0,0.0,1.0,0.0,0.0,19,0.1578947369999999,2,5,11,0.0,1,0,phishing,1
3608.0,0,0.0,0.0,0.0,0.0,35,0.028571429,4,14,22,2.0,1,0,phishing,1
2870.0,0,0.826086957,0.173913043,60.0,0.052631579,63,0.0,7,22,26,4.0,1,1,phishing,1
5972.0,0,0.0,0.0,0.0,0.0,53,0.075471698,6,13,21,5.25,1,5,phishing,1
5616.0,1,0.80952381,0.19047619,25.0,0.176470588,75,0.0,11,9,44,4.75,1,2,phishing,1
6381.0,0,1.0,0.0,0.0,0.0,35,0.114285714,2,15,27,0.0,1,0,phishing,1
8348.0,0,0.0,0.0,0.0,0.0,210,0.066666667,33,40,14,5.032258065,1,15,phishing,1
4825.0,0,0.128440367,0.871559633,43.47826087,0.285714286,44,0.0,4,9,13,6.666666667,1,1,legitimate,0
4405.0,0,0.0,1.0,0.0,0.0,150,0.4866666670000001,7,88,40,32.66666667,1,17,phishing,1
570.0,0,0.0,0.0,0.0,0.0,39,0.0,4,14,22,3.0,1,3,phishing,1
3381.0,2,0.757575758,0.242424242,70.0,0.0,64,0.0,9,8,15,4.857142857,1,3,phishing,1
4681.0,0,0.0,0.0,0.0,0.0,106,0.160377358,14,12,20,5.5,1,6,phishing,1
5075.0,0,0.019230769,0.980769231,100.0,0.0,34,0.0,3,9,20,4.0,0,0,phishing,1
7133.0,0,0.096107056,0.903892944,63.92694064,0.291139241,65,0.0,9,13,16,4.857142857,0,1,legitimate,0
2290.0,3,0.757575758,0.242424242,70.0,0.0,60,0.033333333,10,7,14,3.875,1,3,phishing,1
896.0,0,0.142857143,0.857142857,0.0,1.0,25,0.0,2,10,14,2.0,1,0,phishing,1
6901.0,0,0.373626374,0.626373626,11.94029851,0.014705882,39,0.128205128,4,13,21,4.5,1,5,legitimate,0
3899.0,0,0.029850746,0.970149254,89.74358974,0.5,38,0.0,6,5,15,4.333333333,0,3,legitimate,0
5075.0,0,0.090909091,0.909090909,0.0,0.0,129,0.023255814,15,15,8,6.714285714,1,0,phishing,1
9224.0,0,0.192857143,0.807142857,31.57894737,0.481481481,52,0.0,7,8,15,4.8,0,3,legitimate,0
5075.0,0,0.0,0.0,0.0,0.0,30,0.3666666670000001,9,7,14,3.6,1,2,phishing,1
7449.0,0,0.380952381,0.6190476189999999,33.33333333,0.075,33,0.0,2,10,24,0.0,1,4,legitimate,0
7287.0,0,0.625,0.375,0.0,0.0,118,0.0762711859999999,12,15,27,7.4,0,12,legitimate,0
2625.0,0,0.0862068969999999,0.913793103,100.0,0.0,27,0.0,2,10,20,0.0,1,0,legitimate,0
11192.0,0,0.0,0.0,0.0,0.0,78,0.166666667,13,7,16,4.0,1,5,legitimate,0
2839.0,0,0.0,1.0,0.0,0.0,35,0.028571429,3,11,27,0.0,1,3,phishing,1
5075.0,0,0.028571429,0.971428571,96.0,0.25,32,0.0,3,12,18,5.0,1,0,phishing,1
5615.0,2,0.818181818,0.181818182,25.0,0.166666667,64,0.0625,10,9,39,3.5,1,2,phishing,1
189.0,0,0.0,1.0,0.0,0.0,38,0.078947368,3,9,29,0.0,1,0,phishing,1
4996.0,0,0.164179104,0.835820896,100.0,0.181818182,24,0.0,2,4,15,0.0,1,4,legitimate,0
3526.0,0,0.244897959,0.7551020409999999,93.33333333,0.333333333,68,0.0,6,22,15,10.5,1,5,legitimate,0
3993.0,0,0.0,1.0,100.0,0.0,126,0.166666667,12,17,50,8.142857142999999,1,8,phishing,1
7130.0,0,0.056047198,0.943952802,72.46376812,0.473684211,41,0.0,5,9,16,4.666666667,0,0,legitimate,0
7134.0,0,0.088372093,0.911627907,58.69565217,0.263157895,48,0.0,6,9,16,5.0,0,1,legitimate,0
3904.0,0,0.666666667,0.333333333,25.0,0.333333333,29,0.0,2,13,21,0.0,1,4,legitimate,0
2980.0,0,0.138888889,0.8611111109999999,25.0,0.0,24,0.0,2,7,15,0.0,1,3,legitimate,0
7427.0,2,0.00309119,0.99690881,100.0,0.0,50,0.02,7,9,17,4.0,1,4,legitimate,0
3992.0,0,0.0,1.0,100.0,0.0,126,0.119047619,13,17,50,7.375,1,2,phishing,1
8627.0,0,0.056497175,0.943502825,92.0,0.0,39,0.0,5,8,11,5.333333333,0,4,legitimate,0
2047.0,3,0.102272727,0.897727273,85.71428571,0.5555555560000001,102,0.196078431,9,32,15,9.0,1,8,phishing,1
2425.0,0,0.391304348,0.608695652,38.88888889,0.222222222,31,0.064516129,2,15,23,0.0,1,3,legitimate,0
5826.0,0,0.0,0.0,0.0,0.0,86,0.279069767,8,32,22,13.0,1,5,phishing,1
6068.0,0,0.455598456,0.544401544,98.8372093,0.144067797,78,0.102564103,11,9,16,4.888888889,1,5,legitimate,0
3477.0,0,0.833333333,0.166666667,7.96460177,0.043478261,29,0.0,2,9,20,0.0,1,3,legitimate,0
8965.0,0,0.252158895,0.747841105,66.66666667,0.006849315,33,0.212121212,4,7,12,6.0,0,4,legitimate,0
7.0,0,1.0,0.0,0.0,0.125,27,0.0,3,6,12,6.0,1,1,phishing,1
5075.0,0,0.166666667,0.833333333,71.42857143,0.5,24,0.0,2,8,15,0.0,1,3,legitimate,0
6096.0,0,0.1548672569999999,0.845132743,48.48484848,0.171428571,39,0.0,3,12,20,9.0,0,3,legitimate,0
5903.0,0,0.2421875,0.7578125,0.0,1.419354839,28,0.0,3,6,21,0.0,1,0,legitimate,0
5627.0,0,0.022321429,0.977678571,92.85714286,0.0,102,0.107843137,6,47,24,16.5,1,3,phishing,1
4153.0,0,0.005763689,0.994236311,100.0,0.0,43,0.0,5,11,18,5.0,1,3,legitimate,0
4764.0,0,0.636363636,0.363636364,74.35897436,0.380952381,27,0.0,2,11,19,0.0,0,3,legitimate,0
9744.0,0,0.5625,0.4375,23.07692308,0.481481481,101,0.079207921,15,11,17,4.846153846,0,1,legitimate,0
3163.0,0,0.325581395,0.674418605,16.66666667,0.857142857,60,0.0,7,10,28,7.333333333,1,5,legitimate,0
5075.0,0,0.048672566,0.951327434,55.26315789,0.363636364,38,0.0,6,6,13,3.5,1,4,legitimate,0
2088.0,0,0.0,0.0,0.0,0.0,19,0.0,1,6,10,0.0,1,0,phishing,1
4162.0,0,0.121621622,0.878378378,60.0,0.444444444,137,0.262773723,38,7,15,2.111111111,0,4,legitimate,0
5075.0,1,0.0,0.0,0.0,0.0,263,0.1292775669999999,24,60,179,5.909090909,1,9,phishing,1
5075.0,0,0.454545455,0.545454545,100.0,0.1,22,0.181818182,2,7,6,7.0,1,0,phishing,1
918.0,4,0.0,1.0,100.0,0.0,89,0.011235955,11,17,21,5.1,1,0,phishing,1
5890.0,0,0.706896552,0.293103448,25.0,0.146341463,28,0.0,2,11,19,0.0,0,3,legitimate,0
8046.0,0,0.100719424,0.8992805759999999,40.0,0.214285714,49,0.020408163,4,13,26,7.0,0,3,legitimate,0
5616.0,1,0.818181818,0.181818182,25.0,0.166666667,45,0.066666667,6,7,36,0.0,1,3,phishing,1
5442.0,0,0.8274111679999999,0.172588832,5.555555556,0.09202454,30,0.0,2,10,22,0.0,1,0,phishing,1
3188.0,2,0.0,0.0,0.0,0.0,54,0.0,6,12,10,6.4,1,1,phishing,1
5075.0,0,0.5,0.5,63.63636364,0.153846154,29,0.0,2,15,22,0.0,1,3,legitimate,0
3977.0,1,0.166666667,0.833333333,0.0,0.0,86,0.0,11,13,16,5.3,1,0,phishing,1
1.0,0,0.0,0.0,0.0,0.0,26,0.076923077,2,10,18,0.0,1,0,phishing,1
4549.0,0,0.175438596,0.8245614040000001,100.0,0.066666667,83,0.108433735,9,12,20,6.857142857,1,3,legitimate,0
1.0,0,0.25,0.75,0.0,0.0,49,0.0,4,15,28,5.5,1,0,phishing,1
8969.0,0,0.257657658,0.742342342,66.66666667,0.006993007,33,0.212121212,4,7,12,6.0,0,3,legitimate,0
9205.0,0,0.243478261,0.7565217390000001,21.875,0.357142857,40,0.0,4,10,18,6.5,0,3,legitimate,0
8697.0,0,0.056818182,0.943181818,71.42857143,0.2,56,0.0,7,10,18,5.0,1,3,legitimate,0
3873.0,0,0.216049383,0.783950617,67.64705882,0.228571429,27,0.0,2,11,18,0.0,0,3,legitimate,0
4821.0,0,0.1578947369999999,0.842105263,0.0,0.055555556,70,0.0,8,10,33,6.5,1,3,legitimate,0
65.0,2,0.0,0.0,0.0,0.0,128,0.0546875,10,35,120,0.0,1,6,phishing,1
5075.0,0,0.0,0.0,0.0,0.0,25,0.12,2,11,6,11.0,1,0,phishing,1
8517.0,0,0.578231293,0.421768707,100.0,0.0,33,0.0,3,8,16,7.0,0,4,legitimate,0
3118.0,0,0.440677966,0.559322034,50.0,0.128205128,52,0.0,5,10,16,8.333333332999999,0,3,legitimate,0
7318.0,0,0.392156863,0.607843137,9.6,0.014285714,31,0.0,2,14,22,0.0,1,3,legitimate,0
7295.0,0,1.0,0.0,0.0,0.0,41,0.097560976,2,19,32,0.0,1,1,phishing,1
6022.0,0,0.148148148,0.851851852,100.0,0.0,33,0.0,2,16,24,0.0,1,4,legitimate,0
1.0,0,0.0,0.0,0.0,0.0,32,0.0,2,11,23,0.0,1,2,phishing,1
3346.0,0,0.294117647,0.705882353,33.33333333,0.0,66,0.03030303,8,22,30,3.833333333,1,3,legitimate,0
5409.0,1,0.485714286,0.514285714,59.375,0.235294118,85,0.094117647,13,9,14,4.6363636360000005,0,5,legitimate,0
7129.0,0,0.132516704,0.867483296,69.94949495,0.378151261,52,0.0,5,10,20,7.0,0,3,legitimate,0
4300.0,0,0.533333333,0.466666667,56.0,0.375,109,0.055045872,13,11,19,6.454545455,1,5,legitimate,0
2785.0,0,0.75,0.25,12.5,0.033333333,84,0.0,8,16,20,7.0,1,0,legitimate,0
8346.0,2,1.0,0.0,0.0,0.0,110,0.127272727,8,30,16,13.33333333,0,6,phishing,1
1095.0,3,0.230769231,0.7692307690000001,33.33333333,0.0,171,0.304093567,14,32,25,9.692307692,1,6,phishing,1
5075.0,0,0.1,0.9,0.0,0.0,17,0.0,1,6,9,0.0,0,1,legitimate,0
7557.0,0,0.0,1.0,100.0,0.0,19,0.0,1,9,12,0.0,0,0,legitimate,0
5075.0,1,0.0,1.0,0.0,0.0,98,0.285714286,18,25,14,5.571428571,1,4,phishing,1
2581.0,0,0.538461538,0.461538462,100.0,0.0,32,0.0,2,10,24,0.0,1,5,phishing,1
5075.0,0,0.13740458,0.86259542,25.0,0.0,28,0.0,2,9,20,0.0,0,5,legitimate,0
7083.0,0,1.0,0.0,0.0,0.0,64,0.03125,7,15,31,4.0,1,2,phishing,1
7133.0,0,0.084889643,0.915110357,61.24031008,0.28,40,0.0,4,10,16,7.0,0,0,legitimate,0
8019.0,0,0.884615385,0.115384615,0.0,0.0,132,0.113636364,10,46,32,11.85714286,1,2,phishing,1
8019.0,0,1.0,0.0,0.0,0.0,124,0.048387097,15,27,24,6.5,1,4,phishing,1
3747.0,1,0.045454545,0.954545455,100.0,0.0,51,0.0,6,14,18,4.2,1,1,phishing,1
5075.0,1,0.46,0.54,41.66666667,0.347826087,141,0.290780142,4,75,48,40.5,1,4,phishing,1
3993.0,0,0.0,1.0,100.0,0.0,126,0.126984127,13,17,50,7.375,1,2,phishing,1
4924.0,0,0.5,0.5,100.0,0.0,21,0.0,1,7,14,0.0,1,1,legitimate,0
11205.0,0,0.0,1.0,0.0,0.0,53,0.037735849,7,13,14,5.2,1,5,legitimate,0
5075.0,0,0.244444444,0.7555555559999999,57.89473684,0.227272727,27,0.0,2,10,18,0.0,0,3,legitimate,0
1379.0,0,0.019607843,0.980392157,100.0,0.0,76,0.276315789,6,32,14,10.0,1,2,phishing,1
4133.0,0,0.24137931,0.75862069,50.0,0.214285714,79,0.0,9,24,32,4.571428571,1,9,legitimate,0
5767.0,0,0.033333333,0.966666667,100.0,0.0,77,0.207792208,4,32,23,14.66666667,1,2,phishing,1
7169.0,0,0.03875969,0.96124031,95.83333333,0.0,35,0.0,4,10,18,3.0,0,3,legitimate,0
6842.0,0,0.005208333,0.994791667,100.0,2.0,56,0.0,6,13,21,5.75,0,3,legitimate,0
7705.0,0,0.0,0.0,0.0,0.0,49,0.081632653,6,14,22,4.0,1,3,legitimate,0
6769.0,0,0.161825726,0.8381742740000001,85.71428571,0.025641026,41,0.0,4,12,20,6.0,0,3,legitimate,0
5075.0,0,0.1,0.9,85.71428571,0.333333333,84,0.273809524,6,32,20,10.4,1,4,phishing,1
8309.0,0,0.379310345,0.620689655,52.94117647,0.272727273,29,0.0,2,12,20,0.0,1,4,legitimate,0
5075.0,0,0.03030303,0.96969697,46.15384615,0.125,21,0.0,2,5,12,0.0,0,3,legitimate,0
5572.0,0,0.0,1.0,0.0,0.0,35,0.0,5,5,13,4.0,1,3,legitimate,0
5075.0,0,0.222222222,0.7777777779999999,100.0,0.0,28,0.0,4,4,19,0.0,0,4,legitimate,0
5075.0,0,0.0,1.0,100.0,0.0,97,0.0,12,14,25,5.4,1,4,phishing,1
2744.0,0,0.0,0.0,0.0,0.0,36,0.0,2,13,14,13.0,1,0,phishing,1
8176.0,0,0.163461538,0.836538462,22.72727273,0.411764706,63,0.0,7,11,19,6.2,1,4,legitimate,0
3086.0,0,0.220588235,0.779411765,50.0,0.266666667,24,0.0,1,11,17,0.0,1,0,legitimate,0
7295.0,0,0.928571429,0.071428571,14.28571429,0.846153846,40,0.025,2,20,33,0.0,1,0,phishing,1
4505.0,5,0.0,1.0,100.0,0.0,85,0.0,11,12,17,5.1,1,0,phishing,1
5627.0,0,0.5301204820000001,0.469879518,56.92307692,0.363636364,56,0.107142857,8,7,39,4.0,1,1,phishing,1
393.0,1,0.857142857,0.142857143,0.0,0.0,49,0.0,6,8,11,5.2,1,1,phishing,1
5075.0,0,0.0,1.0,0.0,0.0,23,0.0,2,7,10,4.0,1,0,phishing,1
2232.0,3,0.409090909,0.590909091,100.0,0.0,64,0.0,8,12,16,4.714285714,1,1,phishing,1
205.0,0,0.611111111,0.388888889,0.0,0.0,46,0.043478261,7,11,20,2.4,1,1,phishing,1
1880.0,0,0.0,1.0,0.0,0.0,36,0.0,5,6,9,4.0,1,0,phishing,1
5904.0,0,0.081081081,0.918918919,25.0,0.0,29,0.068965517,2,11,22,0.0,1,0,legitimate,0
6831.0,0,0.067961165,0.932038835,0.0,0.285714286,55,0.054545455,4,18,28,18.0,1,4,phishing,1
6260.0,0,0.097222222,0.902777778,53.33333333,0.0,45,0.0,3,17,25,12.0,1,4,legitimate,0
5075.0,0,0.19379845,0.80620155,34.375,0.32,33,0.0,2,17,25,0.0,1,3,legitimate,0
5075.0,5,0.066666667,0.933333333,85.71428571,1.0,231,0.398268398,14,64,23,14.38461538,1,9,phishing,1
5075.0,0,0.0,1.0,100.0,0.0,30,0.0,3,10,17,4.0,1,3,phishing,1
6749.0,0,0.138888889,0.8611111109999999,25.0,0.2,31,0.0,2,15,23,0.0,1,3,legitimate,0
5075.0,0,0.428571429,0.571428571,40.0,0.666666667,27,0.0,3,5,18,0.0,1,3,legitimate,0
5767.0,0,0.033333333,0.966666667,100.0,0.0,81,0.259259259,5,32,27,14.66666667,1,4,phishing,1
7913.0,0,0.138613861,0.861386139,41.66666667,0.0,58,0.120689655,7,8,16,5.8,1,4,legitimate,0
7296.0,0,0.5555555560000001,0.444444444,30.0,0.0,28,0.0,2,8,19,0.0,1,0,legitimate,0
2568.0,0,0.053797468,0.946202532,87.87878788,0.058823529,25,0.0,2,8,16,0.0,0,3,legitimate,0
1302.0,0,0.242990654,0.7570093459999999,48.14814815,1.0,87,0.022988506,10,10,13,6.444444444,1,1,phishing,1
5230.0,0,0.021276596,0.978723404,0.0,0.0,28,0.0,2,8,19,0.0,1,1,legitimate,0
5956.0,0,0.0,1.0,0.0,0.0,133,0.060150376,19,13,13,5.529411765,0,0,legitimate,0
5075.0,0,0.203125,0.796875,0.0,0.0,26,0.0,2,6,17,0.0,0,3,legitimate,0
6478.0,0,0.157303371,0.8426966290000001,21.42857143,0.642857143,36,0.0,4,12,15,3.333333333,1,1,phishing,1
990.0,1,0.166666667,0.833333333,100.0,0.0,29,0.0,2,11,15,5.0,0,1,phishing,1
7295.0,0,0.928571429,0.071428571,14.28571429,0.230769231,37,0.0,3,8,28,0.0,1,1,phishing,1
4893.0,0,0.028985507,0.971014493,100.0,0.0,33,0.0,2,16,24,0.0,0,3,legitimate,0
5886.0,0,0.066420664,0.933579336,92.85714286,0.055555556,47,0.0,7,8,15,4.0,0,4,legitimate,0
7753.0,0,0.138888889,0.8611111109999999,0.0,0.8,26,0.115384615,2,9,17,0.0,0,3,legitimate,0
4250.0,0,0.0,1.0,0.0,0.0,93,0.021505376,14,8,22,4.818181818,1,0,phishing,1
12706.0,0,0.0,1.0,100.0,0.0,44,0.0,5,8,27,8.0,1,1,legitimate,0
7308.0,0,0.0,1.0,0.0,0.0,34,0.0,2,13,26,0.0,1,0,phishing,1
2190.0,0,0.615384615,0.384615385,64.0625,0.3125,63,0.0,8,14,22,4.5,1,4,legitimate,0
5613.0,0,0.368421053,0.6315789470000001,100.0,0.0,56,0.1607142859999999,8,7,36,5.0,1,2,phishing,1
5614.0,0,0.0,0.0,0.0,0.0,28,0.107142857,2,8,20,0.0,1,2,phishing,1
4478.0,0,0.75,0.25,22.22222222,0.333333333,51,0.0,8,6,21,4.75,1,3,legitimate,0
3141.0,0,0.118918919,0.8810810809999999,26.08695652,0.681818182,50,0.06,5,12,16,5.75,1,3,phishing,1
7696.0,0,0.333333333,0.666666667,0.0,2.0,70,0.085714286,8,11,17,6.666666667,0,6,legitimate,0
5075.0,0,0.80952381,0.19047619,0.0,0.176470588,41,0.048780488,6,9,12,4.25,1,3,legitimate,0
5615.0,0,0.277227723,0.722772277,90.90909091,0.0,74,0.094594595,8,14,17,7.333333333,1,5,legitimate,0
8018.0,0,0.039473684,0.960526316,37.5,0.0,26,0.0,2,9,17,0.0,1,3,legitimate,0
4093.0,0,0.144654088,0.855345912,45.16129032,0.826086957,114,0.052631579,16,11,19,5.214285714,1,8,legitimate,0
5075.0,3,0.0,1.0,0.0,0.0,49,0.0,4,23,26,4.333333333,1,1,phishing,1
5075.0,0,0.80952381,0.19047619,22.22222222,0.470588235,26,0.0,2,10,17,0.0,0,3,legitimate,0
9897.0,0,0.409836066,0.590163934,82.05128205,0.0,42,0.0,5,7,14,5.333333333,1,3,legitimate,0
1352.0,0,0.252336449,0.7476635509999999,17.24137931,0.111111111,28,0.0,1,16,19,0.0,0,1,legitimate,0
5075.0,0,1.0,0.0,0.0,0.0,29,0.0,2,12,20,0.0,0,3,legitimate,0
5075.0,0,0.7826086959999999,0.217391304,75.0,0.013888889,32,0.0,3,8,15,8.0,1,3,legitimate,0
2706.0,0,0.047619048,0.952380952,100.0,0.0,34,0.029411765,3,8,25,0.0,1,0,phishing,1
3934.0,0,0.0,0.0,0.0,0.0,51,0.0,6,16,27,4.333333333,1,3,phishing,1
7596.0,1,0.309859155,0.690140845,15.78947368,0.227272727,78,0.0,10,11,17,5.5,0,4,legitimate,0
3429.0,0,0.244186047,0.755813953,4.545454545,0.142857143,43,0.0,5,8,29,6.0,1,1,phishing,1
8018.0,0,1.0,0.0,0.0,0.0,154,0.090909091,16,46,28,7.615384615,1,1,phishing,1
3345.0,0,0.6931407940000001,0.306859206,61.9047619,0.145833333,35,0.0,2,16,26,0.0,1,4,legitimate,0
5075.0,0,0.096774194,0.903225806,0.0,0.0,54,0.0,5,14,22,7.333333333,1,4,legitimate,0
3047.0,0,0.7826086959999999,0.217391304,0.0,0.166666667,35,0.0,2,19,27,0.0,0,3,legitimate,0
1549.0,0,0.0,0.0,0.0,0.0,25,0.0,1,7,16,0.0,1,0,legitimate,0
1626.0,0,0.359375,0.640625,9.090909091,0.173913043,27,0.0,2,11,19,0.0,1,3,legitimate,0
5075.0,1,0.84,0.16,30.76923077,0.428571429,61,0.147540984,13,16,12,5.0,1,2,phishing,1
4748.0,0,0.470588235,0.529411765,33.33333333,0.375,41,0.0,3,22,30,3.0,1,3,phishing,1
5075.0,0,0.5,0.5,0.0,0.0,47,0.0,6,9,13,4.4,1,0,phishing,1
5075.0,0,0.0,1.0,100.0,0.0,19,0.0,2,4,11,0.0,0,3,legitimate,0
5098.0,0,0.0,1.0,0.0,0.0,38,0.0,4,10,18,5.0,1,5,legitimate,0
3167.0,0,0.5780346820000001,0.421965318,52.52525253,0.21,64,0.09375,9,12,19,5.333333333,1,5,legitimate,0
4096.0,3,0.694444444,0.305555556,19.31818182,0.04,271,0.3099631,20,64,20,12.55555556,1,24,phishing,1
118.0,2,0.666666667,0.333333333,0.0,1.0,50,0.0,5,13,10,7.0,0,0,phishing,1
7785.0,0,0.03539823,0.96460177,72.72727273,0.625,80,0.0875,11,12,23,4.333333333,1,2,legitimate,0
219.0,0,0.0,1.0,0.0,0.0,67,0.0,6,24,28,5.2,1,0,phishing,1
8018.0,0,0.727272727,0.272727273,0.0,0.0,282,0.209219858,26,43,30,9.52173913,1,5,phishing,1
8018.0,0,1.0,0.0,0.0,0.0,144,0.041666667,14,34,37,7.818181817999999,1,3,phishing,1
1244.0,0,0.166666667,0.833333333,0.0,0.0,52,0.076923077,5,16,20,5.25,1,0,phishing,1
7555.0,0,0.046052632,0.953947368,71.42857143,0.285714286,28,0.0,2,11,19,0.0,0,3,legitimate,0
8045.0,0,0.129032258,0.870967742,62.5,0.0,50,0.0,6,12,20,4.5,1,3,legitimate,0
1408.0,0,0.0,1.0,0.0,0.0,60,0.216666667,11,8,19,3.25,1,0,legitimate,0
5222.0,0,0.29015544,0.70984456,37.70491803,0.1607142859999999,87,0.022988506,8,14,18,9.166666667,1,3,legitimate,0
155.0,0,0.006622517,0.993377483,100.0,0.0,35,0.114285714,4,10,18,4.0,1,9,phishing,1
4701.0,1,0.0,0.0,0.0,0.0,102,0.245098039,10,38,15,9.0,1,3,phishing,1
7534.0,0,0.421052632,0.578947368,33.33333333,0.083333333,63,0.142857143,4,26,23,14.5,1,5,legitimate,0
2837.0,0,0.0,0.0,0.0,0.0,36,0.0,3,11,27,0.0,1,1,phishing,1
7714.0,0,0.071428571,0.928571429,80.0,0.2,21,0.0,2,4,12,0.0,0,4,legitimate,0
9338.0,1,0.0,0.0,0.0,0.0,238,0.31512605,31,16,17,6.310344828,1,9,phishing,1
5075.0,0,0.050632911,0.949367089,66.66666667,0.75,36,0.277777778,10,11,13,4.0,1,2,phishing,1
6636.0,0,0.1,0.9,0.0,0.0,38,0.0,2,21,29,0.0,1,4,legitimate,0
5075.0,0,0.027777778,0.972222222,50.0,0.0,88,0.170454545,17,21,14,5.230769231,1,5,phishing,1
7062.0,0,0.067961165,0.932038835,0.0,0.285714286,29,0.0,2,12,21,0.0,1,1,phishing,1
5075.0,0,0.0,0.0,0.0,0.0,27,0.0,3,10,17,2.0,1,3,phishing,1
8346.0,0,0.56,0.44,0.0,0.0,101,0.108910891,8,34,15,12.0,1,3,phishing,1
5075.0,0,0.121359223,0.878640777,66.66666667,0.16,18,0.0,1,4,11,0.0,1,0,legitimate,0
7006.0,0,0.0,1.0,0.0,0.0,27,0.0,3,7,15,3.0,1,3,phishing,1
8349.0,0,1.0,0.0,0.0,0.0,28,0.035714286,3,6,15,4.0,0,1,legitimate,0
2357.0,2,0.0,1.0,100.0,0.0,36,0.027777778,4,10,14,4.0,1,0,phishing,1
7371.0,0,0.1,0.9,66.66666667,0.125,53,0.0,6,16,14,7.0,1,3,legitimate,0
5589.0,1,0.005617978,0.994382022,66.66666667,0.0,66,0.151515152,9,8,13,5.571428571,0,5,phishing,1
7295.0,0,0.928571429,0.071428571,14.28571429,0.846153846,35,0.0,2,13,26,0.0,1,1,phishing,1
968.0,0,0.9,0.1,0.0,0.0,27,0.037037037,2,9,13,5.0,1,1,phishing,1
5075.0,0,0.065789474,0.934210526,28.57142857,1.0,21,0.476190476,8,3,13,2.5,1,0,phishing,1
7380.0,0,0.309352518,0.690647482,20.51282051,0.465116279,123,0.056910569,19,11,19,4.705882353,0,5,legitimate,0
6723.0,0,0.0,1.0,0.0,0.0,47,0.0,5,10,18,6.333333333,1,4,legitimate,0
5280.0,0,0.0808080809999999,0.919191919,33.33333333,0.125,59,0.033898305,8,8,15,5.0,1,3,legitimate,0
5075.0,0,1.0,0.0,0.0,0.017857143,15,0.066666667,2,3,4,3.0,1,0,phishing,1
8704.0,0,0.169014085,0.830985915,25.0,0.0,26,0.0,2,10,18,0.0,1,3,legitimate,0
5612.0,0,0.055555556,0.944444444,100.0,0.0,82,0.109756098,13,8,36,4.428571429,1,2,phishing,1
6216.0,0,0.138613861,0.861386139,17.64705882,0.071428571,77,0.0,9,10,16,6.571428571,0,2,legitimate,0
6672.0,1,0.158490566,0.8415094340000001,8.333333332999999,0.285714286,38,0.078947368,6,6,13,3.25,0,3,phishing,1
7295.0,0,0.928571429,0.071428571,14.28571429,0.230769231,39,0.0,2,19,32,0.0,1,0,phishing,1
7266.0,0,0.031830239,0.968169761,55.55555556,0.5,42,0.0,4,11,15,8.5,0,3,legitimate,0
4805.0,0,0.226804124,0.773195876,68.75,0.227272727,33,0.0,3,11,19,4.0,0,3,legitimate,0
7296.0,0,1.0,0.0,0.0,0.0,53,0.0,6,8,36,8.0,1,1,phishing,1
3081.0,0,0.041666667,0.958333333,100.0,0.0,44,0.045454545,6,7,16,4.25,1,3,legitimate,0
2101.0,0,0.625,0.375,42.85714286,0.066666667,23,0.0,2,8,15,0.0,0,4,legitimate,0
903.0,0,0.142857143,0.857142857,71.42857143,0.0,17,0.0,1,7,10,0.0,1,0,legitimate,0
2063.0,0,0.857142857,0.142857143,20.0,0.0,26,0.0,2,10,18,0.0,0,3,legitimate,0
3992.0,0,0.0,1.0,100.0,0.0,129,0.15503876,13,17,54,8.142857142999999,1,7,phishing,1
808.0,0,0.0,1.0,100.0,0.0,42,0.119047619,4,7,34,0.0,1,0,phishing,1
6673.0,0,0.40776699,0.59223301,11.53846154,0.0,52,0.038461538,5,11,19,7.666666667,1,3,legitimate,0
1846.0,0,0.5,0.5,0.0,0.333333333,27,0.037037037,2,11,19,0.0,0,3,legitimate,0
7159.0,0,0.048109966,0.951890034,85.91549296,0.7142857140000001,43,0.139534884,6,8,14,4.5,1,0,legitimate,0
7297.0,0,0.896551724,0.103448276,21.8487395,0.538461538,28,0.0,3,8,20,0.0,1,0,legitimate,0
7969.0,1,0.0,0.0,0.0,0.0,97,0.041237113,11,13,21,6.555555556,1,6,legitimate,0
2634.0,0,1.0,0.0,0.0,0.0,28,0.0,2,9,20,0.0,1,2,phishing,1
1617.0,0,0.916666667,0.083333333,23.21428571,0.629370629,27,0.0,2,11,19,0.0,1,3,legitimate,0
674.0,0,0.5555555560000001,0.444444444,0.0,0.56,35,0.0,4,9,19,3.5,1,0,phishing,1
8683.0,0,0.152284264,0.8477157359999999,55.55555556,0.033333333,62,0.0,6,11,19,7.75,1,4,legitimate,0
4003.0,0,0.0,1.0,100.0,0.0,127,0.188976378,13,17,50,7.375,1,2,phishing,1
7359.0,0,1.0,0.0,0.0,0.583333333,29,0.068965517,2,15,22,0.0,1,0,phishing,1
4001.0,0,1.0,0.0,0.0,1.0,33,0.0,3,9,16,8.0,1,3,phishing,1
6344.0,1,0.034482759,0.965517241,73.91304348,1.0,72,0.083333333,11,9,17,4.333333333,0,3,legitimate,0
4180.0,0,0.05106383,0.94893617,84.61538462,0.25,33,0.0,2,17,25,0.0,0,3,legitimate,0
9202.0,0,0.215384615,0.784615385,19.35483871,0.357142857,40,0.0,4,10,18,6.5,0,4,legitimate,0
5616.0,0,0.80952381,0.19047619,25.0,0.176470588,61,0.016393443,8,9,42,5.0,1,1,phishing,1
3727.0,0,0.71942446,0.28057554,2.127659574,0.09,51,0.0,4,24,32,4.5,1,4,legitimate,0
9486.0,0,0.1372549019999999,0.862745098,53.84615385,0.428571429,44,0.0,5,8,10,5.5,0,0,legitimate,0
4967.0,0,0.333333333,0.666666667,0.0,0.0,259,0.11969112,4,231,12,118.5,1,4,phishing,1
2736.0,0,0.291666667,0.708333333,100.0,0.0,57,0.0,6,14,21,6.0,1,5,phishing,1
1259.0,0,0.135135135,0.864864865,0.0,0.0,31,0.0,2,14,22,0.0,1,3,legitimate,0
5075.0,0,0.0,1.0,100.0,0.0,47,0.0,5,8,15,5.25,1,0,phishing,1
2230.0,0,0.292307692,0.7076923079999999,80.95238095,0.684210526,93,0.0,12,11,26,5.0,1,2,legitimate,0
9201.0,0,0.135416667,0.864583333,33.33333333,0.0,49,0.0,5,10,18,7.0,0,6,legitimate,0
5075.0,0,0.016085791,0.983914209,98.55072464,0.0,22,0.0,2,6,13,0.0,0,3,legitimate,0
5075.0,0,0.03125,0.96875,78.57142857,1.0,45,0.0,4,13,21,7.0,0,3,legitimate,0
8019.0,2,0.884615385,0.115384615,0.0,0.0,105,0.095238095,9,46,29,10.0,1,1,phishing,1
14.0,1,0.543209877,0.456790123,0.0,0.977272727,109,0.064220183,9,47,21,10.42857143,1,1,phishing,1
4274.0,0,0.0,1.0,0.0,0.0,40,0.0,2,25,33,0.0,1,4,legitimate,0
5075.0,1,0.513157895,0.486842105,5.0,0.128205128,24,0.208333333,2,11,5,11.0,1,0,phishing,1
852.0,0,0.5375,0.4625,37.5,0.0,37,0.0,4,9,17,5.0,0,5,phishing,1
7422.0,0,1.0,0.0,0.0,0.0,152,0.0,23,11,13,5.2380952380000005,0,4,legitimate,0
3993.0,0,0.0,1.0,100.0,0.0,124,0.177419355,13,17,46,7.375,1,8,phishing,1
6951.0,0,0.529411765,0.470588235,0.0,0.0,35,0.114285714,3,12,15,12.0,1,3,phishing,1
3993.0,0,0.0,1.0,100.0,0.0,126,0.19047619,13,17,50,7.375,1,2,phishing,1
5440.0,0,0.896103896,0.103896104,5.128205128,0.304347826,51,0.1372549019999999,7,12,24,3.0,1,0,legitimate,0
1656.0,0,0.411764706,0.588235294,100.0,0.095238095,126,0.373015873,12,32,61,8.666666667000001,1,7,phishing,1
6256.0,0,0.139303483,0.860696517,53.33333333,0.0,49,0.0,3,17,25,16.0,1,7,legitimate,0
2879.0,0,0.450980392,0.5490196079999999,62.5,0.0,46,0.0,4,11,17,9.0,1,3,legitimate,0
8520.0,0,0.645669291,0.354330709,100.0,0.0,31,0.0,3,8,16,6.0,0,4,legitimate,0
8831.0,0,0.151515152,0.848484848,20.0,0.0,45,0.0,6,7,15,4.75,0,3,legitimate,0
7449.0,0,0.540740741,0.459259259,26.08695652,0.397260274,36,0.0,2,13,27,0.0,1,1,legitimate,0
3232.0,0,0.253164557,0.7468354429999999,100.0,0.1,56,0.089285714,6,10,29,5.666666667,1,0,legitimate,0
6672.0,0,0.403846154,0.596153846,11.53846154,0.0,54,0.037037037,5,11,19,8.333333332999999,1,4,legitimate,0
3993.0,0,0.0,1.0,100.0,0.0,76,0.118421053,7,15,50,8.5,1,4,phishing,1
1991.0,0,0.333333333,0.666666667,62.5,0.666666667,29,0.0,2,12,20,0.0,1,3,legitimate,0
8348.0,0,1.0,0.0,0.0,0.0,70,0.057142857,8,20,16,6.666666667,0,5,phishing,1
5075.0,0,0.029411765,0.970588235,50.0,0.0,22,0.5,8,3,14,2.75,1,0,phishing,1
5230.0,0,0.529411765,0.470588235,0.0,0.111111111,46,0.0,2,27,38,0.0,1,1,legitimate,0
5883.0,0,0.113360324,0.8866396759999999,84.92063492,0.035714286,53,0.0,7,10,15,5.2,0,5,legitimate,0
4097.0,1,0.554054054,0.445945946,17.39130435,0.073170732,105,0.00952381,13,12,20,6.090909091,1,3,phishing,1
7685.0,0,0.0,1.0,0.0,0.0,64,0.203125,7,7,18,6.4,1,3,legitimate,0
3097.0,0,0.047258979,0.952741021,50.0,0.08,29,0.0,2,12,20,0.0,1,3,legitimate,0
7403.0,0,0.0,1.0,100.0,0.0,47,0.0,5,10,18,6.333333333,1,3,legitimate,0
1658.0,0,1.0,0.0,0.0,0.027027027,126,0.30952381,12,32,61,8.666666667000001,1,5,phishing,1
7448.0,0,0.704225352,0.295774648,78.04878049,0.16,37,0.0,2,14,28,0.0,1,2,legitimate,0
9247.0,0,0.013888889,0.986111111,0.0,0.5,42,0.0,5,12,20,3.666666667,1,3,legitimate,0
1617.0,0,0.254385965,0.745614035,84.61538462,0.379310345,15,0.0,1,5,8,0.0,0,0,legitimate,0
2595.0,0,0.0,0.0,0.0,0.0,44,0.159090909,5,12,13,7.0,1,4,legitimate,0
8705.0,1,0.0,0.0,0.0,0.0,71,0.0,9,8,23,5.833333333,1,3,legitimate,0
6028.0,0,0.219512195,0.780487805,50.0,0.111111111,72,0.027777778,7,21,25,5.5,1,0,phishing,1
8125.0,1,0.14893617,0.85106383,12.5,0.19047619,48,0.0,5,16,24,4.333333333,1,3,legitimate,0
5200.0,0,0.124260355,0.875739645,84.0,0.285714286,29,0.068965517,3,7,22,0.0,1,0,legitimate,0
6693.0,0,0.397769517,0.6022304829999999,0.0,0.074766355,71,0.211267606,7,24,17,8.2,1,1,legitimate,0
7299.0,0,0.637254902,0.362745098,10.0,0.123076923,32,0.03125,2,11,24,0.0,1,0,legitimate,0
4942.0,0,0.0,0.0,0.0,0.0,59,0.389830508,3,32,18,32.0,1,2,phishing,1
5257.0,1,0.0,1.0,0.0,0.0,55,0.0,4,12,28,9.0,1,1,phishing,1
1341.0,0,0.5,0.5,78.94736842,0.0,26,0.0,2,10,17,0.0,1,3,legitimate,0
6036.0,1,0.0,0.0,0.0,0.0,32,0.0,3,6,12,5.0,1,0,phishing,1
3876.0,0,0.642857143,0.357142857,24.61538462,0.12962963,34,0.0,2,18,26,0.0,1,4,legitimate,0
134.0,0,0.12962963,0.87037037,100.0,0.0,115,0.156521739,16,14,12,5.4,0,3,legitimate,0
1954.0,0,0.0,0.0,0.0,0.0,33,0.151515152,3,10,14,10.0,1,1,phishing,1
8350.0,1,0.466666667,0.533333333,26.66666667,0.057142857,74,0.067567568,8,14,20,6.833333333,1,3,legitimate,0
5767.0,0,0.033333333,0.966666667,100.0,0.0,77,0.181818182,4,32,23,14.66666667,1,5,phishing,1
4174.0,0,0.032608696,0.967391304,77.77777778,0.5,18,0.0,1,8,11,0.0,1,0,legitimate,0
7881.0,0,0.012987013,0.987012987,85.71428571,0.5,62,0.048387097,6,14,22,7.25,1,3,legitimate,0
6400.0,0,0.444444444,0.5555555560000001,100.0,0.75,56,0.0,6,9,17,6.75,1,5,legitimate,0
5627.0,0,0.0,0.0,0.0,0.0,53,0.169811321,7,11,44,0.0,1,2,phishing,1
6879.0,0,0.164634146,0.8353658540000001,80.15267176,0.0,27,0.0,2,10,15,4.0,1,0,legitimate,0
8427.0,1,0.0,0.0,0.0,0.0,84,0.047619048,11,16,59,5.0,1,6,phishing,1
1396.0,3,0.352941176,0.647058824,0.0,0.0,56,0.0,6,14,18,5.0,0,0,phishing,1
6588.0,1,0.666666667,0.333333333,0.0,0.0,552,0.358695652,64,64,25,7.35483871,1,144,legitimate,0
10106.0,0,0.266666667,0.7333333329999999,36.36363636,0.25,110,0.054545455,19,9,13,4.176470588,0,3,legitimate,0
2046.0,3,0.102272727,0.897727273,85.71428571,0.5555555560000001,102,0.156862745,9,32,15,9.0,1,9,phishing,1
2447.0,0,0.044585987,0.955414013,73.07692308,0.7142857140000001,32,0.0,2,16,24,0.0,1,3,legitimate,0
7446.0,0,0.0,0.0,0.0,0.0,99,0.101010101,14,12,30,4.545454545,1,3,legitimate,0
9557.0,0,0.4625,0.5375,66.66666667,0.108108108,19,0.0,2,3,10,0.0,0,3,legitimate,0
3895.0,0,0.039215686,0.960784314,0.0,0.0,34,0.088235294,5,9,13,2.5,1,1,legitimate,0
2660.0,0,0.313043478,0.686956522,60.0,0.333333333,103,0.067961165,14,12,18,5.5,1,5,legitimate,0
3783.0,0,0.0,0.0,0.0,0.0,45,0.133333333,5,10,8,6.0,1,2,phishing,1
7295.0,0,0.928571429,0.071428571,14.28571429,0.846153846,31,0.032258065,2,11,24,0.0,1,0,phishing,1
2175.0,0,0.00623053,0.99376947,100.0,0.0,24,0.0,2,7,15,0.0,1,3,legitimate,0
5075.0,2,0.0,1.0,100.0,0.0,76,0.092105263,8,24,31,4.285714286,1,1,phishing,1
5075.0,3,0.571428571,0.428571429,33.33333333,0.0,393,0.040712468,80,10,12,3.934210526,1,8,phishing,1
2851.0,0,0.1875,0.8125,16.66666667,0.333333333,45,0.0,4,11,17,9.5,1,0,phishing,1
3433.0,0,0.0,1.0,100.0,0.0,36,0.0,3,8,28,0.0,1,0,phishing,1
4112.0,0,0.75,0.25,0.0,1.0,409,0.202933985,25,64,25,16.13636364,1,10,phishing,1
2961.0,1,0.0,0.0,0.0,0.0,76,0.144736842,10,11,68,0.0,1,1,phishing,1
2695.0,0,0.0,1.0,0.0,0.0,24,0.0,2,7,17,0.0,1,0,legitimate,0
8501.0,1,0.107142857,0.892857143,0.0,0.166666667,49,0.0,7,9,15,4.4,1,3,legitimate,0
5075.0,0,0.0,0.0,0.0,0.0,40,0.125,6,8,13,4.0,1,0,legitimate,0
2872.0,0,0.296296296,0.703703704,69.23076923,0.1875,29,0.0,2,12,20,0.0,1,3,legitimate,0
7446.0,0,1.0,0.0,0.0,0.583333333,22,0.0,2,8,15,0.0,1,0,phishing,1
7655.0,0,0.029850746,0.970149254,44.44444444,0.666666667,34,0.0,2,11,15,9.0,1,1,legitimate,0
101.0,2,0.0,1.0,0.0,0.0,121,0.140495868,12,18,57,6.857142857,1,3,phishing,1
5075.0,0,0.132075472,0.867924528,100.0,0.0,64,0.0,7,12,10,6.833333333,1,4,legitimate,0
2689.0,0,0.156862745,0.843137255,20.0,0.0,38,0.0,2,21,29,0.0,1,3,legitimate,0
2063.0,0,0.55,0.45,60.0,0.181818182,25,0.16,1,9,12,0.0,0,0,legitimate,0
2193.0,2,0.339285714,0.660714286,9.523809524,0.052631579,50,0.0,5,16,20,4.75,1,0,phishing,1
2255.0,6,0.0,1.0,100.0,0.0,89,0.0,11,9,16,6.222222222,1,6,phishing,1
7616.0,0,0.367346939,0.632653061,86.04651163,0.055555556,58,0.0,5,13,28,6.666666667,1,0,legitimate,0
7296.0,0,0.756756757,0.243243243,36.11111111,0.428571429,29,0.0,2,9,22,0.0,1,0,legitimate,0
4638.0,0,0.042105263,0.957894737,62.5,0.5,30,0.0,3,6,21,0.0,1,3,legitimate,0
8276.0,0,0.225225225,0.774774775,13.88888889,0.26,71,0.098591549,9,8,16,5.857142857,0,4,legitimate,0
7296.0,0,1.0,0.0,0.0,0.0,44,0.0,2,22,35,0.0,1,1,phishing,1
6137.0,0,0.217948718,0.7820512820000001,50.0,0.058823529,58,0.0,7,11,16,6.0,1,5,legitimate,0
7447.0,0,0.4375,0.5625,50.0,0.0,56,0.0,2,33,47,0.0,1,2,legitimate,0
5075.0,1,0.0,0.0,0.0,0.0,42,0.0,4,14,34,0.0,1,0,phishing,1
5075.0,0,0.493333333,0.5066666670000001,66.66666667,0.027027027,36,0.027777778,4,11,13,7.0,1,3,legitimate,0
7667.0,0,0.375,0.625,73.33333333,0.111111111,38,0.0,2,22,30,0.0,1,4,legitimate,0
7296.0,0,1.0,0.0,0.0,0.0,33,0.242424242,2,11,24,0.0,1,8,phishing,1
5075.0,0,0.3,0.7,0.0,0.444444444,35,0.0,2,12,27,0.0,1,1,phishing,1
5075.0,1,1.0,0.0,0.0,0.0,47,0.0,3,22,38,0.0,1,2,phishing,1
1951.0,0,0.060606061,0.939393939,55.55555556,0.0,26,0.0,2,10,17,0.0,0,3,legitimate,0
2881.0,0,0.0,1.0,0.0,0.0,29,0.034482759,3,7,14,7.0,0,0,phishing,1
1776.0,0,0.413793103,0.5862068970000001,50.0,0.083333333,32,0.0,2,15,23,0.0,1,3,legitimate,0
33.0,0,0.0,0.0,0.0,0.0,67,0.029850746,10,9,10,4.444444444,1,2,legitimate,0
4724.0,0,0.446428571,0.553571429,80.0,0.0,27,0.0,2,10,18,0.0,1,3,legitimate,0
502.0,3,0.0,0.0,0.0,0.0,106,0.047169811,14,14,22,5.416666667,0,5,phishing,1
5304.0,0,0.945945946,0.054054054,0.729927007,0.385714286,70,0.028571429,8,14,25,5.166666667,1,1,legitimate,0
23.0,2,0.0,0.0,0.0,0.0,163,0.122699387,14,31,15,9.615384615,1,1,phishing,1
7449.0,0,0.356435644,0.6435643560000001,40.0,0.027777778,31,0.0,2,9,22,0.0,1,1,legitimate,0
5075.0,2,0.448275862,0.551724138,0.0,0.0,85,0.0,9,15,16,6.625,1,0,phishing,1
2767.0,1,0.166666667,0.833333333,0.0,0.0,44,0.0,6,9,22,3.666666667,1,3,phishing,1
5075.0,0,0.0,0.0,0.0,0.0,54,0.0,4,13,14,10.0,1,0,phishing,1
12794.0,0,0.264150943,0.735849057,20.0,0.428571429,54,0.0,6,13,19,8.0,1,4,legitimate,0
5075.0,0,0.006825939,0.993174061,50.0,0.0,29,0.0,3,8,20,0.0,1,3,legitimate,0
8121.0,0,0.035714286,0.964285714,100.0,0.0,38,0.0,5,9,7,4.75,0,1,legitimate,0
4054.0,0,0.990196078,0.009803922,0.0,0.002475248,20,0.0,2,5,12,0.0,0,3,legitimate,0
5075.0,0,0.362318841,0.637681159,45.0,0.08,27,0.0,2,12,19,0.0,1,4,legitimate,0
5075.0,0,0.727272727,0.272727273,0.0,0.0,22,0.1363636359999999,2,7,6,7.0,1,0,phishing,1
9172.0,0,0.186440678,0.813559322,63.63636364,0.090909091,63,0.0,6,13,18,8.25,0,4,legitimate,0
6560.0,0,0.097222222,0.902777778,20.0,0.0,73,0.0,7,17,25,7.2,1,3,legitimate,0
5767.0,0,0.033333333,0.966666667,100.0,0.0,81,0.296296296,5,32,27,14.66666667,1,5,phishing,1
4873.0,1,0.4,0.6,0.0,0.0,216,0.333333333,12,64,18,16.36363636,1,10,phishing,1
8348.0,1,1.0,0.0,0.0,0.0,83,0.084337349,8,33,16,8.666666667000001,0,1,phishing,1
4660.0,0,0.291666667,0.708333333,40.0,0.107142857,30,0.0,2,14,21,0.0,1,3,legitimate,0
7143.0,0,0.038095238,0.961904762,55.55555556,0.5,25,0.0,2,8,16,0.0,0,3,legitimate,0
1433.0,1,0.169934641,0.8300653590000001,21.42857143,0.346153846,38,0.078947368,4,15,19,2.666666667,1,0,phishing,1
7409.0,1,0.5,0.5,0.0,2.0,68,0.0,10,10,17,4.5,1,5,phishing,1
1304.0,0,0.0,0.0,0.0,0.0,71,0.14084507,5,27,35,8.666666667000001,1,2,phishing,1
7490.0,0,0.48,0.52,0.0,0.0,23,0.043478261,2,7,11,3.0,1,1,legitimate,0
5075.0,2,0.0,1.0,100.0,0.0,37,0.0,3,7,14,6.5,1,2,phishing,1
2070.0,0,0.153846154,0.846153846,18.18181818,0.3,28,0.0,2,12,19,0.0,0,3,legitimate,0
4386.0,0,1.0,0.0,0.0,0.0,43,0.0,4,11,34,0.0,1,1,phishing,1
2247.0,0,0.1643835619999999,0.835616438,9.090909091,0.666666667,36,0.0,4,7,7,6.0,0,1,legitimate,0
625.0,0,0.0,1.0,0.0,0.0,50,0.0,4,15,42,0.0,1,0,phishing,1
7298.0,0,0.8620689659999999,0.137931034,22.22222222,0.08,44,0.0,3,19,36,0.0,1,4,phishing,1
4004.0,0,0.0,1.0,100.0,0.0,128,0.1640625,13,17,50,7.375,1,6,phishing,1
8685.0,0,0.015151515,0.984848485,50.0,0.0,58,0.0,7,11,19,5.4,1,5,legitimate,0
3040.0,0,0.5,0.5,66.66666667,0.0,66,0.0,6,15,17,9.0,1,3,legitimate,0
5075.0,0,0.0,0.0,0.0,0.0,241,0.199170124,14,53,63,17.55555556,1,6,phishing,1
9201.0,0,0.135416667,0.864583333,33.33333333,0.0,44,0.0,4,11,18,8.5,0,3,legitimate,0
1001.0,0,0.123076923,0.876923077,12.5,0.5,18,0.0,1,5,9,0.0,0,0,legitimate,0
304.0,0,0.0,0.0,0.0,0.0,39,0.0,4,10,14,4.666666667,1,0,phishing,1
7431.0,0,0.003849856,0.996150144,100.0,0.0,46,0.02173913,6,9,17,4.25,1,5,legitimate,0
5504.0,1,0.0,1.0,0.0,0.0,51,0.0,6,11,22,4.25,1,1,phishing,1
2288.0,0,0.064516129,0.935483871,90.0,0.5,25,0.0,2,9,17,0.0,0,3,legitimate,0
5159.0,0,0.245901639,0.7540983609999999,75.0,0.0,37,0.0,3,13,24,1.0,1,1,legitimate,0
2911.0,0,0.010309278,0.989690722,97.36842105,0.25,52,0.0,6,9,16,6.25,1,4,legitimate,0
7461.0,0,0.086021505,0.913978495,33.33333333,0.0,26,0.0,2,9,17,0.0,0,3,legitimate,0
3098.0,0,0.75,0.25,0.0,1.0,25,0.0,2,8,16,0.0,0,4,legitimate,0
289.0,0,0.0,1.0,100.0,0.0,34,0.0,4,6,13,5.0,1,0,phishing,1
36.0,0,0.826086957,0.173913043,60.0,0.105263158,56,0.0,7,13,17,4.0,1,0,phishing,1
2899.0,0,0.6333333329999999,0.3666666670000001,50.0,0.0,32,0.0,3,8,12,5.0,1,0,legitimate,0
561.0,0,0.0,0.0,0.0,0.0,26,0.0,3,4,17,0.0,1,0,phishing,1
5767.0,0,0.033333333,0.966666667,100.0,0.0,77,0.298701299,4,32,23,14.66666667,1,2,phishing,1
2361.0,0,0.0,0.0,0.0,0.0,57,0.175438596,5,13,21,8.666666667000001,1,1,phishing,1
5615.0,3,0.818181818,0.181818182,25.0,0.166666667,59,0.050847458,8,9,41,4.5,1,3,phishing,1
2048.0,3,0.926829268,0.073170732,16.66666667,0.00877193,102,0.225490196,9,32,15,9.0,1,4,phishing,1
2136.0,0,0.5,0.5,26.31578947,0.695652174,39,0.076923077,4,10,13,5.0,1,2,phishing,1
5075.0,0,0.269230769,0.7307692309999999,100.0,0.0,35,0.0,4,9,23,2.0,1,3,legitimate,0
142.0,0,0.020408163,0.979591837,0.0,0.0,28,0.0,2,12,20,0.0,0,3,phishing,1
7295.0,0,0.928571429,0.071428571,14.28571429,0.230769231,30,0.1,2,10,23,0.0,1,1,phishing,1
4843.0,0,0.4,0.6,17.64705882,0.153846154,101,0.0,14,12,24,5.9,1,4,legitimate,0
5075.0,0,0.041237113,0.958762887,81.81818182,0.0,30,0.0,1,12,23,0.0,1,0,legitimate,0
5614.0,0,0.444444444,0.5555555560000001,25.0,0.375,44,0.1363636359999999,6,7,35,0.0,1,4,phishing,1
5075.0,0,0.0,0.0,0.0,0.0,39,0.0,2,18,22,7.0,1,1,phishing,1
11046.0,0,0.238095238,0.761904762,27.77777778,0.333333333,90,0.055555556,9,13,23,7.571428571,0,3,legitimate,0
3245.0,0,0.127272727,0.872727273,25.0,0.0,34,0.0,3,12,15,4.5,0,3,phishing,1
5075.0,2,0.0,0.0,0.0,0.0,36,0.194444444,4,7,11,4.666666667,1,0,phishing,1
7132.0,0,0.058923997,0.941076003,73.15175097,0.7536231879999999,37,0.0,4,9,16,5.5,0,0,legitimate,0
9188.0,0,0.26848249,0.73151751,1.470588235,0.0,39,0.0,4,9,17,6.5,0,3,legitimate,0
5075.0,0,0.0,1.0,0.0,0.0,42,0.0,3,14,33,0.0,1,1,phishing,1
5075.0,0,0.727272727,0.272727273,5.8823529410000015,0.020833333,48,0.0,5,11,20,5.333333333,1,3,phishing,1
5075.0,4,0.04,0.96,100.0,0.0,75,0.0,10,8,12,4.555555556,1,7,phishing,1
5075.0,0,0.455357143,0.544642857,33.33333333,0.058823529,25,0.0,2,9,16,0.0,0,3,legitimate,0
2686.0,0,0.162162162,0.837837838,100.0,0.0,50,0.0,5,12,20,6.666666667,1,3,legitimate,0
5075.0,1,0.0,0.0,0.0,0.0,92,0.032608696,11,10,17,5.8,1,0,phishing,1
5075.0,0,0.0,1.0,0.0,0.0,25,0.0,1,15,18,0.0,1,0,legitimate,0
7189.0,0,0.067961165,0.932038835,0.0,0.285714286,41,0.0,5,8,33,0.0,1,5,phishing,1
3071.0,0,0.454545455,0.545454545,0.0,1.0,22,0.0,2,6,14,0.0,1,3,legitimate,0
5850.0,0,0.0,0.0,0.0,0.0,76,0.263157895,6,32,15,12.25,1,5,phishing,1
5411.0,0,0.036764706,0.963235294,66.66666667,0.2,40,0.0,3,10,14,8.5,1,0,legitimate,0
1546.0,1,0.8669950740000001,0.133004926,6.666666667,0.034090909,51,0.058823529,4,14,32,4.5,1,4,phishing,1
5075.0,0,0.220779221,0.7792207790000001,0.0,0.0,60,0.0,9,8,14,4.428571429,1,3,legitimate,0
2026.0,0,0.423913043,0.576086957,76.92307692,0.0,33,0.0,2,17,25,0.0,1,3,legitimate,0
5.0,0,0.0,1.0,100.0,0.0,131,0.1755725189999999,10,32,23,10.11111111,1,0,phishing,1
1256.0,2,0.083333333,0.916666667,100.0,0.0,68,0.0,9,11,15,4.75,1,1,phishing,1
5681.0,0,0.225,0.775,70.58823529,0.5555555560000001,51,0.215686275,4,14,22,9.5,1,6,phishing,1
7795.0,0,0.126760563,0.8732394370000001,18.18181818,0.222222222,45,0.066666667,5,9,17,5.666666667,1,4,phishing,1
6891.0,0,0.063829787,0.936170213,33.33333333,0.666666667,67,0.0,7,10,16,7.4,1,4,legitimate,0
5075.0,0,0.6,0.4,33.33333333,0.0,24,0.0,1,8,15,0.0,1,0,legitimate,0
2414.0,0,1.0,0.0,0.0,1.0,92,0.184782609,10,32,15,7.75,1,3,phishing,1
7051.0,0,0.067961165,0.932038835,0.0,0.285714286,34,0.0,3,12,27,0.0,1,1,phishing,1
9227.0,0,0.089403974,0.910596026,30.76923077,0.148148148,54,0.092592593,7,12,13,5.8,0,3,legitimate,0
7295.0,0,0.928571429,0.071428571,14.28571429,0.846153846,40,0.0,2,20,33,0.0,1,0,phishing,1
5132.0,0,0.41322314,0.58677686,76.74418605,0.12,70,0.014285714,9,12,17,5.428571429,1,3,legitimate,0
5075.0,0,0.5,0.5,0.0,0.0,18,0.055555556,2,6,4,6.0,1,0,phishing,1
3993.0,0,0.0,1.0,100.0,0.0,126,0.166666667,13,17,50,7.375,1,4,phishing,1
6149.0,0,0.037037037,0.962962963,75.0,1.0,24,0.0,2,5,16,0.0,0,3,legitimate,0
4672.0,0,0.625,0.375,100.0,0.2,54,0.240740741,4,20,15,14.5,0,5,legitimate,0
6133.0,0,0.04029304,0.95970696,23.07692308,0.727272727,66,0.0,9,12,20,4.428571429,1,3,legitimate,0
5577.0,0,0.176470588,0.8235294120000001,26.66666667,0.444444444,29,0.0,2,13,20,0.0,1,3,legitimate,0
806.0,0,0.5,0.5,0.0,0.0,22,0.1363636359999999,2,5,13,0.0,1,1,phishing,1
3578.0,0,0.0,1.0,0.0,0.0,78,0.08974359,9,10,16,6.857142857,1,1,legitimate,0
2335.0,4,0.0,0.0,0.0,0.0,98,0.0,12,20,16,5.818181817999999,1,2,phishing,1
7156.0,0,0.104347826,0.8956521740000001,64.83516484,0.7777777779999999,44,0.159090909,6,8,14,4.75,1,0,legitimate,0
3993.0,0,0.0,1.0,100.0,0.0,124,0.193548387,13,17,46,7.375,1,5,phishing,1
7134.0,0,0.06088993,0.93911007,69.76744186,0.423076923,45,0.0,7,9,16,3.2,0,0,legitimate,0
5613.0,0,0.368421053,0.6315789470000001,100.0,0.0,48,0.0625,6,11,28,5.0,1,3,phishing,1
5075.0,0,0.914634146,0.085365854,41.66666667,0.0,28,0.0,2,14,6,14.0,0,0,phishing,1
7522.0,0,0.247619048,0.752380952,60.0,0.038461538,63,0.0,6,18,26,6.5,0,4,legitimate,0
2939.0,0,0.04,0.96,80.0,0.0,58,0.0,6,10,16,7.5,0,3,legitimate,0
5626.0,0,0.444444444,0.5555555560000001,25.0,0.625,51,0.294117647,6,14,42,0.0,1,2,phishing,1
4372.0,0,0.418604651,0.581395349,80.0,0.055555556,23,0.0,2,7,15,0.0,0,3,legitimate,0
1739.0,0,0.0,0.0,0.0,0.0,23,0.173913043,2,8,15,0.0,1,3,legitimate,0
7615.0,0,0.356164384,0.643835616,81.48148148,0.038461538,58,0.0,7,10,21,5.0,1,1,legitimate,0
7828.0,0,1.0,0.0,0.0,0.0,54,0.148148148,4,32,11,16.5,0,1,phishing,1
5075.0,3,0.571428571,0.428571429,33.33333333,0.0,392,0.038265306,80,10,11,3.921052632,1,10,phishing,1
5075.0,0,0.012738854,0.987261146,100.0,1.0,78,0.08974359,11,7,17,4.888888889,1,1,legitimate,0
4655.0,1,0.5,0.5,69.13580247,0.34375,57,0.035087719,7,9,17,5.2,1,3,legitimate,0
5627.0,0,0.80952381,0.19047619,25.0,0.294117647,46,0.130434783,6,7,37,0.0,1,1,phishing,1
5612.0,0,0.5301204820000001,0.469879518,56.92307692,0.363636364,43,0.0,6,8,25,4.0,1,3,phishing,1
421.0,0,0.0,0.0,0.0,0.0,51,0.196078431,5,11,14,8.333333332999999,1,4,phishing,1
6499.0,0,0.32231405,0.67768595,77.77777778,0.0,53,0.056603774,6,17,20,4.2,1,0,phishing,1
5075.0,0,0.0,1.0,100.0,0.0,57,0.035087719,5,17,40,4.0,1,2,phishing,1
5379.0,0,0.25,0.75,82.92682927,0.222222222,30,0.0,2,13,21,0.0,1,3,legitimate,0
5075.0,0,0.0,0.0,0.0,0.0,46,0.043478261,6,10,14,4.0,1,0,legitimate,0
5075.0,0,0.0,1.0,100.0,0.0,192,0.552083333,31,14,11,4.7,1,26,phishing,1
4597.0,0,0.282828283,0.717171717,40.0,0.035714286,18,0.0,1,6,9,0.0,1,0,legitimate,0
5075.0,0,0.28125,0.71875,11.11111111,0.444444444,33,0.0,1,20,24,0.0,1,0,phishing,1
3897.0,0,0.333333333,0.666666667,66.66666667,0.0,22,0.0,2,6,13,0.0,1,4,legitimate,0
5302.0,0,0.303571429,0.6964285709999999,12.28070175,0.220588235,28,0.0,2,11,19,0.0,1,3,legitimate,0
5905.0,0,0.213114754,0.786885246,6.666666667,1.294871795,28,0.0,2,10,21,0.0,1,0,legitimate,0
3024.0,1,0.0,1.0,100.0,0.0,77,0.0,6,24,47,6.333333333,1,3,phishing,1
3519.0,0,0.0,0.0,0.0,0.0,64,0.03125,8,9,16,5.666666667,1,4,phishing,1
4323.0,0,0.060606061,0.939393939,100.0,0.0,58,0.0,5,16,24,8.0,1,3,legitimate,0
6134.0,0,0.195402299,0.8045977009999999,50.0,0.058823529,47,0.021276596,9,8,16,2.285714286,1,4,phishing,1
7640.0,0,0.129032258,0.870967742,50.0,0.0,17,0.0,1,5,8,0.0,1,0,legitimate,0
7922.0,0,0.06875,0.93125,72.22222222,0.454545455,68,0.102941176,9,10,12,6.0,1,4,legitimate,0
5075.0,0,0.071633238,0.928366762,66.66666667,0.2,21,0.0,2,5,12,0.0,1,3,legitimate,0
5075.0,2,0.1,0.9,100.0,0.0,172,0.25,16,30,20,8.533333333,1,4,phishing,1
4680.0,0,0.084745763,0.915254237,33.33333333,0.0,19,0.0,1,5,12,0.0,0,0,legitimate,0
1576.0,2,0.6,0.4,0.0,0.0,50,0.0,5,14,18,7.333333333,1,0,phishing,1
5627.0,0,0.818181818,0.181818182,25.0,0.277777778,58,0.0,8,9,40,4.0,1,1,phishing,1
5626.0,1,0.0,0.0,0.0,0.0,78,0.115384615,6,36,69,0.0,1,3,phishing,1
5197.0,0,0.5,0.5,7.142857143,0.1578947369999999,61,0.0,8,8,16,5.166666667,0,5,legitimate,0
3633.0,0,0.14084507,0.85915493,61.53846154,0.0,28,0.0,2,11,19,0.0,1,3,legitimate,0
5075.0,0,0.097222222,0.902777778,76.47058824,0.428571429,21,0.0,1,11,14,0.0,1,0,legitimate,0
7584.0,0,0.7560975609999999,0.243902439,0.0,0.64516129,44,0.0,3,14,27,9.0,1,0,legitimate,0
7299.0,0,0.895833333,0.104166667,16.0,0.372093023,46,0.0,2,25,38,0.0,1,0,legitimate,0
5075.0,0,1.0,0.0,0.0,0.115384615,32,0.0625,2,10,24,0.0,1,0,phishing,1
5075.0,1,1.0,0.0,0.0,0.0,34,0.0,3,10,26,0.0,1,1,phishing,1
1244.0,1,0.166666667,0.833333333,0.0,0.0,187,0.203208556,19,29,20,7.777777778,1,2,phishing,1
5075.0,1,0.333333333,0.666666667,0.0,0.2,66,0.090909091,8,11,11,5.857142857,1,1,phishing,1
7083.0,0,1.0,0.0,0.0,0.0,70,0.028571429,9,15,31,3.428571429,1,2,phishing,1
5075.0,0,0.0,0.0,0.0,0.0,25,0.08,3,6,12,4.0,1,0,phishing,1
7826.0,0,1.0,0.0,0.0,0.0,54,0.148148148,4,32,11,16.5,0,1,phishing,1
3630.0,0,0.107692308,0.892307692,0.0,0.428571429,42,0.0,4,9,34,0.0,1,6,legitimate,0
3329.0,0,0.779411765,0.220588235,70.0,0.188679245,62,0.0,7,10,17,6.4,1,6,legitimate,0
5767.0,0,0.033333333,0.966666667,100.0,0.0,77,0.285714286,4,32,23,14.66666667,1,2,phishing,1
11.0,0,0.0,1.0,0.0,0.0,74,0.081081081,8,12,39,6.0,1,5,phishing,1
3992.0,0,0.0,1.0,100.0,0.0,128,0.171875,13,17,50,7.375,1,12,phishing,1
3992.0,0,0.0,1.0,100.0,0.0,123,0.227642276,13,17,46,7.375,1,6,phishing,1
6465.0,0,0.0,1.0,0.0,0.0,43,0.0,5,10,15,6.0,0,3,legitimate,0
8724.0,0,0.257668712,0.7423312879999999,50.0,0.333333333,29,0.0,2,12,20,0.0,1,3,legitimate,0
4097.0,0,0.457142857,0.542857143,70.0,0.1875,91,0.065934066,13,17,25,4.363636364,1,4,legitimate,0
2850.0,0,0.011363636,0.988636364,55.55555556,0.0,25,0.0,1,9,16,0.0,0,0,legitimate,0
3453.0,0,0.0,1.0,0.0,0.0,103,0.0,13,10,17,6.181818182000001,1,3,legitimate,0
3569.0,0,0.2,0.8,50.0,0.0,24,0.0,1,12,15,0.0,1,1,legitimate,0
755.0,1,0.0,1.0,0.0,0.0,260,0.146153846,10,200,11,25.77777778,1,10,phishing,1
2922.0,2,0.0,0.0,0.0,0.0,163,0.012269939,21,18,19,6.210526316,1,5,phishing,1
7983.0,0,0.376712329,0.623287671,93.33333333,0.054545455,49,0.0,6,8,14,6.0,0,5,legitimate,0
4886.0,0,0.636363636,0.363636364,50.0,0.0,25,0.0,2,9,17,0.0,0,3,legitimate,0
7295.0,0,0.9,0.1,33.33333333,0.7777777779999999,34,0.0,2,12,25,0.0,1,0,phishing,1
2507.0,4,0.125,0.875,0.0,0.5,70,0.0,11,9,16,4.875,1,4,phishing,1
3727.0,0,0.0,0.0,0.0,0.0,44,0.0,5,7,11,5.5,1,1,phishing,1
2403.0,0,0.0,1.0,0.0,0.0,76,0.0,9,11,16,6.285714286,1,5,phishing,1
5075.0,0,0.6315789470000001,0.368421053,0.0,0.0,21,0.0,2,5,12,0.0,0,4,legitimate,0
4489.0,0,0.133333333,0.8666666670000001,0.0,0.25,65,0.0,7,16,24,5.8,1,3,legitimate,0
2563.0,0,0.75,0.25,50.0,0.0,35,0.0,2,18,26,0.0,1,3,legitimate,0
6377.0,0,0.506097561,0.493902439,15.78947368,0.506024096,53,0.037735849,8,7,19,4.2,1,3,legitimate,0
1079.0,1,0.0,1.0,0.0,0.0,77,0.181818182,5,22,28,12.66666667,1,2,phishing,1
5971.0,0,0.046875,0.953125,75.0,0.666666667,25,0.0,2,9,16,0.0,0,3,legitimate,0
59.0,0,0.9,0.1,50.0,0.444444444,229,0.096069869,39,12,8,4.6052631580000005,0,7,phishing,1
12349.0,0,0.052631579,0.947368421,66.66666667,0.0,43,0.046511628,6,7,12,5.0,1,0,legitimate,0
432.0,0,0.0,0.0,0.0,0.0,71,0.0,8,14,22,6.0,1,5,phishing,1
471.0,2,0.0,1.0,100.0,0.0,49,0.0,4,21,28,3.333333333,1,0,phishing,1
797.0,0,0.0,0.0,0.0,0.0,44,0.0,4,15,24,5.0,1,1,phishing,1
5924.0,0,0.25,0.75,33.33333333,0.285714286,66,0.090909091,10,7,14,4.5,1,2,legitimate,0
6831.0,0,0.067961165,0.932038835,0.0,0.285714286,56,0.053571429,5,18,29,18.0,1,4,phishing,1
8632.0,0,0.027906977,0.972093023,91.11111111,0.166666667,39,0.0,4,9,17,6.0,1,3,phishing,1
7156.0,0,0.108695652,0.891304348,69.60784314,0.6571428570000001,42,0.119047619,6,8,14,4.25,1,0,legitimate,0
5075.0,0,0.046511628,0.953488372,0.0,1.0,24,0.0,2,7,15,0.0,0,3,legitimate,0
1041.0,0,0.04,0.96,0.0,0.0,31,0.0,2,15,22,0.0,1,3,legitimate,0
5339.0,0,0.554794521,0.445205479,14.28571429,0.148148148,113,0.079646018,16,8,15,5.5,1,8,legitimate,0
8347.0,1,0.655172414,0.344827586,0.0,0.0,113,0.053097345,13,22,15,7.181818182000001,1,2,phishing,1
7133.0,0,0.039027149,0.960972851,73.76425856,0.347826087,33,0.03030303,4,9,16,3.5,0,0,legitimate,0
8414.0,0,0.705882353,0.294117647,50.0,0.0,29,0.0,2,12,20,0.0,1,3,legitimate,0
7447.0,0,0.0,0.0,0.0,0.0,81,0.074074074,11,13,33,4.0,1,2,legitimate,0
5159.0,0,0.0,0.0,0.0,0.0,30,0.0,2,10,21,0.0,1,0,phishing,1
3123.0,0,0.0,1.0,0.0,0.0,49,0.0,6,10,18,5.0,1,4,phishing,1
7419.0,0,1.0,0.0,0.0,0.0,60,0.0,9,8,13,4.571428571,0,4,legitimate,0
805.0,0,0.5,0.5,0.0,0.0,22,0.0,2,5,13,0.0,1,1,phishing,1
4967.0,0,0.333333333,0.666666667,0.0,0.0,260,0.119230769,4,231,12,118.5,1,4,phishing,1
5075.0,0,0.244186047,0.755813953,66.66666667,0.19047619,47,0.0,5,13,16,4.25,1,0,phishing,1
5075.0,0,0.392857143,0.607142857,25.0,0.181818182,32,0.0,2,12,23,0.0,0,3,legitimate,0
7951.0,0,0.3559322029999999,0.644067797,57.77777778,0.238095238,21,0.0,2,3,9,2.0,1,0,legitimate,0
5001.0,0,0.185185185,0.814814815,80.0,0.0,38,0.0,4,8,12,5.0,1,1,legitimate,0
51.0,0,0.0,0.0,0.0,0.0,33,0.090909091,3,8,25,0.0,1,4,phishing,1
7057.0,0,0.067961165,0.932038835,0.0,0.285714286,31,0.0,2,12,23,0.0,1,1,phishing,1
909.0,0,0.0,1.0,100.0,0.0,37,0.0,3,13,17,5.5,1,1,phishing,1
134.0,0,0.142857143,0.857142857,100.0,0.0,86,0.058139535,9,19,17,7.714285714,1,1,phishing,1
3992.0,0,0.0,1.0,100.0,0.0,126,0.174603175,13,17,50,7.375,1,4,phishing,1
7477.0,0,0.185185185,0.814814815,72.22222222,0.2,87,0.057471264,11,14,18,5.1,1,1,legitimate,0
1341.0,0,0.25,0.75,0.0,0.4,25,0.0,1,12,16,0.0,1,1,phishing,1
5615.0,2,0.80952381,0.19047619,25.0,0.176470588,53,0.264150943,6,18,35,4.5,1,1,phishing,1
6069.0,0,0.49112426,0.50887574,11.76470588,0.036144578,45,0.0,7,5,13,4.0,1,0,legitimate,0
4407.0,0,0.0,1.0,0.0,0.0,154,0.474025974,8,88,44,32.66666667,1,20,phishing,1
8519.0,0,0.377358491,0.622641509,80.0,0.0,40,0.0,3,15,16,15.0,1,4,legitimate,0
1338.0,0,0.0,1.0,0.0,0.0,38,0.210526316,3,11,25,5.0,0,1,phishing,1
5075.0,0,0.087912088,0.912087912,25.0,0.25,28,0.0,2,4,19,0.0,0,3,legitimate,0
7202.0,0,0.75,0.25,4.545454545,0.142857143,31,0.0,2,12,23,0.0,1,3,phishing,1
3094.0,0,0.899224806,0.100775194,3.797468354,0.064655172,58,0.0,6,17,25,5.5,1,3,legitimate,0
5834.0,0,0.470588235,0.529411765,100.0,1.0,18,0.0,2,3,10,0.0,0,3,legitimate,0
3993.0,0,0.0,1.0,100.0,0.0,76,0.078947368,7,15,50,8.5,1,2,phishing,1
5767.0,0,0.033333333,0.966666667,100.0,0.0,77,0.220779221,4,32,23,14.66666667,1,5,phishing,1
3013.0,1,0.0,1.0,0.0,0.0,95,0.052631579,9,18,37,7.333333333,0,2,phishing,1
8493.0,0,0.197368421,0.802631579,30.0,0.133333333,27,0.0,2,10,18,0.0,1,4,legitimate,0
2567.0,4,0.0,0.0,0.0,0.0,56,0.0,7,8,16,5.4,1,3,phishing,1
2118.0,0,0.419354839,0.580645161,100.0,0.0,30,0.0,2,14,22,0.0,1,3,legitimate,0
3890.0,0,0.84,0.16,0.0,0.0,39,0.0,3,13,16,13.0,0,0,legitimate,0
5075.0,0,0.0,1.0,0.0,0.0,48,0.0,3,24,28,5.0,1,1,phishing,1
1750.0,0,0.0,0.0,0.0,0.0,36,0.0,4,12,20,3.0,1,3,phishing,1
4400.0,0,1.0,0.0,0.0,0.0,85,0.070588235,5,36,39,36.0,1,1,phishing,1
4079.0,0,0.854545455,0.145454545,63.63636364,0.063829787,46,0.0,6,7,24,4.0,1,0,legitimate,0
6122.0,0,0.7142857140000001,0.285714286,74.07407407,0.1,96,0.0,9,16,30,7.285714286,1,2,legitimate,0
7295.0,0,0.923076923,0.076923077,25.0,0.833333333,31,0.032258065,2,11,24,0.0,1,1,phishing,1
8020.0,0,0.215686275,0.784313725,66.66666667,0.272727273,72,0.083333333,10,13,17,4.222222222,0,1,legitimate,0
7297.0,0,0.483253589,0.516746411,70.22900763,0.267326733,41,0.0,2,19,32,0.0,1,0,legitimate,0
5075.0,0,0.0,0.0,0.0,0.0,439,0.5307517079999999,15,288,14,31.15384615,1,48,phishing,1
6382.0,0,1.0,0.0,0.0,0.0,44,0.0,5,8,35,0.0,1,1,phishing,1
7002.0,0,0.927884615,0.072115385,2.97029703,0.025906736,73,0.0821917809999999,9,15,23,5.1428571430000005,0,5,legitimate,0
7295.0,0,0.928571429,0.071428571,14.28571429,0.230769231,32,0.125,2,11,24,0.0,1,0,phishing,1
6964.0,0,0.0,0.0,0.0,0.0,42,0.023809524,5,11,19,4.0,1,3,legitimate,0
66.0,0,0.0,0.0,0.0,0.0,38,0.0,5,7,30,0.0,1,1,phishing,1
5575.0,0,0.0,1.0,0.0,0.0,48,0.0,6,9,13,6.0,0,4,legitimate,0
1658.0,0,0.0,1.0,0.0,0.0,19,0.210526316,2,5,11,0.0,1,1,phishing,1
7827.0,0,1.0,0.0,0.0,0.0,54,0.148148148,4,32,11,16.5,0,1,phishing,1
4003.0,0,0.0,1.0,100.0,0.0,116,0.206896552,11,17,42,8.142857142999999,1,2,phishing,1
2105.0,0,0.212121212,0.787878788,71.42857143,0.0,101,0.207920792,6,32,37,13.0,1,4,phishing,1
674.0,0,0.031088083,0.968911917,96.91780822,0.055555556,48,0.0,4,17,21,5.333333333,1,2,phishing,1
7839.0,0,0.222672065,0.777327935,31.57894737,0.272727273,57,0.035087719,6,10,23,7.666666667,0,5,legitimate,0
5075.0,0,0.311827957,0.688172043,29.16666667,0.310344828,21,0.0,1,11,14,0.0,1,0,legitimate,0
3993.0,0,0.0,1.0,100.0,0.0,120,0.175,12,17,42,7.375,1,3,phishing,1
2165.0,0,0.018050542,0.981949458,100.0,0.0,25,0.0,1,9,16,0.0,0,0,legitimate,0
5075.0,0,0.625,0.375,100.0,0.0,32,0.0,3,13,21,2.0,1,4,phishing,1
5075.0,0,0.133333333,0.8666666670000001,14.28571429,0.0,25,0.0,2,8,16,0.0,0,3,legitimate,0
495.0,3,0.945945946,0.054054054,6.12244898,0.057142857,111,0.108108108,11,17,20,7.4,1,4,phishing,1
1953.0,0,0.375,0.625,0.0,0.0,66,0.272727273,5,30,13,13.66666667,1,7,phishing,1
5160.0,0,0.1875,0.8125,33.33333333,0.0,48,0.0,4,13,16,7.0,1,1,phishing,1
4979.0,0,0.0,0.0,0.0,0.0,23,0.0,3,6,13,2.0,1,0,phishing,1
4003.0,0,0.0,1.0,100.0,0.0,127,0.149606299,13,17,50,7.375,1,2,phishing,1
5075.0,0,0.319502075,0.680497925,15.2173913,0.051948052,24,0.0,2,8,15,0.0,1,3,legitimate,0
460.0,3,0.2,0.8,0.0,0.0,47,0.0,5,11,15,5.25,1,1,phishing,1
7298.0,0,0.6271929820000001,0.372807018,46.75324675,0.482517483,46,0.0,4,9,37,0.0,1,0,legitimate,0
8047.0,0,0.1,0.9,40.0,0.214285714,69,0.0,8,13,26,5.0,0,2,legitimate,0
7298.0,0,0.8758620690000001,0.124137931,14.0625,0.433070866,37,0.0,2,17,30,0.0,1,1,legitimate,0
5075.0,0,0.058823529,0.941176471,0.0,1.0,63,0.0,9,15,18,3.75,1,6,phishing,1
1667.0,0,0.112903226,0.8870967740000001,25.0,0.142857143,30,0.0,2,13,21,0.0,0,3,legitimate,0
5075.0,0,0.088,0.912,78.57142857,0.090909091,43,0.0,5,8,16,5.333333333,1,3,legitimate,0
235.0,1,0.25,0.75,0.0,0.0,32,0.0,2,12,16,6.0,1,0,phishing,1
5205.0,0,0.258823529,0.741176471,27.5862069,0.409090909,50,0.0,4,16,24,8.5,1,4,legitimate,0
7159.0,0,0.155266015,0.844733985,64.72081218,0.86013986,44,0.1363636359999999,6,8,15,4.5,1,0,legitimate,0
7979.0,0,0.038461538,0.961538462,0.0,1.0,27,0.0,2,10,18,0.0,0,3,legitimate,0
8019.0,0,0.884615385,0.115384615,0.0,0.0,105,0.038095238,13,25,22,6.3,1,1,phishing,1
5075.0,0,0.7142857140000001,0.285714286,37.5,0.08,45,0.2,5,9,31,6.0,1,0,phishing,1
7298.0,0,0.846153846,0.153846154,14.28571429,0.272727273,32,0.0,3,8,24,0.0,1,0,legitimate,0
8829.0,0,0.151515152,0.848484848,20.0,0.0,57,0.0,10,7,15,3.375,0,3,legitimate,0
5075.0,0,0.046783626,0.953216374,76.92307692,0.0,21,0.0,2,4,12,0.0,0,3,legitimate,0
347.0,2,0.602272727,0.397727273,0.0,0.132075472,155,0.187096774,14,23,19,8.769230769,1,8,phishing,1
5075.0,0,0.0,1.0,100.0,0.0,21,0.476190476,8,3,13,2.5,1,0,phishing,1
5075.0,1,0.076923077,0.923076923,98.5915493,0.0,47,0.063829787,3,21,17,21.0,1,2,phishing,1
636.0,0,0.0,0.0,0.0,0.0,36,0.027777778,3,7,14,6.0,1,0,phishing,1
2426.0,0,0.636363636,0.363636364,40.0,0.285714286,65,0.0,6,18,26,6.75,1,3,legitimate,0
7582.0,0,0.482142857,0.517857143,75.0,0.0,23,0.0,1,10,16,0.0,0,0,legitimate,0
7296.0,0,1.0,0.0,0.0,0.0,46,0.043478261,4,8,37,0.0,1,0,phishing,1
7454.0,0,0.079365079,0.920634921,0.0,0.8,31,0.0,2,15,22,0.0,0,3,legitimate,0
4377.0,0,0.0,0.0,0.0,0.0,54,0.240740741,2,32,14,32.0,1,3,phishing,1
7448.0,0,0.905660377,0.094339623,44.0,0.03125,30,0.0,2,9,21,0.0,1,1,legitimate,0
8375.0,0,0.285714286,0.7142857140000001,40.0,0.020833333,63,0.0,9,7,13,5.1428571430000005,0,6,legitimate,0
2406.0,1,0.639344262,0.360655738,36.11111111,0.615384615,65,0.0,7,12,20,6.4,1,3,legitimate,0
1547.0,1,0.727272727,0.272727273,4.347826087,0.125,65,0.092307692,4,30,48,4.0,1,5,phishing,1
31.0,1,0.0,1.0,0.0,0.0,136,0.183823529,12,66,13,9.454545455,1,5,phishing,1
7621.0,1,0.25,0.75,0.0,0.0,45,0.0,3,12,37,0.0,1,2,phishing,1
5075.0,0,0.0,0.0,0.0,0.0,48,0.0,4,15,32,3.5,1,1,phishing,1
5151.0,1,0.038461538,0.961538462,66.66666667,1.0,29,0.0,2,12,20,0.0,1,3,legitimate,0
5075.0,0,0.3,0.7,0.0,1.0,44,0.0,5,8,16,6.0,1,1,phishing,1
8046.0,0,0.186440678,0.813559322,25.0,0.0,48,0.125,5,12,20,5.666666667,1,7,legitimate,0
6743.0,0,0.323529412,0.6764705879999999,50.0,0.0,24,0.0,2,7,15,0.0,0,3,legitimate,0
336.0,0,0.524390244,0.475609756,37.5,0.0,22,0.0,2,7,15,0.0,0,4,legitimate,0
3200.0,0,0.263157895,0.736842105,100.0,0.0,41,0.0,5,10,18,4.0,1,4,legitimate,0
5849.0,0,0.0,0.0,0.0,0.0,73,0.246575342,5,32,15,15.66666667,1,5,phishing,1
5075.0,0,0.0,1.0,100.0,0.0,69,0.072463768,4,44,61,0.0,1,0,phishing,1
7296.0,0,0.815533981,0.184466019,23.07692308,0.1785714289999999,29,0.068965517,2,8,21,0.0,1,0,legitimate,0
7754.0,0,0.105263158,0.894736842,50.0,0.0,57,0.0,6,14,22,6.0,1,3,legitimate,0
1422.0,0,0.0,1.0,100.0,0.0,46,0.086956522,7,8,14,4.0,0,4,legitimate,0
3993.0,0,0.0,1.0,100.0,0.0,124,0.129032258,13,17,46,7.375,1,5,phishing,1
7296.0,0,0.928571429,0.071428571,14.28571429,0.230769231,30,0.0,3,8,21,0.0,1,0,phishing,1
4079.0,0,0.0,0.0,0.0,0.0,66,0.0,8,12,20,5.5,1,4,legitimate,0
220.0,3,0.5555555560000001,0.444444444,0.0,1.0,69,0.0,10,14,18,3.888888889,1,1,phishing,1
4533.0,0,0.075471698,0.924528302,50.0,0.25,98,0.0,10,17,21,6.777777778,1,2,legitimate,0
4929.0,0,0.02173913,0.97826087,72.72727273,0.0,63,0.0,6,22,30,5.25,1,4,legitimate,0
1048.0,1,0.5,0.5,37.5,0.0,37,0.0,3,12,20,8.0,0,4,phishing,1
288.0,0,1.0,0.0,0.0,0.0,28,0.0,3,8,10,4.5,1,0,legitimate,0
5615.0,1,0.80952381,0.19047619,25.0,0.176470588,61,0.0,8,9,44,9.0,1,2,phishing,1
2467.0,0,0.192307692,0.807692308,81.25,0.4,51,0.0,6,18,26,3.25,1,4,legitimate,0
5630.0,0,0.0,1.0,100.0,0.0,31,0.129032258,2,7,18,0.0,0,1,legitimate,0
5075.0,0,0.078125,0.921875,0.0,0.0,21,0.0,2,5,12,0.0,0,4,legitimate,0
5255.0,0,0.388888889,0.611111111,50.0,0.285714286,101,0.0,11,17,25,6.666666667,0,5,phishing,1
560.0,0,0.0,0.0,0.0,0.0,26,0.0,3,5,17,0.0,1,0,phishing,1
152.0,0,0.115384615,0.884615385,86.04651163,0.444444444,77,0.324675325,5,32,27,13.0,1,5,phishing,1
5075.0,0,0.024024024,0.975975976,14.28571429,0.25,28,0.0,3,9,20,0.0,1,4,legitimate,0
3433.0,0,0.244186047,0.755813953,4.545454545,0.142857143,69,0.072463768,6,25,29,15.5,1,1,phishing,1
4427.0,0,0.066210046,0.933789954,0.0,0.103448276,34,0.0,4,7,26,0.0,1,3,legitimate,0
1182.0,0,1.0,0.0,0.0,0.5,46,0.0,5,16,20,3.5,1,2,phishing,1
4546.0,0,0.961538462,0.038461538,14.28571429,0.16,31,0.0,2,14,22,0.0,1,3,legitimate,0
7423.0,0,1.0,0.0,0.0,0.0,121,0.0,20,8,13,4.555555556,0,3,legitimate,0
5626.0,0,0.444444444,0.5555555560000001,25.0,0.625,66,0.257575758,8,14,45,3.666666667,1,2,phishing,1
5879.0,1,0.8,0.2,0.0,0.0,53,0.0,6,13,24,6.333333333,1,3,phishing,1
5075.0,0,0.487804878,0.5121951220000001,15.38461538,0.0,22,0.0,2,3,14,0.0,0,3,legitimate,0
5158.0,0,0.0681818179999999,0.931818182,100.0,0.0,30,0.0,2,12,23,0.0,1,0,legitimate,0
6930.0,0,0.0,0.0,0.0,0.0,59,0.084745763,7,13,21,5.2,1,3,legitimate,0
2975.0,2,0.558441558,0.4415584420000001,37.5,0.0,53,0.018867925,6,17,21,4.0,0,1,phishing,1
7330.0,0,0.076923077,0.923076923,100.0,0.0,22,0.0,2,6,14,0.0,0,3,legitimate,0
5075.0,0,0.066666667,0.933333333,85.71428571,1.0,24,0.0,2,7,9,7.0,1,1,phishing,1
8165.0,0,0.453125,0.546875,61.70212766,0.068965517,28,0.0,2,11,19,0.0,1,3,legitimate,0
11555.0,0,0.059701493,0.940298507,88.46153846,0.25,71,0.0,8,10,14,7.166666667,0,5,legitimate,0
5573.0,0,0.0,1.0,0.0,0.0,37,0.0,4,11,13,7.5,1,3,legitimate,0
1251.0,0,0.015686275,0.984313725,80.0,0.0,27,0.0,2,10,18,0.0,1,3,legitimate,0
5986.0,0,0.016750419,0.983249581,91.17647059,0.2,21,0.238095238,2,3,10,0.0,1,3,legitimate,0
3630.0,0,0.352,0.648,61.11111111,0.090909091,62,0.032258065,8,12,20,4.5,1,3,legitimate,0
6663.0,0,0.067961165,0.932038835,0.0,0.285714286,29,0.068965517,3,8,21,0.0,1,1,phishing,1
8347.0,1,1.0,0.0,0.0,0.0,70,0.071428571,8,19,16,6.666666667,0,1,phishing,1
3080.0,2,0.04,0.96,96.55172414,0.0,110,0.045454545,15,10,12,5.5,1,6,phishing,1
9126.0,0,0.115384615,0.884615385,33.96226415,0.177777778,46,0.0,6,10,15,5.0,0,3,legitimate,0
2348.0,0,0.060150376,0.939849624,33.33333333,0.375,53,0.0,4,10,26,8.5,0,0,legitimate,0
8347.0,1,0.666666667,0.333333333,0.0,0.0,99,0.0808080809999999,9,33,15,9.857142857,1,3,phishing,1
4532.0,0,0.15625,0.84375,0.0,0.4,26,0.0,2,9,17,0.0,1,3,legitimate,0
8149.0,1,0.113095238,0.886904762,25.0,0.052631579,63,0.0,7,10,14,7.4,0,5,legitimate,0
5075.0,0,0.375,0.625,25.0,0.333333333,32,0.0,4,7,6,5.333333333,1,0,phishing,1
6133.0,0,0.215189873,0.7848101270000001,100.0,0.0,53,0.0,7,12,16,5.0,1,4,legitimate,0
9007.0,0,0.0,1.0,100.0,0.0,74,0.0,11,8,11,5.222222222,0,3,legitimate,0
246.0,0,1.0,0.0,0.0,0.5555555560000001,31,0.0,2,16,24,0.0,1,3,phishing,1
5075.0,1,0.030418251,0.969581749,33.33333333,1.0,45,0.0,5,10,17,9.5,0,4,legitimate,0
2314.0,0,0.0,1.0,0.0,0.0,50,0.06,5,12,21,6.333333333,1,0,phishing,1
8215.0,0,0.019093079,0.980906921,99.12280702,0.125,83,0.0,10,10,21,5.75,1,1,legitimate,0
4967.0,0,0.333333333,0.666666667,0.0,0.0,167,0.143712575,4,139,12,72.5,1,2,phishing,1
7295.0,0,0.928571429,0.071428571,14.28571429,0.846153846,29,0.0,2,9,22,0.0,1,3,phishing,1
3076.0,0,0.0,0.0,0.0,0.0,41,0.146341463,5,8,8,5.25,1,3,phishing,1
8554.0,0,0.011764706,0.988235294,50.0,0.5,54,0.111111111,7,13,13,5.8,0,3,legitimate,0
7590.0,0,0.1578947369999999,0.842105263,0.0,0.0,77,0.051948052,13,8,24,3.5,0,1,legitimate,0
3758.0,0,0.070175439,0.929824561,100.0,0.0,54,0.0,8,8,15,4.166666667,0,1,legitimate,0
5741.0,0,0.14893617,0.85106383,35.29411765,0.142857143,51,0.0,6,8,15,6.0,0,3,legitimate,0
3975.0,0,0.5,0.5,83.33333333,0.035714286,28,0.0,2,11,19,0.0,1,3,legitimate,0
5616.0,0,0.80952381,0.19047619,25.0,0.176470588,40,0.25,4,14,31,0.0,1,8,phishing,1
7295.0,0,0.928571429,0.071428571,14.28571429,0.846153846,42,0.023809524,2,22,35,0.0,1,0,phishing,1
7134.0,0,0.0334728029999999,0.966527197,65.21739129999999,0.375,49,0.0,5,10,16,7.333333333,0,0,legitimate,0
5745.0,1,1.0,0.0,0.0,0.0,77,0.0,7,18,29,7.0,1,0,phishing,1
1659.0,0,0.411764706,0.588235294,100.0,0.095238095,127,0.338582677,12,32,61,8.666666667000001,1,4,phishing,1
1547.0,1,0.727272727,0.272727273,4.347826087,0.125,47,0.063829787,5,13,30,4.0,1,4,phishing,1
5466.0,0,0.538461538,0.461538462,100.0,0.0,102,0.107843137,13,37,64,3.142857143,1,0,phishing,1
2660.0,1,0.0,1.0,100.0,0.0,262,0.1488549619999999,17,29,213,7.2,1,6,phishing,1
8979.0,1,0.083333333,0.916666667,60.0,0.133333333,48,0.0,5,8,24,7.0,1,3,legitimate,0
7620.0,0,0.362962963,0.637037037,81.33333333,0.020408163,56,0.0,4,14,29,9.0,1,1,legitimate,0
6132.0,0,0.205128205,0.794871795,100.0,0.0,60,0.0,10,8,16,3.625,1,4,legitimate,0
7133.0,0,0.029213483,0.970786517,56.66666667,0.307692308,34,0.0,4,9,16,4.0,1,0,legitimate,0
12208.0,0,0.436363636,0.563636364,57.14285714,0.25,43,0.209302326,5,11,16,5.333333333,1,4,legitimate,0
5626.0,1,0.80952381,0.19047619,25.0,0.294117647,40,0.05,5,9,26,5.0,1,3,phishing,1
5615.0,2,0.80952381,0.19047619,25.0,0.176470588,56,0.0,8,7,38,4.5,1,3,phishing,1
11.0,0,0.0,1.0,0.0,0.0,75,0.08,8,12,39,6.0,1,5,phishing,1
1546.0,0,0.7875,0.2125,13.04347826,0.015873016,40,0.075,2,14,32,0.0,1,4,phishing,1
7298.0,0,0.416,0.584,76.05633803,0.153846154,36,0.0,4,8,29,0.0,1,0,legitimate,0
5075.0,0,0.75,0.25,83.09859155,0.923076923,21,0.047619048,2,6,6,6.0,0,0,legitimate,0
5159.0,0,0.571428571,0.428571429,66.66666667,0.0,35,0.0,2,17,28,0.0,1,0,legitimate,0
1338.0,0,0.0,1.0,0.0,0.0,40,0.2,3,11,25,5.0,0,1,phishing,1
5309.0,0,0.302325581,0.697674419,66.66666667,0.307692308,51,0.019607843,7,8,15,4.8,1,3,legitimate,0
8144.0,0,0.357575758,0.642424242,80.0,0.13559322,72,0.013888889,8,10,17,7.0,0,3,legitimate,0
5905.0,0,0.625,0.375,17.85714286,0.04,24,0.0,2,8,15,0.0,0,3,legitimate,0
2308.0,0,0.034883721,0.965116279,0.0,0.0,71,0.028169014,7,13,20,6.333333333,1,3,phishing,1
7062.0,1,0.067961165,0.932038835,0.0,0.285714286,55,0.036363636,5,13,30,7.5,1,0,phishing,1
5075.0,1,0.0,1.0,100.0,0.0,120,0.066666667,10,31,18,10.75,1,1,phishing,1
8777.0,0,0.0,0.0,0.0,0.0,99,0.01010101,16,8,25,4.583333333,1,4,legitimate,0
2520.0,0,0.0,0.0,0.0,0.0,56,0.142857143,5,29,7,9.25,1,3,phishing,1
5616.0,0,0.80952381,0.19047619,25.0,0.176470588,60,0.016666667,8,12,29,4.75,1,1,phishing,1
4200.0,0,0.016611296,0.983388704,87.87878788,0.0,42,0.047619048,5,8,14,6.0,1,4,legitimate,0
533.0,4,0.837349398,0.162650602,0.909090909,0.107913669,238,0.193277311,20,40,23,10.38888889,1,12,phishing,1
2568.0,0,0.544117647,0.455882353,15.90909091,0.216216216,183,0.081967213,22,18,22,6.5,1,5,phishing,1
7419.0,0,1.0,0.0,0.0,0.0,246,0.0,46,10,13,4.113636364,0,4,legitimate,0
5159.0,0,0.5555555560000001,0.444444444,0.0,0.0,34,0.0,3,10,21,1.0,1,1,legitimate,0
8346.0,0,0.12962963,0.87037037,11.11111111,0.285714286,54,0.0,8,7,15,4.166666667,0,2,phishing,1
5673.0,0,0.44,0.56,22.22222222,0.181818182,55,0.0,4,16,24,10.5,1,4,legitimate,0
5075.0,0,0.0,0.0,0.0,0.0,53,0.0,6,10,17,6.25,1,1,legitimate,0
7296.0,0,0.408284024,0.591715976,70.99236641,0.5072463770000001,33,0.0,2,13,26,0.0,1,1,legitimate,0
5075.0,0,0.627118644,0.372881356,36.73469388,0.135135135,25,0.0,2,7,17,0.0,0,3,legitimate,0
7298.0,0,0.869565217,0.130434783,21.73913043,0.55,36,0.0,2,15,28,0.0,1,0,legitimate,0
5250.0,0,0.115384615,0.884615385,79.31034483,0.5,93,0.0,11,11,19,7.375,1,3,legitimate,0
4736.0,0,0.0,0.0,0.0,0.0,29,0.0,2,14,17,2.0,1,0,phishing,1
3927.0,0,0.0,1.0,100.0,0.0,40,0.0,3,15,16,15.0,0,4,legitimate,0
5521.0,2,0.333333333,0.666666667,0.0,0.0,163,0.251533742,8,75,9,19.71428571,0,5,phishing,1
6646.0,0,0.425925926,0.574074074,17.64705882,0.217391304,27,0.0,2,11,19,0.0,1,3,legitimate,0
5615.0,3,0.818181818,0.181818182,25.0,0.166666667,58,0.103448276,8,9,40,4.5,1,4,phishing,1
5590.0,0,0.075757576,0.924242424,91.93548387,0.2,60,0.05,8,13,22,3.833333333,1,3,legitimate,0
5767.0,0,0.033333333,0.966666667,100.0,0.0,77,0.324675325,4,32,23,14.66666667,1,5,phishing,1
6259.0,0,0.123893805,0.876106195,53.33333333,0.0,43,0.0,3,17,25,10.0,1,4,legitimate,0
2521.0,0,0.0,0.0,0.0,0.0,47,0.106382979,3,29,7,15.0,1,0,phishing,1
5075.0,0,0.084745763,0.915254237,0.0,0.0,17,0.058823529,1,7,10,0.0,0,0,legitimate,0
111.0,0,0.571428571,0.428571429,0.0,0.75,37,0.351351351,4,13,28,0.0,1,0,phishing,1
4517.0,0,0.045454545,0.954545455,25.0,0.117647059,24,0.0,3,6,15,0.0,1,3,legitimate,0
1159.0,0,0.5555555560000001,0.444444444,96.66666667,0.011111111,22,0.0,2,5,13,0.0,1,3,legitimate,0
6074.0,0,0.287933094,0.7120669059999999,46.93333333,0.55186722,51,0.0,6,9,18,5.5,1,0,legitimate,0
5627.0,0,0.444444444,0.5555555560000001,25.0,0.625,66,0.257575758,8,14,41,5.0,1,4,phishing,1
5075.0,0,0.978991597,0.021008403,0.0,0.012875536,27,0.0,2,11,18,0.0,0,3,legitimate,0
3250.0,0,0.794117647,0.205882353,0.0,0.0,30,0.0,5,5,10,5.0,1,3,phishing,1
5075.0,0,0.0,0.0,0.0,0.0,52,0.0,7,8,16,4.6,0,3,legitimate,0
5075.0,0,0.0,1.0,100.0,0.0,25,0.0,2,10,17,0.0,0,3,legitimate,0
2658.0,0,0.125,0.875,20.0,0.285714286,32,0.0,2,15,23,0.0,1,4,legitimate,0
8019.0,0,0.884615385,0.115384615,0.0,0.0,136,0.095588235,12,46,38,8.777777777999999,1,0,phishing,1
3938.0,0,0.044585987,0.955414013,33.33333333,0.285714286,31,0.0,2,15,23,0.0,1,4,legitimate,0
5075.0,0,0.857142857,0.142857143,0.0,0.055555556,31,0.0,2,11,22,0.0,1,3,legitimate,0
5075.0,3,0.818181818,0.181818182,25.0,0.166666667,51,0.0,6,11,14,5.0,1,1,phishing,1
5075.0,0,0.0,1.0,100.0,0.0,163,0.159509202,13,33,39,13.625,1,5,phishing,1
5075.0,0,0.042857143,0.957142857,91.66666667,0.0,31,0.0,3,10,17,4.0,0,3,legitimate,0
7083.0,0,1.0,0.0,0.0,0.0,266,0.135338346,10,200,28,31.85714286,1,6,phishing,1
1834.0,0,0.0,1.0,100.0,0.0,61,0.147540984,5,18,35,8.0,1,2,phishing,1
5075.0,2,0.0,1.0,0.0,0.0,41,0.0,5,9,18,4.333333333,1,3,phishing,1
1654.0,0,0.5365853660000001,0.463414634,0.0,0.227272727,54,0.0,6,13,11,8.0,1,4,phishing,1
4526.0,0,0.133333333,0.8666666670000001,50.0,0.3,31,0.0,2,14,22,0.0,1,3,legitimate,0
6056.0,0,0.6775700929999999,0.322429907,16.89189189,0.020689655,91,0.076923077,9,13,17,7.375,1,0,legitimate,0
5075.0,0,0.0,0.0,0.0,0.0,53,0.018867925,10,9,12,2.555555556,1,0,phishing,1
5627.0,0,0.444444444,0.5555555560000001,25.0,0.625,83,0.204819277,11,14,45,5.0,1,3,phishing,1
5075.0,0,0.0,0.0,0.0,0.0,76,0.210526316,10,10,26,4.375,1,0,legitimate,0
1163.0,4,0.0,1.0,100.0,0.0,71,0.0,7,16,19,6.333333333,1,2,phishing,1
7296.0,0,1.0,0.0,0.0,0.0,45,0.0,5,8,36,0.0,1,1,phishing,1
67.0,0,0.0,0.0,0.0,0.0,34,0.0,3,10,26,0.0,1,0,phishing,1
3460.0,0,0.0,0.0,0.0,0.0,28,0.035714286,3,7,7,5.5,1,0,phishing,1
5615.0,3,0.818181818,0.181818182,25.0,0.166666667,55,0.054545455,8,7,36,4.5,1,3,phishing,1
8527.0,0,0.223021583,0.776978417,66.66666667,0.096774194,30,0.0,2,12,22,0.0,1,1,legitimate,0
1485.0,0,0.484848485,0.515151515,0.0,0.1875,23,0.0,1,11,14,0.0,1,0,legitimate,0
566.0,0,0.25,0.75,0.0,0.0,23,0.0,2,8,15,0.0,0,3,legitimate,0
43.0,0,0.0,0.0,0.0,0.0,33,0.0,4,8,16,3.5,1,6,phishing,1
5990.0,0,0.166666667,0.833333333,0.0,0.0,68,0.235294118,4,32,22,18.0,1,0,phishing,1
1182.0,0,1.0,0.0,0.0,0.5,45,0.0,5,16,20,3.5,1,2,phishing,1
5971.0,0,0.0,0.0,0.0,0.0,53,0.075471698,6,13,21,5.25,1,5,phishing,1
3993.0,0,0.0,1.0,100.0,0.0,118,0.203389831,11,17,42,8.142857142999999,1,3,phishing,1
1891.0,0,0.578947368,0.421052632,50.0,0.727272727,74,0.0,11,10,13,4.4,1,0,legitimate,0
5075.0,0,0.043478261,0.956521739,90.90909091,0.0,49,0.040816327,4,14,9,9.333333333,1,0,phishing,1
7448.0,0,0.8412698409999999,0.158730159,20.0,0.056603774,115,0.069565217,14,10,23,5.916666667,1,2,legitimate,0
8311.0,0,0.038610039,0.961389961,75.0,0.0,20,0.0,2,5,12,0.0,1,3,legitimate,0
74.0,0,0.142857143,0.857142857,0.0,1.0,35,0.0,4,7,27,0.0,1,0,phishing,1
2554.0,1,0.074074074,0.925925926,50.0,0.5,59,0.016949153,6,16,18,5.8,1,3,phishing,1
778.0,3,0.578947368,0.421052632,11.11111111,0.227272727,70,0.057142857,8,15,23,5.5,1,3,phishing,1
273.0,0,0.0,1.0,100.0,0.0,105,0.047619048,13,14,20,6.0,1,4,phishing,1
2300.0,2,0.454545455,0.545454545,60.0,0.0,92,0.304347826,9,32,22,8.0,1,3,phishing,1
4202.0,0,0.217391304,0.7826086959999999,100.0,0.0,49,0.0,4,13,42,0.0,1,1,phishing,1
12713.0,0,0.195652174,0.804347826,62.5,1.0,63,0.0,7,10,25,6.75,1,0,legitimate,0
5075.0,1,0.0,0.0,0.0,0.0,62,0.096774194,8,9,20,4.833333333,1,3,phishing,1
5075.0,0,0.015625,0.984375,93.75,0.0,38,0.0,4,12,20,4.5,1,3,legitimate,0
5075.0,0,0.260869565,0.739130435,16.0,0.666666667,34,0.0,2,15,26,0.0,1,3,legitimate,0
3317.0,1,0.5,0.5,0.0,1.0,67,0.0,6,14,21,8.75,1,3,phishing,1
5075.0,0,0.067164179,0.932835821,70.96774194,0.0,19,0.0,1,5,12,0.0,1,0,legitimate,0
1834.0,0,0.0,1.0,100.0,0.0,66,0.1363636359999999,3,21,44,13.0,1,2,phishing,1
570.0,3,0.0,1.0,0.0,0.0,75,0.0,11,12,15,4.777777778,1,3,phishing,1
208.0,0,0.0,0.0,0.0,0.0,117,0.188034188,6,33,78,30.0,1,2,phishing,1
5075.0,0,0.142857143,0.857142857,0.0,1.0,22,0.0,1,9,15,0.0,1,0,phishing,1
5075.0,3,0.0,1.0,100.0,0.0,91,0.021978022,10,16,19,6.875,1,31,phishing,1
5075.0,0,0.7264957259999999,0.273504274,21.21212121,0.311764706,63,0.095238095,10,8,16,4.0,1,6,legitimate,0
3993.0,0,0.0,1.0,100.0,0.0,128,0.1796875,13,17,50,7.375,1,2,phishing,1
5075.0,1,0.0,1.0,100.0,0.0,52,0.019230769,3,18,39,5.0,1,0,phishing,1
1180.0,0,0.4,0.6,50.0,0.4,15,0.0,1,4,8,0.0,0,0,legitimate,0
7650.0,1,0.351351351,0.648648649,0.0,0.7692307690000001,41,0.0,4,8,16,7.5,1,3,legitimate,0
7686.0,0,0.098398169,0.901601831,47.5,0.279069767,35,0.0,5,6,14,3.666666667,0,4,legitimate,0
5075.0,0,0.0,0.0,0.0,0.0,32,0.0,4,7,21,2.0,1,3,phishing,1
2139.0,0,1.0,0.0,0.0,0.0,25,0.04,2,7,10,6.0,1,0,phishing,1
7133.0,0,0.01754386,0.98245614,72.22222222,0.3,50,0.0,5,13,16,7.666666667,0,1,legitimate,0
1107.0,0,0.49122807,0.50877193,0.0,0.285714286,33,0.0,2,16,24,0.0,1,3,legitimate,0
5075.0,0,0.0,0.0,0.0,0.0,83,0.409638554,8,19,16,7.428571429,1,2,phishing,1
5075.0,0,0.166666667,0.833333333,50.0,1.0,23,0.0,3,5,15,0.0,0,3,legitimate,0
6071.0,0,0.444,0.556,96.0,0.18018018,73,0.109589041,11,8,16,4.333333333,1,5,legitimate,0
1614.0,0,0.454545455,0.545454545,0.0,0.0,18,0.0,1,8,11,0.0,0,0,phishing,1
7447.0,0,0.439655172,0.560344828,100.0,0.0,34,0.0,2,11,25,0.0,1,3,legitimate,0
5661.0,2,0.6,0.4,0.0,0.0,40,0.0,5,9,12,4.0,1,0,phishing,1
5075.0,0,0.0,1.0,100.0,0.0,29,0.068965517,2,12,15,6.0,1,1,phishing,1
4003.0,0,0.0,1.0,100.0,0.0,119,0.218487395,12,17,42,7.375,1,3,phishing,1
8348.0,1,1.0,0.0,0.0,0.0,82,0.109756098,9,25,16,7.285714286,0,2,phishing,1
819.0,0,0.0,1.0,100.0,0.0,47,0.085106383,4,11,39,0.0,1,0,phishing,1
4824.0,0,0.069444444,0.930555556,57.14285714,0.0,27,0.0,3,5,19,0.0,0,3,legitimate,0
7157.0,0,0.059701493,0.940298507,100.0,1.0,44,0.159090909,6,8,14,4.75,1,1,legitimate,0
7083.0,0,1.0,0.0,0.0,0.0,49,0.0,4,14,30,5.0,1,1,phishing,1
6900.0,0,0.367567568,0.632432432,13.23529412,0.014705882,67,0.0,4,25,21,18.5,1,5,legitimate,0
5075.0,0,0.0,0.0,0.0,0.0,28,0.25,10,6,10,2.666666667,1,0,phishing,1
2688.0,0,0.133333333,0.8666666670000001,40.0,0.5,49,0.040816327,7,9,13,3.666666667,1,0,legitimate,0
4823.0,0,1.0,0.0,0.0,0.0,29,0.0,3,10,21,0.0,1,0,phishing,1
1588.0,6,0.966666667,0.033333333,7.142857143,0.0,159,0.031446541,21,15,19,5.6,1,4,phishing,1
1561.0,0,0.932885906,0.067114094,66.66666667,0.0,21,0.0,1,8,12,0.0,1,0,phishing,1
1479.0,2,0.181818182,0.818181818,100.0,0.0,197,0.406091371,12,64,14,15.0,1,11,phishing,1
4003.0,0,0.0,1.0,100.0,0.0,126,0.158730159,13,17,50,7.375,1,2,phishing,1
1556.0,0,0.0,0.0,100.0,0.0,25,0.0,2,8,16,0.0,0,3,legitimate,0
5408.0,1,0.58490566,0.41509434,47.91666667,0.35483871,89,0.08988764,14,9,14,4.5,0,5,legitimate,0
4274.0,0,0.146341463,0.853658537,41.17647059,0.5555555560000001,76,0.0,11,8,32,5.166666667,1,4,legitimate,0
6031.0,0,0.065217391,0.934782609,50.0,0.666666667,29,0.0,2,13,20,0.0,1,3,legitimate,0
5616.0,2,0.80952381,0.19047619,25.0,0.176470588,68,0.088235294,10,7,37,4.75,1,1,phishing,1
75.0,1,0.153846154,0.846153846,0.0,0.0,40,0.075,5,8,23,4.0,1,1,phishing,1
8885.0,0,0.085714286,0.914285714,36.36363636,0.222222222,54,0.0,6,13,21,5.25,1,4,legitimate,0
7295.0,0,1.0,0.0,0.0,0.0,37,0.108108108,2,15,28,0.0,1,0,phishing,1
2081.0,0,1.0,0.0,0.0,0.0,28,0.0,2,11,19,0.0,0,3,legitimate,0
1953.0,0,0.875,0.125,0.0,0.0,44,0.0,4,9,17,8.5,1,2,phishing,1
3993.0,0,0.0,1.0,100.0,0.0,128,0.1171875,13,17,50,7.375,1,4,phishing,1
8517.0,0,0.563380282,0.436619718,75.0,0.0,36,0.0,3,11,16,11.0,0,4,legitimate,0
7275.0,0,0.058823529,0.941176471,78.94736842,0.5,35,0.0,4,8,14,6.0,0,1,legitimate,0
49.0,0,0.0,0.0,0.0,0.0,47,0.0,5,11,39,0.0,1,1,phishing,1
5075.0,0,0.444444444,0.5555555560000001,0.0,0.0,40,0.0,2,14,31,0.0,1,1,phishing,1
7298.0,0,0.330143541,0.669856459,18.36734694,0.565217391,33,0.0,2,11,24,0.0,1,0,legitimate,0
612.0,0,0.023255814,0.976744186,80.0,0.0,28,0.0,2,8,12,6.0,0,1,phishing,1
7802.0,0,0.75,0.25,0.0,0.0,27,0.0,2,11,19,0.0,1,1,phishing,1
4205.0,0,0.049535604,0.950464396,50.0,0.125,39,0.0,2,22,30,0.0,1,3,legitimate,0
9226.0,1,0.055555556,0.944444444,30.76923077,0.148148148,40,0.025,5,7,13,5.666666667,0,3,legitimate,0
238.0,0,1.0,0.0,0.0,0.0,29,0.0,2,13,16,3.0,1,0,phishing,1
8579.0,0,0.256410256,0.7435897440000001,51.72413793,0.066666667,27,0.0,2,8,18,0.0,0,3,legitimate,0
1141.0,0,0.463087248,0.536912752,18.18181818,0.028985507,25,0.0,2,8,16,0.0,1,3,legitimate,0
216.0,0,0.142857143,0.857142857,0.0,1.0,243,0.197530864,27,39,37,7.608695652000001,1,11,phishing,1
7297.0,0,0.857142857,0.142857143,12.5,0.133333333,50,0.12,6,8,20,4.5,1,1,phishing,1
6017.0,0,0.941860465,0.058139535,100.0,0.024691358,30,0.0,3,6,14,5.0,0,3,legitimate,0
5822.0,0,0.621359223,0.378640777,0.0,0.0,60,0.0,6,18,26,5.5,1,6,legitimate,0
5626.0,0,0.818181818,0.181818182,25.0,0.277777778,72,0.055555556,9,17,39,7.666666667,1,2,phishing,1
5756.0,0,0.033333333,0.966666667,100.0,0.0,77,0.272727273,4,32,23,14.66666667,1,3,phishing,1
5313.0,0,0.206896552,0.793103448,100.0,0.0,30,0.0,2,13,21,0.0,1,3,legitimate,0
7295.0,0,0.923076923,0.076923077,16.66666667,0.833333333,34,0.029411765,2,14,27,0.0,1,0,phishing,1
3180.0,0,0.03030303,0.96969697,90.0,1.0,27,0.0,2,8,11,8.0,0,0,legitimate,0
2756.0,0,0.4,0.6,0.0,0.5,35,0.0,2,19,27,0.0,1,3,legitimate,0
7298.0,0,0.7142857140000001,0.285714286,83.33333333,0.1,40,0.0,2,19,32,0.0,1,0,legitimate,0
2634.0,0,1.0,0.0,0.0,0.0,32,0.0,2,13,24,0.0,1,1,phishing,1
5614.0,0,0.80952381,0.19047619,25.0,0.176470588,47,0.0,6,7,38,0.0,1,3,phishing,1
2300.0,2,0.454545455,0.545454545,60.0,0.0,98,0.255102041,10,32,26,8.142857142999999,1,4,phishing,1
5075.0,0,0.024875622,0.975124378,93.61702128,0.0,22,0.0,2,4,13,0.0,1,0,legitimate,0
5415.0,0,0.226804124,0.773195876,21.42857143,0.363636364,66,0.0,9,11,30,3.666666667,1,1,legitimate,0
4698.0,0,0.153846154,0.846153846,0.0,0.0,32,0.0,3,10,14,4.0,1,3,phishing,1
5075.0,0,0.754601227,0.245398773,29.62962963,0.024390244,20,0.45,8,3,12,2.25,1,0,phishing,1
614.0,0,0.0,1.0,0.0,0.0,21,0.19047619,2,7,13,0.0,1,3,phishing,1
4744.0,0,0.20657277,0.79342723,23.25581395,0.386363636,48,0.0,5,9,19,5.666666667,0,3,legitimate,0
5613.0,0,0.5301204820000001,0.469879518,56.92307692,0.363636364,51,0.098039216,9,7,34,4.0,1,1,phishing,1
5075.0,0,0.590909091,0.409090909,77.77777778,0.076923077,34,0.0,5,5,19,2.0,1,3,legitimate,0
7616.0,0,0.366336634,0.6336633660000001,84.44444444,0.027027027,62,0.0,6,16,31,5.0,1,2,legitimate,0
6898.0,0,0.0,0.0,0.0,0.0,57,0.0,8,11,19,4.166666667,1,4,legitimate,0
8395.0,0,0.020253165,0.979746835,88.73239437,0.375,83,0.0,10,9,15,6.625,0,3,legitimate,0
5887.0,0,0.604095563,0.3959044370000001,8.045977011,0.0,33,0.0,2,15,25,0.0,1,3,legitimate,0
5936.0,0,0.012658228,0.987341772,0.0,1.0,29,0.0,4,6,13,3.0,1,3,legitimate,0
2031.0,0,0.567567568,0.432432432,38.88888889,0.142857143,24,0.0,2,7,15,0.0,1,4,legitimate,0
7436.0,0,0.005347594,0.994652406,97.6744186,0.0,23,0.0,2,7,15,0.0,0,3,legitimate,0
7836.0,0,0.220833333,0.779166667,31.25,0.245283019,53,0.037735849,6,10,23,6.333333333,0,4,legitimate,0
5510.0,0,0.1785714289999999,0.8214285709999999,60.0,0.6,23,0.0,2,7,15,0.0,0,3,legitimate,0
2095.0,0,0.05,0.95,80.0,0.2,34,0.0,2,17,25,0.0,1,3,legitimate,0
8976.0,1,0.222222222,0.7777777779999999,44.44444444,0.25,62,0.14516129,7,15,23,5.2,1,3,legitimate,0
5613.0,0,0.25,0.75,0.0,0.0,68,0.088235294,11,7,59,0.0,1,3,phishing,1
7131.0,0,0.086374696,0.913625304,66.50943396,0.323943662,55,0.0,6,9,16,6.75,0,0,legitimate,0
8149.0,0,0.347058824,0.652941176,80.0,0.13559322,59,0.0,7,11,17,6.0,0,4,legitimate,0
5616.0,0,0.368421053,0.6315789470000001,100.0,0.0,157,0.114649682,9,67,41,20.6,1,5,phishing,1
2064.0,1,0.055555556,0.944444444,100.0,0.0,53,0.0,4,17,41,4.0,1,0,phishing,1
1029.0,0,0.009237875,0.990762125,78.57142857,0.25,23,0.0,2,7,15,0.0,1,4,legitimate,0
7297.0,0,0.857142857,0.142857143,12.5,0.133333333,51,0.117647059,6,9,20,4.75,1,4,phishing,1
7187.0,0,0.022222222,0.977777778,100.0,0.0,41,0.0,3,10,13,9.0,1,0,legitimate,0
2315.0,0,0.0,1.0,0.0,0.0,50,0.06,5,12,21,6.333333333,1,0,phishing,1
5627.0,1,0.818181818,0.181818182,25.0,0.277777778,57,0.0,8,9,44,5.0,1,4,phishing,1
2634.0,0,0.0,0.0,0.0,0.0,137,0.0,16,14,22,6.714285714,1,5,legitimate,0
1774.0,0,0.031722054,0.968277946,73.91304348,0.142857143,26,0.0,2,9,17,0.0,0,3,legitimate,0
3993.0,0,0.0,1.0,100.0,0.0,126,0.111111111,12,17,50,8.142857142999999,1,6,phishing,1
5075.0,1,0.0,1.0,100.0,0.0,76,0.013157895,8,21,44,5.0,1,0,phishing,1
7129.0,0,0.14021164,0.85978836,56.55737705,0.462264151,43,0.0,5,9,16,5.333333333,0,0,legitimate,0
6372.0,0,0.007575758,0.992424242,83.33333333,0.0,25,0.0,2,10,17,0.0,1,3,legitimate,0
4431.0,0,0.303030303,0.696969697,50.0,0.5,23,0.0,2,7,15,0.0,0,3,legitimate,0
2108.0,0,0.0,1.0,100.0,0.0,57,0.035087719,8,9,13,4.285714286,1,5,phishing,1
5627.0,0,0.818181818,0.181818182,25.0,0.277777778,59,0.0,6,15,31,9.5,1,1,phishing,1
9335.0,0,0.0,0.0,0.0,0.0,51,0.117647059,7,7,17,4.4,1,3,legitimate,0
5075.0,0,0.230769231,0.7692307690000001,0.0,0.0,42,0.0,3,15,21,5.5,1,2,phishing,1
3993.0,0,0.0,1.0,100.0,0.0,127,0.125984252,13,17,50,7.375,1,7,phishing,1
9614.0,0,0.117283951,0.8827160490000001,50.0,0.0,72,0.0,8,10,18,6.666666667,1,3,legitimate,0
707.0,0,0.0161290319999999,0.983870968,87.5,0.0,88,0.011363636,12,8,16,5.5,1,7,phishing,1
7506.0,0,0.028571429,0.971428571,66.66666667,0.75,49,0.0,5,15,23,5.0,1,4,legitimate,0
7423.0,0,0.128440367,0.871559633,100.0,0.0,19,0.0,1,6,12,0.0,1,0,legitimate,0
5219.0,0,0.086956522,0.913043478,50.0,0.625,29,0.0,2,12,20,0.0,1,3,legitimate,0
62.0,0,0.4,0.6,50.0,0.25,46,0.0,8,7,14,4.0,1,0,phishing,1
2703.0,0,0.372093023,0.627906977,46.15384615,0.21875,132,0.045454545,17,20,28,5.466666667,1,6,legitimate,0
2334.0,0,0.0,0.0,0.0,0.0,28,0.0,3,9,17,2.0,1,3,phishing,1
5075.0,0,0.2,0.8,66.66666667,1.0,48,0.0,5,8,15,7.333333333,1,5,legitimate,0
7811.0,0,0.146067416,0.853932584,18.18181818,0.076923077,81,0.0123456789999999,7,23,18,10.2,0,3,legitimate,0
4503.0,4,0.9,0.1,0.0,0.222222222,76,0.0,11,8,9,5.0,1,0,phishing,1
9184.0,0,0.242105263,0.757894737,1.470588235,0.0144927539999999,42,0.0,4,10,17,8.0,0,3,legitimate,0
7133.0,0,0.04,0.96,78.03738318,0.446808511,52,0.0,6,9,16,6.0,0,1,legitimate,0
6256.0,0,0.1352657,0.8647343000000001,53.33333333,0.0,42,0.0,3,17,25,9.0,1,5,legitimate,0
1546.0,0,0.774193548,0.225806452,4.347826087,0.125,56,0.125,3,17,30,17.0,1,4,phishing,1
8611.0,0,0.243027888,0.756972112,2.380952381,0.31147541,28,0.0,2,12,20,0.0,1,4,legitimate,0
1369.0,0,0.109756098,0.890243902,88.88888889,0.0,23,0.0,2,6,14,0.0,0,4,legitimate,0
6217.0,0,0.333333333,0.666666667,0.0,0.666666667,37,0.162162162,4,9,16,5.0,1,4,legitimate,0
7618.0,0,0.426966292,0.573033708,65.0,0.052631579,65,0.0,5,18,33,7.333333333,1,0,legitimate,0
7764.0,0,1.0,0.0,0.0,0.0,132,0.045454545,9,38,16,14.28571429,1,41,phishing,1
4363.0,0,0.076045627,0.923954373,45.45454545,0.05,31,0.0,4,6,22,0.0,0,3,legitimate,0
5075.0,0,0.0,1.0,100.0,0.0,42,0.0,5,7,15,5.666666667,1,3,phishing,1
5616.0,0,0.444444444,0.5555555560000001,25.0,0.375,109,0.155963303,15,14,45,5.222222222,1,3,phishing,1
3993.0,0,0.0,1.0,100.0,0.0,117,0.1623931619999999,11,17,42,8.142857142999999,1,1,phishing,1
5075.0,0,0.0,0.0,0.0,0.0,18,0.0,1,4,11,0.0,1,2,legitimate,0
1466.0,0,0.117021277,0.882978723,85.24590164,0.363636364,38,0.0,2,22,30,0.0,1,4,legitimate,0
756.0,1,0.0,1.0,0.0,0.0,339,0.156342183,14,94,30,29.2,1,8,phishing,1
3992.0,0,0.0,1.0,100.0,0.0,118,0.194915254,12,17,42,7.375,1,11,phishing,1
4454.0,0,0.25862069,0.74137931,58.82352941,0.133333333,24,0.0,2,8,16,0.0,0,3,legitimate,0
5222.0,0,0.355263158,0.644736842,30.76923077,0.0,48,0.041666667,5,11,18,6.666666667,1,5,legitimate,0
3459.0,0,0.7752808990000001,0.224719101,4.587155963,0.816425121,26,0.0,2,10,17,0.0,1,0,legitimate,0
8759.0,0,0.246031746,0.753968254,20.68965517,0.129032258,82,0.097560976,10,9,18,6.0,0,4,legitimate,0
8173.0,0,0.04,0.96,100.0,0.0,51,0.0,6,11,18,5.25,1,6,legitimate,0
2100.0,0,0.0,0.0,0.0,0.0,52,0.115384615,6,12,16,6.25,1,6,phishing,1
5621.0,0,0.102040816,0.8979591840000001,69.23076923,0.6,40,0.0,7,5,14,3.75,0,4,legitimate,0
1072.0,1,0.0,1.0,0.0,0.0,68,0.0,8,15,26,6.0,1,4,phishing,1
5349.0,0,0.428571429,0.571428571,0.0,0.196078431,48,0.0,5,8,12,6.0,1,0,legitimate,0
7202.0,0,0.941176471,0.058823529,0.0,0.125,31,0.0,3,7,17,5.0,1,0,phishing,1
7489.0,0,0.0,0.0,0.0,0.0,108,0.4074074070000001,11,32,16,8.333333332999999,1,7,phishing,1
117.0,0,0.588235294,0.411764706,25.0,0.1,25,0.0,3,6,17,0.0,1,0,phishing,1
5075.0,0,0.0,0.0,0.0,0.0,21,0.142857143,2,7,6,7.0,1,1,phishing,1
5075.0,0,0.285714286,0.7142857140000001,53.84615385,0.0,24,0.0,1,12,15,0.0,1,0,legitimate,0
4451.0,0,0.5,0.5,77.14285714,0.444444444,26,0.0,3,5,18,0.0,0,3,legitimate,0
1736.0,0,0.166666667,0.833333333,0.0,0.0,38,0.0,5,7,20,4.5,1,2,phishing,1
3993.0,0,0.0,1.0,100.0,0.0,68,0.220588235,6,15,42,8.5,1,5,phishing,1
2231.0,1,0.0,1.0,100.0,0.0,73,0.150684932,9,25,14,6.285714286,1,4,phishing,1
5075.0,0,0.0,0.0,0.0,0.0,34,0.088235294,5,6,6,4.0,1,0,phishing,1
1887.0,0,0.0,1.0,0.0,0.0,32,0.0,4,8,11,3.666666667,1,0,phishing,1
5088.0,1,0.0,0.0,0.0,0.0,40,0.0,5,10,18,4.0,1,4,phishing,1
8348.0,0,1.0,0.0,0.0,0.0,66,0.090909091,5,33,16,13.0,0,2,phishing,1
4004.0,0,0.0,1.0,100.0,0.0,123,0.154471545,13,17,46,7.375,1,4,phishing,1
7765.0,0,1.0,0.0,0.0,0.0,132,0.037878788,9,38,16,14.28571429,1,41,phishing,1
4525.0,0,0.023076923,0.976923077,38.46153846,0.333333333,26,0.0,2,10,17,0.0,0,3,legitimate,0
3993.0,0,0.0,1.0,100.0,0.0,125,0.112,12,17,50,8.142857142999999,1,6,phishing,1
72.0,0,0.0,1.0,0.0,0.0,75,0.0,9,14,18,5.125,1,2,phishing,1
111.0,0,0.0,1.0,0.0,0.0,66,0.0,10,13,21,3.75,1,10,phishing,1
7307.0,1,0.0,0.0,0.0,0.0,30,0.0,3,7,18,3.0,1,1,phishing,1
3952.0,1,0.02020202,0.97979798,0.0,0.5,59,0.0,4,20,21,14.0,1,3,legitimate,0
2367.0,0,0.061538462,0.938461538,100.0,0.25,24,0.125,1,8,11,0.0,0,1,legitimate,0
2620.0,0,0.0,1.0,0.0,0.0,28,0.0,2,9,19,0.0,1,0,legitimate,0
8337.0,0,0.19047619,0.80952381,23.52941176,0.375,20,0.0,1,7,11,0.0,1,0,legitimate,0
2.0,0,0.147679325,0.852320675,84.32432432,0.114285714,46,0.0,6,11,18,4.0,1,4,phishing,1
3859.0,2,1.0,0.0,0.0,0.0,66,0.0,8,13,21,5.0,1,3,phishing,1
5601.0,0,0.608695652,0.391304348,25.0,0.571428571,100,0.07,15,9,17,4.846153846,1,6,legitimate,0
6384.0,0,0.744186047,0.255813953,48.7804878,0.09375,56,0.0,6,15,23,5.5,1,3,legitimate,0
3250.0,0,0.814814815,0.185185185,0.0,0.0,32,0.0,5,6,10,6.0,1,5,phishing,1
9336.0,0,0.044546851,0.955453149,80.95238095,0.103448276,36,0.0,6,4,14,2.75,0,3,legitimate,0
2046.0,3,0.102272727,0.897727273,85.71428571,0.5555555560000001,103,0.155339806,9,32,15,9.0,1,9,phishing,1
3993.0,0,0.0,1.0,100.0,0.0,116,0.163793103,11,17,42,8.142857142999999,1,1,phishing,1
6070.0,0,0.217162872,0.7828371279999999,32.55813953,0.0161290319999999,60,0.0,7,8,18,6.0,1,1,legitimate,0
5789.0,0,0.966666667,0.033333333,0.0,0.24137931,32,0.0625,2,10,25,0.0,1,0,phishing,1
2363.0,0,0.8,0.2,0.0,0.125,32,0.0,5,5,8,3.0,1,0,phishing,1
8018.0,0,1.0,0.0,0.0,0.0,130,0.023076923,13,38,29,8.1,1,3,phishing,1
4609.0,4,0.666666667,0.333333333,0.0,0.0,108,0.0,14,14,17,5.076923077,1,8,phishing,1
5627.0,1,0.80952381,0.19047619,25.0,0.294117647,51,0.117647059,7,7,37,5.0,1,1,phishing,1
7086.0,0,1.0,0.0,0.0,0.0,459,0.479302832,16,288,23,29.57142857,1,38,phishing,1
3154.0,0,0.958333333,0.041666667,14.28571429,0.130434783,21,0.047619048,2,6,6,6.0,1,0,phishing,1
7295.0,0,0.928571429,0.071428571,14.28571429,0.230769231,30,0.0,3,8,21,0.0,1,0,phishing,1
6082.0,0,0.9375,0.0625,0.0,0.2,56,0.0,6,11,19,6.5,1,4,phishing,1
8348.0,0,0.0,1.0,100.0,0.0,186,0.107526882,21,29,14,7.473684211,1,13,phishing,1
2532.0,2,0.0,1.0,100.0,0.0,56,0.0,5,12,48,0.0,1,0,phishing,1
3824.0,0,0.464705882,0.5352941179999999,5.8823529410000015,0.189873418,106,0.066037736,16,12,20,4.571428571,1,5,legitimate,0
5075.0,0,0.0,0.0,0.0,0.0,55,0.381818182,3,32,14,32.0,1,3,phishing,1
3322.0,4,0.0,1.0,100.0,0.0,88,0.011363636,12,15,19,4.6363636360000005,1,0,phishing,1
1014.0,0,0.0,0.0,0.0,0.0,45,0.0,3,19,23,6.5,1,0,phishing,1
2200.0,0,0.301369863,0.698630137,51.35135135,0.772727273,33,0.0,1,18,26,0.0,1,0,legitimate,0
2597.0,0,1.0,0.0,0.0,0.0,56,0.0,7,11,18,6.75,1,0,phishing,1
8957.0,0,0.398734177,0.601265823,46.15384615,0.063492063,44,0.0,5,9,16,5.333333333,0,3,legitimate,0
5075.0,1,0.444444444,0.5555555560000001,55.55555556,0.0,138,0.02173913,18,11,12,6.375,1,0,legitimate,0
8981.0,0,0.363636364,0.636363636,64.28571429,0.4166666670000001,43,0.046511628,5,12,20,4.0,1,3,legitimate,0
5075.0,1,0.516129032,0.483870968,0.0,0.4375,162,0.382716049,15,17,14,9.769230769,1,17,phishing,1
7294.0,0,0.00862069,0.99137931,100.0,0.0,36,0.0,4,11,19,4.0,1,3,legitimate,0
467.0,1,0.0,0.0,0.0,0.0,75,0.0,9,8,56,3.0,1,1,phishing,1
5742.0,0,0.0,1.0,100.0,0.0,30,0.0,2,13,21,0.0,1,4,legitimate,0
8704.0,0,0.1,0.9,50.0,0.0,23,0.0,2,6,16,0.0,1,1,legitimate,0
4726.0,3,0.0,1.0,100.0,0.0,77,0.038961039,10,9,8,5.777777778,1,2,phishing,1
2133.0,0,0.41322314,0.58677686,68.0,0.04,47,0.0,4,10,31,7.0,1,0,legitimate,0
1953.0,1,0.421052632,0.578947368,100.0,0.0,33,0.090909091,3,10,14,10.0,1,1,phishing,1
5075.0,0,0.153846154,0.846153846,0.0,0.0,53,0.150943396,8,10,18,3.666666667,1,4,legitimate,0
4609.0,4,0.666666667,0.333333333,0.0,0.0,112,0.0,15,14,17,5.285714286,1,2,phishing,1
2354.0,0,0.931034483,0.068965517,6.024096386,0.133333333,20,0.1,2,6,6,6.0,1,0,phishing,1
7448.0,0,0.396226415,0.603773585,100.0,0.0,39,0.0,2,16,30,0.0,1,2,legitimate,0
5075.0,0,0.318181818,0.681818182,75.0,0.7857142859999999,26,0.0,2,9,17,0.0,1,3,legitimate,0
4628.0,0,0.06870229,0.93129771,83.33333333,0.111111111,74,0.027027027,8,12,20,6.5,1,5,legitimate,0
2381.0,4,0.0,0.0,0.0,0.0,73,0.0,8,15,19,5.714285714,1,1,phishing,1
1192.0,1,0.487804878,0.5121951220000001,0.0,0.15,47,0.0,2,25,39,0.0,1,2,phishing,1
3992.0,0,0.0,1.0,100.0,0.0,124,0.14516129,12,17,50,8.142857142999999,1,3,phishing,1
2899.0,1,0.0,0.0,0.0,0.0,46,0.02173913,7,7,15,3.8,1,3,phishing,1
3992.0,0,0.0,1.0,100.0,0.0,127,0.188976378,13,17,50,7.375,1,4,phishing,1
7086.0,0,1.0,0.0,0.0,0.0,41,0.0,3,11,32,0.0,1,0,phishing,1
4858.0,0,0.0,0.0,0.0,0.0,69,0.086956522,7,15,23,6.8,1,4,legitimate,0
1780.0,0,0.0,0.0,0.0,0.0,25,0.0,2,11,14,2.0,1,1,phishing,1
4059.0,0,0.264900662,0.7350993379999999,84.61538462,0.025,87,0.068965517,12,13,23,4.6,1,4,legitimate,0
3574.0,2,0.0,0.0,0.0,0.0,565,0.247787611,8,487,29,86.83333333,1,28,phishing,1
5639.0,0,0.404761905,0.595238095,0.0,0.0,43,0.069767442,6,9,15,4.0,1,3,legitimate,0
7295.0,0,0.8125,0.1875,14.28571429,0.846153846,31,0.0,2,11,24,0.0,1,1,phishing,1
5075.0,2,0.0,1.0,0.0,0.0,69,0.0,9,13,21,4.714285714,1,4,phishing,1
3583.0,0,0.454545455,0.545454545,50.0,0.0,67,0.0,7,12,29,6.75,1,0,legitimate,0
5075.0,0,0.0,0.0,0.0,0.0,39,0.025641026,5,7,14,5.0,1,3,phishing,1
5075.0,0,0.266666667,0.7333333329999999,73.07692308,0.166666667,24,0.0,2,8,16,0.0,1,3,legitimate,0
614.0,3,0.657894737,0.342105263,0.0,0.24,76,0.0,10,8,15,5.625,1,4,phishing,1
5075.0,0,0.0,0.0,0.0,0.0,24,0.083333333,2,6,10,5.0,1,1,phishing,1
3403.0,3,0.0,1.0,100.0,0.0,60,0.0,8,14,22,4.166666667,1,3,phishing,1
4003.0,0,0.0,1.0,100.0,0.0,128,0.1875,13,17,50,7.375,1,2,phishing,1
1338.0,0,0.0,1.0,0.0,0.0,37,0.216216216,3,11,25,3.0,0,2,phishing,1
3318.0,1,0.0,1.0,100.0,0.0,44,0.022727273,4,17,21,4.333333333,1,0,phishing,1
7295.0,0,0.928571429,0.071428571,14.28571429,0.846153846,33,0.0,2,13,26,0.0,1,1,phishing,1
3306.0,0,0.024691358,0.975308642,84.61538462,0.75,51,0.039215686,6,11,10,5.6,0,2,legitimate,0
7903.0,0,0.359223301,0.640776699,85.29411765,1.810810811,72,0.083333333,8,15,23,6.0,1,3,legitimate,0
1337.0,0,0.0,1.0,0.0,0.0,53,0.0,8,11,20,1.5,0,0,phishing,1
9553.0,1,0.0,0.0,0.0,0.0,85,0.058823529,12,11,17,5.0,1,4,legitimate,0
7371.0,0,0.0686274509999999,0.931372549,100.0,0.142857143,22,0.0,2,6,14,0.0,1,3,legitimate,0
5075.0,0,1.0,0.0,0.0,0.0,104,0.144230769,17,12,6,4.5625,1,5,phishing,1
4633.0,0,0.0,0.0,0.0,0.0,36,0.0,4,8,19,3.5,1,1,phishing,1
5014.0,2,0.318181818,0.681818182,25.0,0.571428571,67,0.059701493,9,8,15,5.428571429,1,1,phishing,1
7595.0,0,0.142857143,0.857142857,0.0,0.0,40,0.0,3,12,31,0.0,1,1,phishing,1
5075.0,0,0.87804878,0.12195122,15.68627451,0.027777778,27,0.0,2,10,18,0.0,1,3,legitimate,0
5075.0,0,0.033898305,0.966101695,58.82352941,0.125,39,0.0,2,22,30,0.0,1,4,legitimate,0
2837.0,0,0.2,0.8,75.0,0.0,33,0.0,3,11,25,0.0,1,1,phishing,1
5075.0,0,0.064516129,0.935483871,66.66666667,0.25,17,0.0,2,3,9,0.0,0,3,legitimate,0
7039.0,0,0.0,0.0,0.0,0.0,33,0.0,3,8,12,5.5,1,0,phishing,1
5177.0,0,0.7027027029999999,0.297297297,45.16129032,0.423076923,65,0.123076923,8,11,15,4.857142857,1,1,legitimate,0
5075.0,0,0.0,0.0,0.0,0.0,27,0.0,2,8,15,3.0,1,0,phishing,1
2429.0,0,0.846153846,0.153846154,50.0,0.090909091,69,0.0,7,16,24,6.6,1,7,phishing,1
2344.0,0,0.148148148,0.851851852,40.0,0.4166666670000001,44,0.0,4,10,26,4.0,0,1,legitimate,0
8479.0,0,0.0,1.0,0.0,0.0,20,0.0,2,4,12,0.0,0,3,legitimate,0
5075.0,2,0.142857143,0.857142857,77.77777778,0.666666667,62,0.0161290319999999,8,8,15,4.571428571,1,1,phishing,1
5075.0,3,0.571428571,0.428571429,33.33333333,0.0,396,0.047979798,80,10,14,3.986842105,1,8,phishing,1
78.0,0,0.941176471,0.058823529,50.0,0.0,36,0.055555556,3,15,29,0.0,1,4,phishing,1
330.0,1,0.0,1.0,100.0,0.0,189,0.195767196,17,40,51,10.63636364,1,9,phishing,1
220.0,0,0.588235294,0.411764706,25.0,0.1,26,0.0,3,6,18,0.0,1,1,phishing,1
8435.0,0,0.127118644,0.8728813559999999,88.73239437,0.333333333,64,0.0,7,15,23,5.8,1,5,legitimate,0
3993.0,0,0.0,1.0,100.0,0.0,127,0.188976378,13,17,50,7.375,1,2,phishing,1
7545.0,0,0.612903226,0.387096774,18.18181818,0.105263158,96,0.0625,12,12,21,5.6,1,1,legitimate,0
2963.0,1,1.0,0.0,0.0,0.0,42,0.047619048,5,7,12,4.75,1,0,phishing,1
3014.0,1,0.0,1.0,0.0,0.0,49,0.081632653,4,17,28,6.0,0,1,phishing,1
1950.0,1,1.0,0.0,0.0,0.0,43,0.0,2,19,35,0.0,1,2,phishing,1
7537.0,0,0.265432099,0.7345679009999999,27.27272727,0.023255814,87,0.068965517,11,9,14,6.333333333,1,7,legitimate,0
6840.0,0,0.011538462,0.988461538,33.33333333,0.666666667,56,0.0,6,13,21,5.75,0,3,legitimate,0
5075.0,0,0.111111111,0.8888888890000001,0.0,0.5,23,0.0,1,7,14,0.0,0,1,legitimate,0
2566.0,0,0.1743589739999999,0.8256410259999999,37.5,0.235294118,26,0.0,2,9,17,0.0,1,4,legitimate,0
1953.0,0,0.875,0.125,0.0,0.0,51,0.078431373,4,16,24,16.0,1,1,phishing,1
5658.0,0,0.0,0.0,0.0,0.0,67,0.044776119,6,11,22,8.25,1,1,phishing,1
5075.0,0,0.0,1.0,0.0,0.0,75,0.013333333,8,11,23,6.0,0,4,phishing,1
2695.0,0,0.0,0.0,0.0,0.0,30,0.0,2,11,21,0.0,1,0,legitimate,0
3320.0,0,0.024793388,0.975206612,91.17647059,1.0,24,0.0,2,7,15,0.0,1,3,legitimate,0
5075.0,0,1.0,0.0,0.0,0.0,22,0.090909091,2,6,7,6.0,1,0,phishing,1
348.0,0,0.0,0.0,0.0,0.0,51,0.098039216,7,10,18,3.8,1,3,phishing,1
7253.0,0,1.0,0.0,0.0,0.583333333,17,0.0,2,3,10,0.0,1,0,phishing,1
9283.0,0,0.6771653540000001,0.322834646,10.20408163,0.220930233,48,0.0,6,9,15,5.25,1,3,legitimate,0
6256.0,0,0.104395604,0.895604396,76.19047619,0.0,54,0.018518519,3,17,35,11.0,1,1,legitimate,0
5075.0,0,0.2,0.8,37.5,0.2,23,0.0,2,8,15,0.0,0,3,legitimate,0
6128.0,0,0.038961039,0.961038961,90.90909091,0.333333333,52,0.0,6,12,23,4.5,1,0,legitimate,0
5883.0,0,0.045643154,0.954356846,94.87179487,0.0,56,0.0,8,7,15,4.666666667,0,3,legitimate,0
7133.0,0,0.059055118,0.940944882,54.54545455,0.466666667,55,0.0,8,9,16,4.166666667,0,1,legitimate,0
6743.0,0,0.28125,0.71875,46.15384615,0.333333333,35,0.0,3,11,19,7.0,1,3,legitimate,0
998.0,0,0.0,0.0,0.0,0.0,31,0.0,3,8,12,4.5,1,0,phishing,1
7133.0,0,0.103498542,0.8965014579999999,61.62162162,0.704225352,45,0.0,5,9,16,6.0,0,0,legitimate,0
5522.0,0,0.333333333,0.666666667,66.66666667,0.0,63,0.0,9,13,21,3.714285714,1,3,legitimate,0
5075.0,2,0.235294118,0.764705882,63.63636364,0.0,60,0.0,6,10,21,6.5,0,4,phishing,1
5075.0,0,0.086956522,0.913043478,46.15384615,0.625,32,0.0,1,19,23,0.0,1,1,phishing,1
5075.0,1,0.0,0.0,0.0,0.0,66,0.257575758,13,9,13,3.181818182,1,3,phishing,1
1633.0,0,0.838709677,0.161290323,0.0,0.0,39,0.0,2,18,30,0.0,1,0,phishing,1
5454.0,2,0.0,1.0,0.0,0.0,80,0.05,9,11,27,6.5,1,1,legitimate,0
5985.0,0,0.0,0.0,0.0,0.0,48,0.208333333,5,9,23,4.333333333,1,2,phishing,1
7448.0,0,0.849315068,0.150684932,33.33333333,0.032258065,41,0.0,2,18,32,0.0,1,1,legitimate,0
3700.0,1,0.0,1.0,0.0,0.0,33,0.272727273,3,11,25,0.0,1,1,phishing,1
5046.0,0,0.056910569,0.943089431,64.28571429,0.142857143,64,0.0,7,14,22,6.0,0,5,legitimate,0
3630.0,3,0.0,0.0,0.0,0.0,105,0.047619048,11,14,17,8.0,1,7,phishing,1
3386.0,1,0.0,0.0,0.0,0.0,39,0.0,4,11,19,4.5,1,3,phishing,1
6477.0,0,0.0493827159999999,0.950617284,100.0,0.0,37,0.027027027,5,9,17,3.333333333,1,5,legitimate,0
9746.0,0,0.22513089,0.77486911,54.83870968,0.209302326,79,0.088607595,9,13,21,6.285714286,0,5,legitimate,0
6092.0,0,0.111111111,0.8888888890000001,97.24770642,0.071428571,32,0.0,2,15,23,0.0,1,6,legitimate,0
7253.0,0,1.0,0.0,0.0,0.583333333,23,0.0,2,9,16,0.0,1,0,phishing,1
5075.0,1,0.090909091,0.909090909,0.0,1.0,68,0.0,9,12,28,4.333333333,1,1,phishing,1
5075.0,1,0.0,1.0,100.0,0.0,76,0.026315789,8,18,60,6.0,1,1,phishing,1
4305.0,1,0.928571429,0.071428571,21.05263158,0.134615385,97,0.010309278,14,13,21,4.666666667,1,5,legitimate,0
1.0,0,0.0,0.0,0.0,0.0,30,0.0,2,11,23,0.0,1,2,phishing,1
3992.0,0,0.0,1.0,100.0,0.0,127,0.149606299,13,17,50,7.375,1,2,phishing,1
2191.0,0,1.0,0.0,0.0,0.0,49,0.0,3,9,28,0.0,1,0,phishing,1
3.0,1,0.166666667,0.833333333,100.0,0.0,50,0.02,6,17,25,3.5,1,3,phishing,1
5767.0,0,0.033333333,0.966666667,100.0,0.0,81,0.209876543,5,32,27,14.66666667,1,6,phishing,1
3271.0,0,0.0,1.0,0.0,0.0,58,0.0,5,14,18,7.0,1,1,phishing,1
3157.0,0,0.265306122,0.734693878,50.0,0.153846154,24,0.0,2,7,15,0.0,0,3,legitimate,0
5075.0,0,0.0,0.0,0.0,0.0,75,0.026666667,10,9,14,5.75,1,4,phishing,1
3995.0,0,0.0,0.0,0.0,0.0,41,0.1707317069999999,6,6,13,4.25,1,3,legitimate,0
12811.0,1,0.0,0.0,0.0,0.0,65,0.015384615,7,12,21,8.25,1,0,legitimate,0
5616.0,2,0.80952381,0.19047619,25.0,0.176470588,69,0.0,11,7,38,3.8,1,3,phishing,1
6240.0,0,0.5625,0.4375,0.0,0.833333333,107,0.018691589,15,12,18,5.230769231,0,5,legitimate,0
1111.0,0,0.0,0.0,0.0,0.0,30,0.0,3,7,11,5.0,1,0,phishing,1
4283.0,5,0.0,0.0,0.0,0.0,77,0.0,9,10,18,6.285714286,1,3,phishing,1
7130.0,0,0.034567901,0.965432099,68.18181818,0.5,56,0.0,7,9,16,5.4,0,0,legitimate,0
5160.0,0,0.333333333,0.666666667,0.0,0.666666667,37,0.0,4,7,14,6.5,0,3,legitimate,0
9037.0,0,0.098859316,0.901140684,91.83673469,0.115384615,97,0.0,10,12,16,8.125,0,5,legitimate,0
6670.0,0,0.42,0.58,11.53846154,0.0,44,0.0,5,11,19,5.0,1,3,legitimate,0
5075.0,0,0.338983051,0.661016949,68.57142857,0.15,31,0.0,4,6,22,0.0,1,3,legitimate,0
7299.0,0,0.658536585,0.341463415,0.0,0.333333333,30,0.0,2,9,22,0.0,1,0,legitimate,0
5614.0,0,0.0,0.0,0.0,0.0,72,0.111111111,11,8,45,5.333333333,1,4,phishing,1
7336.0,0,0.034482759,0.965517241,0.0,0.5,74,0.0,9,11,15,6.285714286,1,3,legitimate,0
5456.0,0,0.022346369,0.977653631,75.0,0.0,21,0.0,2,5,12,0.0,0,3,legitimate,0
4003.0,0,0.0,1.0,100.0,0.0,128,0.125,13,17,50,7.375,1,6,phishing,1
8017.0,0,0.0,1.0,0.0,0.0,54,0.0,7,10,18,4.8,0,3,legitimate,0
6679.0,0,0.770833333,0.229166667,29.16666667,0.094594595,65,0.030769231,8,12,20,5.333333333,1,3,legitimate,0
4933.0,0,0.252252252,0.747747748,30.0,0.321428571,31,0.0,2,14,22,0.0,1,3,legitimate,0
889.0,0,0.266666667,0.7333333329999999,33.33333333,0.25,39,0.0,4,11,18,5.5,1,5,phishing,1
5075.0,0,0.52,0.48,0.0,0.0,37,0.0,3,13,29,0.0,1,1,phishing,1
9127.0,0,0.460869565,0.539130435,34.48275862,0.471698113,79,0.063291139,7,13,26,8.2,1,3,legitimate,0
3172.0,0,0.28358209,0.71641791,0.0,0.210526316,23,0.0,2,5,15,0.0,1,3,legitimate,0
9021.0,0,0.023529412,0.976470588,0.0,0.0,48,0.0,4,13,18,10.0,1,5,legitimate,0
3318.0,1,0.0,1.0,100.0,0.0,59,0.06779661,7,17,21,4.166666667,1,1,phishing,1
657.0,3,0.285714286,0.7142857140000001,0.0,0.0,51,0.0,8,7,10,3.857142857,0,1,phishing,1
4003.0,0,0.0,1.0,100.0,0.0,128,0.109375,13,17,50,7.375,1,4,phishing,1
5075.0,0,0.0,0.0,0.0,0.0,41,0.0,5,10,13,6.0,0,4,legitimate,0
2102.0,0,0.0,0.0,0.0,0.0,49,0.12244898,5,12,12,6.25,1,3,phishing,1
7804.0,0,0.331395349,0.668604651,46.66666667,0.280701754,80,0.1,12,10,17,4.5,1,5,legitimate,0
214.0,0,0.0,0.0,0.0,0.0,38,0.0,3,10,19,10.0,1,0,phishing,1
1971.0,0,0.183946488,0.816053512,50.0,0.109090909,26,0.0,2,5,17,0.0,1,0,legitimate,0
809.0,0,0.5,0.5,0.0,0.0,42,0.0,4,5,13,2.5,1,0,phishing,1
5075.0,3,0.0,1.0,0.0,0.0,92,0.119565217,12,16,23,5.1,1,4,phishing,1
7211.0,0,0.0,0.0,0.0,0.0,143,0.041958042,10,54,64,7.75,1,14,phishing,1
7295.0,0,0.928571429,0.071428571,14.28571429,0.846153846,45,0.022222222,2,25,38,0.0,1,0,phishing,1
5158.0,0,0.0,0.0,0.0,0.0,136,0.352941176,5,89,31,31.33333333,1,8,phishing,1
3823.0,0,0.055555556,0.944444444,0.0,0.0,69,0.0,8,12,36,5.5,1,4,legitimate,0
7142.0,0,0.75,0.25,4.545454545,0.142857143,35,0.085714286,3,12,27,0.0,1,1,phishing,1
5509.0,0,0.142857143,0.857142857,100.0,0.0,81,0.0,10,10,17,6.125,1,0,legitimate,0
7133.0,0,0.039531479,0.960468521,62.5,0.4074074070000001,45,0.0,5,9,16,6.0,0,0,legitimate,0
1015.0,0,0.967741935,0.032258065,0.0,0.1,34,0.0,6,6,26,0.0,0,0,phishing,1
2053.0,0,0.0,1.0,0.0,0.0,30,0.0,3,7,13,7.0,1,3,phishing,1
5075.0,0,0.0,1.0,100.0,0.0,30,0.3666666670000001,10,3,14,2.833333333,1,5,phishing,1
3057.0,0,0.485714286,0.514285714,0.0,0.411764706,46,0.0,6,9,17,4.5,0,3,legitimate,0
2563.0,0,0.0,1.0,100.0,0.0,51,0.078431373,5,13,17,5.75,1,1,phishing,1
8443.0,0,0.0,1.0,100.0,0.0,64,0.0,7,11,19,6.6,1,3,legitimate,0
6344.0,0,0.216216216,0.783783784,36.36363636,0.0,27,0.0,1,15,19,0.0,1,1,legitimate,0
10316.0,0,0.155963303,0.8440366970000001,23.80952381,0.205882353,65,0.092307692,8,8,15,6.166666667,0,4,legitimate,0
8423.0,0,0.0625,0.9375,50.0,0.333333333,26,0.0,2,9,17,0.0,0,3,legitimate,0
7295.0,0,0.928571429,0.071428571,14.28571429,0.230769231,41,0.0,2,21,34,0.0,1,0,phishing,1
5075.0,2,0.136690647,0.863309353,88.57142857,0.0,55,0.0,7,7,13,4.833333333,1,1,phishing,1
5075.0,0,0.103857567,0.896142433,37.03703704,0.285714286,25,0.0,2,9,17,0.0,1,5,legitimate,0
5760.0,0,0.0,1.0,0.0,0.0,26,0.0,2,9,17,0.0,1,3,legitimate,0
5058.0,0,0.884615385,0.115384615,57.14285714,0.072463768,18,0.166666667,2,3,10,0.0,1,4,legitimate,0
5075.0,0,0.093333333,0.906666667,100.0,0.0,27,0.148148148,2,10,14,4.0,1,0,legitimate,0
1336.0,0,0.0,1.0,0.0,0.0,29,0.034482759,2,11,20,0.0,0,0,phishing,1
4804.0,0,0.411764706,0.588235294,47.36842105,0.071428571,28,0.0,2,12,20,0.0,1,3,legitimate,0
677.0,0,0.166666667,0.833333333,100.0,0.0,100,0.29,11,18,43,6.142857143,1,3,phishing,1
7508.0,0,0.092783505,0.907216495,61.11111111,0.222222222,26,0.0,2,9,17,0.0,1,3,legitimate,0
4061.0,0,0.23255814,0.76744186,83.33333333,0.1,78,0.064102564,9,13,23,5.714285714,1,1,legitimate,0
4624.0,0,0.0764331209999999,0.923566879,12.5,0.166666667,27,0.0,2,11,19,0.0,1,3,legitimate,0
8047.0,0,0.053691275,0.946308725,84.21052632,0.0,47,0.0,6,12,20,3.75,1,3,legitimate,0
3124.0,0,0.459459459,0.540540541,92.30769231,0.058823529,25,0.0,2,9,17,0.0,1,3,legitimate,0
9261.0,0,0.006355932,0.993644068,93.33333333,0.333333333,66,0.075757576,12,12,20,2.9,1,3,legitimate,0
6485.0,0,0.067164179,0.932835821,52.94117647,0.111111111,40,0.0,5,7,14,5.0,1,0,legitimate,0
6381.0,0,1.0,0.0,0.0,0.0,34,0.117647059,2,14,26,0.0,1,0,phishing,1
6661.0,0,0.054794521,0.945205479,77.27272727,0.25,64,0.0,8,10,19,5.333333333,1,1,legitimate,0
5075.0,1,0.0,0.0,0.0,0.0,81,0.086419753,12,9,12,5.2,1,3,legitimate,0
497.0,3,0.0,0.0,0.0,0.0,64,0.0,7,17,21,5.0,1,0,phishing,1
5075.0,0,1.0,0.0,0.0,0.043478261,33,0.0,3,13,16,4.0,1,2,phishing,1
3993.0,0,0.0,1.0,100.0,0.0,128,0.171875,13,17,54,8.142857142999999,1,5,phishing,1
2169.0,0,0.153846154,0.846153846,83.33333333,0.125,25,0.08,2,8,16,0.0,0,4,legitimate,0
1834.0,0,0.0,1.0,100.0,0.0,113,0.283185841,15,18,87,17.0,1,2,phishing,1
7828.0,0,1.0,0.0,0.0,0.0,54,0.166666667,4,32,11,16.5,0,4,phishing,1
5075.0,0,0.0,0.0,0.0,0.0,85,0.364705882,6,50,18,19.0,1,2,phishing,1
2975.0,1,0.0,1.0,0.0,0.0,155,0.141935484,18,36,47,7.333333333,1,7,phishing,1
8710.0,0,0.018072289,0.981927711,57.14285714,0.0,41,0.0,4,10,18,6.5,0,3,legitimate,0
3032.0,3,0.153061224,0.8469387759999999,82.60869565,0.4,145,0.103448276,14,32,25,8.333333332999999,1,4,phishing,1
3698.0,1,0.0,1.0,100.0,0.0,33,0.272727273,3,11,25,0.0,1,0,phishing,1
6255.0,0,0.1372549019999999,0.862745098,53.33333333,0.0,49,0.0,3,17,25,16.0,1,4,legitimate,0
5694.0,0,0.218390805,0.781609195,0.0,0.052631579,41,0.1707317069999999,4,9,16,8.0,0,4,legitimate,0
4342.0,0,0.048387097,0.951612903,0.0,0.0,66,0.106060606,6,11,15,7.4,1,2,phishing,1
1015.0,2,0.967741935,0.032258065,0.0,0.1,213,0.431924883,14,64,18,16.09090909,0,5,phishing,1
3993.0,0,0.0,1.0,100.0,0.0,119,0.084033613,12,17,42,7.375,1,3,phishing,1
2106.0,1,0.0,1.0,100.0,0.0,183,0.256830601,16,33,15,9.6,1,5,phishing,1
4503.0,1,0.081081081,0.918918919,0.0,0.0,35,0.0,2,14,27,0.0,1,0,phishing,1
3984.0,0,0.0,0.0,0.0,0.0,70,0.3,3,32,29,32.0,1,3,phishing,1
3157.0,0,0.0,1.0,0.0,0.0,100,0.0,10,16,38,8.0,1,3,phishing,1
4083.0,0,0.233333333,0.7666666670000001,50.0,0.428571429,27,0.0,3,8,16,2.0,0,3,legitimate,0
531.0,3,0.1,0.9,0.0,0.0,275,0.225454545,37,17,25,5.942857143,0,8,phishing,1
2882.0,0,0.755172414,0.244827586,37.36263736,0.671232877,34,0.029411765,2,19,27,0.0,1,4,legitimate,0
3208.0,0,0.0,0.0,0.0,0.0,19,0.0,2,4,11,0.0,1,0,phishing,1
5769.0,0,0.0,0.0,0.0,0.0,66,0.318181818,4,32,26,32.0,1,4,phishing,1
7083.0,1,1.0,0.0,0.0,0.0,260,0.126923077,9,191,27,31.14285714,1,6,phishing,1
1997.0,0,0.165517241,0.834482759,100.0,0.0,23,0.0,1,12,16,0.0,1,0,legitimate,0
5075.0,0,0.06779661,0.93220339,50.0,0.25,55,0.018181818,7,9,12,6.2,1,0,legitimate,0
8887.0,0,0.051724138,0.948275862,0.0,0.0,38,0.0,4,9,29,0.0,1,0,phishing,1
7765.0,0,0.012285012,0.987714988,94.66666667,0.2,141,0.0,19,12,16,5.941176471,0,6,legitimate,0
5075.0,0,0.105263158,0.894736842,83.33333333,0.5,26,0.0,2,10,17,0.0,0,4,legitimate,0
8635.0,0,0.058823529,0.941176471,0.0,1.0,46,0.02173913,7,7,13,4.0,1,0,legitimate,0
4352.0,0,0.393442623,0.606557377,53.33333333,0.125,86,0.0,11,13,21,5.333333333,1,5,legitimate,0
4003.0,0,0.0,1.0,100.0,0.0,124,0.193548387,13,17,46,7.375,1,4,phishing,1
248.0,0,0.0,0.0,0.0,0.0,72,0.291666667,5,32,18,14.33333333,1,5,phishing,1
5075.0,0,0.088888889,0.911111111,33.33333333,1.0,54,0.037037037,7,9,16,5.2,1,3,legitimate,0
216.0,0,0.142857143,0.857142857,0.0,1.0,249,0.16064257,28,41,37,7.5,1,14,phishing,1
4633.0,1,0.0,0.0,0.0,0.0,42,0.0,5,8,19,4.0,1,2,phishing,1
5075.0,0,0.0,1.0,0.0,0.0,38,0.052631579,2,20,9,20.0,1,1,phishing,1
1302.0,0,0.0,1.0,0.0,0.0,41,0.0,5,14,18,3.0,1,0,phishing,1
5075.0,0,0.0,0.0,0.0,0.0,32,0.03125,2,13,20,3.0,1,0,phishing,1
3849.0,0,0.055555556,0.944444444,0.0,0.0,50,0.0,5,10,22,9.5,1,4,legitimate,0
1302.0,0,0.412371134,0.587628866,0.0,0.375,29,0.0,2,13,21,0.0,1,3,legitimate,0
5075.0,10,0.0,1.0,100.0,0.0,1386,0.194083694,96,158,15,13.33684211,1,59,phishing,1
12844.0,0,0.0,0.0,0.0,0.0,58,0.0,8,8,11,5.666666667,1,3,legitimate,0
1771.0,0,0.25,0.75,92.30769231,0.0,39,0.0,6,5,13,3.75,1,0,phishing,1
7479.0,0,0.931623932,0.068376068,72.5,0.018348624,92,0.043478261,11,11,14,6.777777778,0,5,legitimate,0
1532.0,1,0.25,0.75,0.0,0.0,93,0.032258065,11,13,34,5.375,1,6,phishing,1
2.0,0,0.147679325,0.852320675,84.32432432,0.114285714,47,0.0,6,12,19,4.0,1,3,phishing,1
3992.0,0,0.0,1.0,100.0,0.0,76,0.118421053,7,15,50,8.5,1,3,phishing,1
7159.0,0,0.110294118,0.889705882,70.27027027,0.533333333,44,0.159090909,6,8,14,4.75,1,1,legitimate,0
7199.0,0,0.066666667,0.933333333,16.66666667,0.7,20,0.0,2,4,11,0.0,1,4,legitimate,0
1301.0,0,0.069364162,0.930635838,93.87755102,0.083333333,19,0.0,1,7,12,0.0,1,0,legitimate,0
7295.0,0,0.928571429,0.071428571,14.28571429,0.846153846,38,0.0,2,18,31,0.0,1,0,phishing,1
4564.0,0,0.214285714,0.7857142859999999,0.0,0.0,199,0.195979899,24,12,13,6.909090909,1,4,phishing,1
72.0,0,0.0,1.0,0.0,0.0,31,0.193548387,3,7,18,5.0,1,1,phishing,1
2693.0,0,1.0,0.0,0.0,0.0,26,0.0,3,6,14,3.0,1,0,legitimate,0
6260.0,0,0.134259259,0.865740741,53.125,0.413793103,45,0.0,3,17,25,12.0,1,5,legitimate,0
9076.0,0,0.058536585,0.941463415,83.33333333,0.0,24,0.0,2,7,15,0.0,1,3,legitimate,0
8144.0,0,0.3559322029999999,0.644067797,44.44444444,0.158730159,68,0.0,8,10,17,6.333333333,0,3,legitimate,0
7529.0,0,0.0,1.0,0.0,0.0,58,0.0,8,11,19,4.333333333,1,3,legitimate,0
2984.0,0,0.17699115,0.82300885,28.57142857,0.1,31,0.0,2,14,22,0.0,1,3,legitimate,0
8018.0,0,0.263157895,0.736842105,100.0,0.0,148,0.060810811,13,27,42,8.6,1,2,phishing,1
1931.0,4,0.230769231,0.7692307690000001,0.0,0.0,181,0.127071823,17,43,28,8.125,1,2,phishing,1
8517.0,0,0.5902777779999999,0.409722222,100.0,0.0,40,0.0,3,14,16,14.0,0,4,legitimate,0
195.0,0,0.0,0.0,0.0,0.0,59,0.0,8,10,25,4.4,1,3,phishing,1
10677.0,0,0.0,1.0,100.0,0.0,79,0.101265823,11,10,18,4.888888889,0,2,legitimate,0
7050.0,1,0.067961165,0.932038835,0.0,0.285714286,39,0.0,4,11,22,4.0,1,1,phishing,1
540.0,2,1.0,0.0,33.33333333,0.133333333,30,0.2,2,8,22,0.0,0,0,phishing,1
5075.0,0,0.0,0.0,0.0,0.0,29,0.448275862,9,6,15,3.6,1,0,phishing,1
5767.0,0,0.033333333,0.966666667,100.0,0.0,81,0.271604938,5,32,27,14.66666667,1,7,phishing,1
58.0,0,0.0,1.0,0.0,0.0,68,0.0,9,10,28,5.6,1,3,legitimate,0
1968.0,0,0.047058824,0.952941176,0.0,0.5,29,0.0,2,12,20,0.0,0,3,legitimate,0
8466.0,0,0.012307692,0.987692308,50.0,0.25,20,0.0,2,4,11,0.0,1,4,legitimate,0
3028.0,0,0.548387097,0.451612903,30.0,0.176470588,38,0.0,2,21,29,0.0,1,3,legitimate,0
7645.0,0,0.0,0.0,0.0,0.0,61,0.278688525,3,32,20,32.0,1,4,phishing,1
5075.0,0,0.090909091,0.909090909,0.0,0.0,81,0.0123456789999999,14,7,14,3.833333333,1,3,phishing,1
5075.0,0,0.0,1.0,0.0,0.0,45,0.044444444,3,14,21,7.5,1,0,phishing,1
5643.0,0,0.0,1.0,100.0,0.0,49,0.0,4,17,23,5.0,1,2,phishing,1
496.0,0,0.55033557,0.44966443,54.6875,0.073170732,32,0.1875,3,10,14,4.5,1,1,phishing,1
8594.0,0,0.056603774,0.943396226,88.46153846,0.166666667,24,0.0,2,7,15,0.0,0,3,legitimate,0
7586.0,0,0.004545455,0.995454545,96.0,0.0,40,0.0,3,14,22,10.0,1,3,legitimate,0
8759.0,0,0.0,1.0,100.0,0.0,58,0.0172413789999999,7,10,13,6.4,0,5,legitimate,0
1496.0,1,0.035714286,0.964285714,97.46835443,0.0,210,0.3619047620000001,12,64,13,16.18181818,0,17,phishing,1
3972.0,1,0.0,0.0,0.0,0.0,47,0.042553191,5,13,14,7.333333333,1,4,phishing,1
8973.0,0,0.583333333,0.4166666670000001,12.5,0.142857143,34,0.0,4,7,14,5.0,0,3,legitimate,0
2144.0,0,0.666666667,0.333333333,9.523809524,0.271428571,20,0.0,1,6,13,0.0,1,1,legitimate,0
559.0,0,0.0,0.0,0.0,0.0,52,0.192307692,5,13,16,8.666666667000001,1,1,phishing,1
4490.0,0,0.0625,0.9375,72.72727273,0.0,59,0.0,8,10,18,4.666666667,1,5,legitimate,0
5111.0,1,0.055172414,0.944827586,87.5,0.0,29,0.0,4,5,10,2.666666667,1,0,phishing,1
5615.0,2,0.80952381,0.19047619,25.0,0.176470588,53,0.169811321,8,11,28,3.5,1,1,phishing,1
8043.0,0,0.093023256,0.906976744,78.57142857,0.0,48,0.125,5,12,20,5.666666667,1,7,legitimate,0
7446.0,0,1.0,0.0,0.0,0.583333333,24,0.0,2,7,17,0.0,1,0,phishing,1
9338.0,1,0.0,0.0,0.0,0.0,92,0.141304348,8,21,17,10.16666667,1,2,phishing,1
7131.0,0,0.074921956,0.925078044,71.875,0.513888889,40,0.0,4,10,16,7.0,0,0,legitimate,0
1561.0,1,0.0,0.0,0.0,0.0,56,0.0,8,13,11,6.4,1,3,phishing,1
1653.0,4,1.0,0.0,0.0,0.5,276,0.333333333,17,64,31,14.86666667,1,15,phishing,1
1157.0,2,1.0,0.0,0.0,0.125,87,0.0,12,11,22,5.333333333,1,1,phishing,1
3190.0,0,0.636363636,0.363636364,30.0,0.285714286,28,0.0,2,12,20,0.0,1,3,legitimate,0
8375.0,0,0.28742515,0.71257485,40.0,0.020833333,66,0.0,10,7,13,4.75,0,6,legitimate,0
5075.0,0,0.03030303,0.96969697,80.0,1.0,110,0.1363636359999999,13,13,19,6.6363636360000005,1,6,legitimate,0
12544.0,0,0.0,1.0,100.0,0.0,72,0.027777778,9,11,14,7.5,0,3,legitimate,0
6057.0,0,0.637931034,0.362068966,18.83116883,0.033783784,70,0.114285714,7,13,17,6.666666667,1,4,legitimate,0
7067.0,0,0.75,0.25,4.545454545,0.142857143,34,0.0,3,9,25,0.0,1,2,phishing,1
7310.0,0,0.906666667,0.093333333,41.17647059,0.007352941,40,0.0,4,12,20,5.5,1,3,legitimate,0
7534.0,0,0.0,1.0,100.0,0.0,47,0.0,6,9,13,4.4,1,2,phishing,1
5075.0,0,0.0,0.0,0.0,0.0,39,0.128205128,3,11,22,8.0,1,1,phishing,1
671.0,0,0.0,1.0,0.0,0.0,21,0.19047619,2,7,13,0.0,1,0,phishing,1
8248.0,0,0.083333333,0.916666667,0.0,0.0,76,0.0,8,16,24,6.5,1,6,legitimate,0
7583.0,0,0.005376344,0.994623656,95.65217391,0.0,39,0.0,4,14,22,4.0,1,3,legitimate,0
3825.0,0,0.7760617759999999,0.223938224,14.40677966,0.034825871,110,0.127272727,14,20,15,6.333333333,0,3,phishing,1
7131.0,0,0.0802919709999999,0.919708029,47.61904762,0.454545455,54,0.0,6,10,16,6.5,0,2,legitimate,0
7297.0,0,0.7753424659999999,0.224657534,25.92592593,0.053003534,31,0.0,2,10,23,0.0,1,0,legitimate,0
495.0,3,0.945945946,0.054054054,6.12244898,0.057142857,83,0.012048193,10,14,20,5.222222222,1,3,phishing,1
5075.0,0,0.513157895,0.486842105,5.0,0.102564103,24,0.125,2,11,5,11.0,1,0,phishing,1
658.0,5,0.0,1.0,0.0,0.0,275,0.367272727,17,64,20,14.5,1,14,phishing,1
2115.0,0,0.0625,0.9375,100.0,0.0,87,0.264367816,9,32,13,7.375,1,5,phishing,1
2221.0,3,0.153846154,0.846153846,0.0,0.0,61,0.0,8,12,16,4.428571429,1,1,phishing,1
2668.0,3,0.0,1.0,100.0,0.0,163,0.325153374,14,40,15,9.846153846,1,8,phishing,1
3893.0,0,0.246696035,0.753303965,0.0,0.035714286,49,0.0,5,9,16,7.0,1,2,legitimate,0
6156.0,0,0.285714286,0.7142857140000001,20.0,1.0,43,0.0,2,26,34,0.0,1,4,legitimate,0
5819.0,0,0.754716981,0.245283019,55.0,0.175,37,0.0,4,12,20,3.5,0,3,legitimate,0
8352.0,1,0.648648649,0.351351351,7.692307692000001,0.486111111,59,0.06779661,6,14,20,7.0,1,4,legitimate,0
7583.0,0,0.005128205,0.994871795,94.11764706,0.0,40,0.0,3,14,22,10.0,1,3,legitimate,0
7157.0,0,0.063492063,0.936507937,100.0,1.0,43,0.139534884,6,8,14,4.5,1,1,legitimate,0
293.0,1,0.25,0.75,100.0,0.0,138,0.028985507,15,15,7,7.714285714,0,2,phishing,1
5075.0,0,0.0,0.0,0.0,0.0,53,0.188679245,13,8,12,4.222222222,1,0,phishing,1
5075.0,0,0.149425287,0.850574713,20.0,0.153846154,23,0.0,1,9,16,0.0,1,0,legitimate,0
7621.0,0,0.25,0.75,0.0,0.0,29,0.068965517,2,9,21,0.0,1,1,phishing,1
8347.0,0,1.0,0.0,0.0,0.0,70,0.128571429,6,32,16,10.25,0,2,phishing,1
7298.0,0,0.312820513,0.687179487,85.33333333,0.344262295,34,0.0,4,8,27,0.0,1,0,legitimate,0
1950.0,1,1.0,0.0,0.0,0.0,34,0.0,2,11,26,0.0,1,1,phishing,1
6054.0,0,0.464788732,0.535211268,27.37430168,0.024242424,90,0.088888889,13,13,17,4.5,1,1,legitimate,0
5075.0,0,0.0,1.0,100.0,0.0,62,0.370967742,4,32,10,14.0,1,1,phishing,1
7295.0,0,0.928571429,0.071428571,14.28571429,0.846153846,30,0.033333333,2,10,23,0.0,1,0,phishing,1
2941.0,0,0.214285714,0.7857142859999999,0.0,0.666666667,33,0.0,1,21,25,0.0,1,1,legitimate,0
4609.0,4,0.666666667,0.333333333,0.0,0.0,106,0.0,14,14,17,5.076923077,1,8,phishing,1
334.0,0,0.0,0.0,0.0,0.0,16,0.0,1,4,7,0.0,1,0,phishing,1
4733.0,0,0.0,1.0,0.0,0.0,42,0.0,4,11,19,7.0,1,5,legitimate,0
4454.0,2,0.428571429,0.571428571,26.66666667,0.4,57,0.105263158,6,12,18,7.0,1,3,legitimate,0
1377.0,0,1.0,0.0,100.0,0.0,38,0.0,4,12,16,4.0,1,0,phishing,1
6963.0,0,0.952380952,0.047619048,0.0,0.05,75,0.253333333,5,32,27,12.66666667,1,1,phishing,1
91.0,0,0.142857143,0.857142857,50.0,1.0,45,0.0,6,8,12,4.0,0,0,phishing,1
1797.0,2,0.0,1.0,100.0,0.0,110,0.036363636,14,15,23,5.666666667,1,8,phishing,1
3584.0,0,0.018386108,0.981613892,33.33333333,0.111111111,47,0.0,4,15,18,6.333333333,1,2,legitimate,0
7984.0,0,0.84939759,0.15060241,95.45454545,0.021276596,99,0.171717172,14,17,14,5.416666667,0,23,legitimate,0
7134.0,0,0.109947644,0.890052356,61.11111111,0.571428571,36,0.0,4,9,16,5.0,0,0,legitimate,0
7189.0,0,0.067961165,0.932038835,0.0,0.285714286,45,0.022222222,4,12,32,4.0,1,2,phishing,1
5075.0,0,0.222222222,0.7777777779999999,100.0,0.0,67,0.0,6,30,38,4.5,1,4,phishing,1
1000.0,0,0.0,0.0,0.0,0.0,32,0.0,4,8,16,3.5,0,4,phishing,1
1.0,0,0.0,1.0,100.0,0.0,32,0.0,4,7,24,0.0,1,0,phishing,1
2479.0,0,0.110497238,0.889502762,12.5,0.0,29,0.0,2,12,20,0.0,1,4,legitimate,0
9310.0,1,0.048780488,0.951219512,66.66666667,0.0,91,0.087912088,9,16,17,8.428571429,0,4,legitimate,0
3360.0,0,0.447761194,0.552238806,48.8372093,0.033333333,34,0.0,2,17,25,0.0,1,3,legitimate,0
6573.0,0,0.0,0.0,0.0,0.0,34,0.0,4,7,14,5.0,1,4,legitimate,0
1950.0,1,1.0,0.0,0.0,0.0,42,0.023809524,2,18,34,0.0,1,1,phishing,1
5075.0,0,0.007194245,0.992805755,96.0,0.0,22,0.0,2,6,13,0.0,0,3,legitimate,0
5075.0,1,0.098360656,0.901639344,33.33333333,0.0,37,0.0,4,8,15,4.0,1,0,legitimate,0
5075.0,0,0.0,1.0,100.0,0.0,13,0.076923077,1,3,6,0.0,1,0,legitimate,0
4603.0,0,0.0,0.0,0.0,0.0,79,0.075949367,11,11,19,5.5,1,2,phishing,1
4887.0,0,0.275862069,0.7241379309999999,0.0,0.125,55,0.0,8,7,25,4.75,1,4,legitimate,0
252.0,0,0.886792453,0.113207547,0.0,0.191489362,36,0.0,4,9,28,0.0,1,0,phishing,1
330.0,2,0.0,1.0,0.0,0.0,94,0.0,7,39,43,6.333333333,1,4,phishing,1
9339.0,0,1.0,0.0,0.0,0.0,123,0.325203252,14,16,17,7.0,1,6,phishing,1
8757.0,0,0.0683229809999999,0.931677019,46.66666667,0.090909091,26,0.0,2,7,17,0.0,0,3,legitimate,0
7134.0,0,0.093264249,0.906735751,59.09090909,0.666666667,48,0.0,5,10,16,7.0,0,0,legitimate,0
521.0,0,0.0,1.0,0.0,0.0,113,0.274336283,9,20,32,9.571428571,1,2,phishing,1
5075.0,0,0.011538462,0.988461538,80.0,1.0,24,0.0,2,8,15,0.0,0,4,legitimate,0
7485.0,0,0.647058824,0.352941176,16.66666667,0.0,22,0.090909091,2,5,13,0.0,0,3,legitimate,0
3958.0,0,0.336842105,0.663157895,93.75,0.25,72,0.097222222,11,9,16,4.444444444,0,4,legitimate,0
2971.0,0,0.054830287,0.945169713,0.0,0.19047619,26,0.0,3,5,18,0.0,1,3,legitimate,0
5075.0,0,0.0,1.0,100.0,0.0,52,0.0,4,18,25,5.333333333,1,3,phishing,1
5075.0,0,0.0,1.0,0.0,0.0,26,0.0,3,8,14,4.0,1,1,phishing,1
5626.0,0,0.0,0.0,0.0,0.0,70,0.242857143,9,14,49,3.333333333,1,3,phishing,1
5075.0,2,0.0,0.0,0.0,0.0,46,0.152173913,6,7,11,4.6,1,0,phishing,1
7133.0,0,0.134390076,0.865609924,67.17171717,0.517948718,49,0.0,6,9,16,5.25,0,0,legitimate,0
256.0,0,0.210526316,0.7894736840000001,0.0,0.5,87,0.091954023,8,40,17,9.333333333,1,2,phishing,1
7156.0,0,0.057971014,0.942028986,100.0,1.0,63,0.095238095,8,9,27,6.25,1,2,legitimate,0
5028.0,0,0.106382979,0.893617021,37.5,0.4,44,0.0,4,10,18,8.0,1,3,legitimate,0
1939.0,2,0.0,1.0,100.0,0.0,75,0.106666667,12,7,11,4.090909091,1,0,legitimate,0
377.0,0,0.0,0.0,0.0,0.0,60,0.166666667,6,13,24,8.666666667000001,1,1,phishing,1
6135.0,0,0.588235294,0.411764706,28.57142857,0.333333333,21,0.0,2,5,12,0.0,1,3,legitimate,0
976.0,1,0.304347826,0.695652174,0.0,0.857142857,72,0.0,6,18,28,8.25,1,1,phishing,1
3505.0,0,0.636363636,0.363636364,6.451612902999999,0.46031746,22,0.0,2,8,15,0.0,1,3,legitimate,0
5075.0,0,0.147368421,0.8526315790000001,0.0,0.0,59,0.06779661,7,15,23,4.8,1,4,legitimate,0
495.0,2,0.945945946,0.054054054,6.12244898,0.057142857,93,0.129032258,9,17,20,7.25,1,3,phishing,1
5075.0,0,0.021164021,0.978835979,44.44444444,0.625,21,0.0,1,11,14,0.0,1,1,legitimate,0
286.0,0,0.0,1.0,0.0,0.0,42,0.0,2,25,28,6.0,1,0,phishing,1
7121.0,0,0.313868613,0.686131387,41.09589041,0.476744186,96,0.145833333,10,12,24,7.0,1,1,legitimate,0
5075.0,0,0.727272727,0.272727273,20.0,0.5,31,0.0,2,13,24,0.0,1,3,legitimate,0
7253.0,0,1.0,0.0,0.0,0.583333333,18,0.0,2,4,11,0.0,1,0,phishing,1
9267.0,0,0.0,0.0,0.0,0.0,31,0.129032258,4,7,12,5.0,1,3,legitimate,0
4687.0,0,0.013245033,0.986754967,0.0,0.0,24,0.0,2,8,16,0.0,1,3,legitimate,0
8547.0,0,0.09929078,0.90070922,82.92682927,0.142857143,32,0.0,2,15,23,0.0,1,3,legitimate,0
7449.0,0,0.401960784,0.598039216,0.0,0.0,38,0.0,2,15,29,0.0,1,1,legitimate,0
6844.0,0,0.067961165,0.932038835,0.0,0.285714286,38,0.105263158,4,13,30,0.0,1,0,phishing,1
1684.0,1,0.082872928,0.917127072,16.66666667,0.2,64,0.0,5,33,36,4.25,1,1,phishing,1
5452.0,0,0.272727273,0.727272727,0.0,0.0,61,0.0,6,12,18,10.66666667,1,1,legitimate,0
1931.0,0,0.222222222,0.7777777779999999,50.0,0.5,28,0.0,2,11,19,0.0,1,3,legitimate,0
7219.0,0,0.0,0.0,0.0,0.0,41,0.0,5,11,14,5.666666667,1,4,legitimate,0
1460.0,0,0.0,1.0,0.0,0.0,43,0.0,3,14,21,14.0,1,4,phishing,1
5075.0,0,0.021505376,0.978494624,100.0,0.0,26,0.0,2,11,18,0.0,1,3,legitimate,0
1903.0,0,0.485596708,0.514403292,50.0,0.004237288,28,0.0,2,11,19,0.0,1,3,legitimate,0
5075.0,0,1.0,0.0,0.0,0.0,22,0.0,2,8,15,0.0,1,2,phishing,1
1728.0,3,0.428571429,0.571428571,0.0,0.0,77,0.012987013,10,10,21,5.125,1,0,phishing,1
2.0,0,0.701688555,0.298311445,7.423580786,0.125668449,144,0.208333333,17,20,24,6.0,1,4,phishing,1
3934.0,0,0.0,0.0,0.0,0.0,43,0.0,5,16,27,3.0,1,3,phishing,1
5075.0,0,0.142857143,0.857142857,0.0,1.0,106,0.150943396,13,32,18,6.363636364,1,10,phishing,1
5447.0,0,0.016949153,0.983050847,50.0,1.0,54,0.0,6,10,17,6.5,1,4,legitimate,0
10182.0,1,0.18699187,0.81300813,25.0,0.173913043,52,0.0,6,9,17,6.0,1,1,legitimate,0
7447.0,0,0.927392739,0.0726072609999999,5.286343612,0.601423488,39,0.0,2,16,30,0.0,1,1,legitimate,0
7533.0,0,0.015306122,0.984693878,33.33333333,1.333333333,23,0.0,3,5,16,0.0,1,0,legitimate,0
5075.0,0,0.090909091,0.909090909,75.0,0.0,29,0.0,3,7,21,0.0,1,4,legitimate,0
8831.0,0,0.151515152,0.848484848,20.0,0.0,61,0.0,9,10,15,4.571428571,0,3,legitimate,0
5161.0,0,0.029850746,0.970149254,93.75,0.75,38,0.0,4,8,14,7.0,0,4,legitimate,0
2956.0,0,0.5,0.5,0.0,0.0,41,0.0,5,9,16,4.666666667,1,3,phishing,1
12350.0,0,0.0,1.0,0.0,0.0,51,0.0,7,10,17,5.75,1,3,legitimate,0
8463.0,0,0.507042254,0.492957746,3.333333333,0.388888889,29,0.0,2,12,20,0.0,0,3,legitimate,0
2046.0,3,0.102272727,0.897727273,85.71428571,0.5555555560000001,106,0.216981132,10,32,19,9.0,1,7,phishing,1
7133.0,0,0.03125,0.96875,65.625,0.454545455,57,0.0,8,9,16,4.5,0,0,legitimate,0
8019.0,0,0.909090909,0.090909091,0.0,0.0,116,0.068965517,9,32,26,10.57142857,1,3,phishing,1
7295.0,0,0.928571429,0.071428571,14.28571429,0.230769231,32,0.09375,2,10,23,0.0,1,0,phishing,1
4647.0,0,0.105263158,0.894736842,100.0,0.0,23,0.0,3,5,15,0.0,1,3,legitimate,0
1709.0,0,0.328571429,0.671428571,50.0,0.0,41,0.243902439,5,9,15,5.0,1,2,legitimate,0
5075.0,0,0.0,1.0,0.0,0.0,71,0.0845070419999999,7,12,35,6.0,1,3,phishing,1
5075.0,1,0.375,0.625,0.0,0.333333333,79,0.075949367,11,11,11,5.0,1,2,phishing,1
7296.0,0,0.392857143,0.607142857,81.42857143,0.127272727,29,0.0,2,8,20,0.0,1,1,legitimate,0
8453.0,1,0.0,0.0,0.0,0.0,119,0.033613445,19,9,16,4.647058824,1,4,legitimate,0
7086.0,0,1.0,0.0,0.0,0.0,458,0.408296943,16,288,23,29.5,1,6,phishing,1
5331.0,0,0.0,0.0,0.0,0.0,46,0.043478261,5,10,21,5.0,1,1,phishing,1
1706.0,2,0.0,1.0,100.0,0.0,104,0.048076923,13,10,16,6.9,1,6,phishing,1
2232.0,2,0.0,1.0,0.0,0.0,58,0.0,5,24,32,5.0,1,4,phishing,1
330.0,0,0.090909091,0.909090909,62.5,0.166666667,83,0.0,8,13,19,8.5,0,3,phishing,1
5767.0,0,0.033333333,0.966666667,100.0,0.0,77,0.272727273,4,32,23,14.66666667,1,3,phishing,1
5396.0,0,0.277777778,0.7222222220000001,40.0,0.1,69,0.043478261,8,20,28,4.666666667,1,4,legitimate,0
41.0,0,0.307692308,0.692307692,100.0,0.0,16,0.0,1,5,9,0.0,0,0,legitimate,0
1261.0,0,0.218487395,0.781512605,75.0,0.038461538,78,0.076923077,9,14,22,5.857142857,1,5,legitimate,0
5075.0,0,0.0,1.0,100.0,0.0,52,0.057692308,6,10,14,4.8,1,1,phishing,1
3016.0,0,0.39869281,0.60130719,100.0,0.06557377,27,0.0,3,9,16,2.0,0,3,legitimate,0
4515.0,0,0.533333333,0.466666667,100.0,0.0,28,0.0,2,13,20,0.0,1,4,legitimate,0
9280.0,0,0.16563147,0.83436853,46.42857143,0.05,50,0.12,7,7,15,4.4,0,3,legitimate,0
2775.0,0,0.563218391,0.436781609,63.2183908,0.204081633,73,0.0821917809999999,10,11,16,5.25,0,3,legitimate,0
9269.0,0,0.07063197,0.92936803,65.0,0.421052632,35,0.057142857,4,7,9,5.333333333,1,1,legitimate,0
1199.0,0,0.0,0.0,0.0,0.0,37,0.0,2,12,19,8.0,1,0,phishing,1
5163.0,0,0.374045802,0.625954198,60.37735849,0.040816327,97,0.06185567,13,17,25,4.727272727,1,3,legitimate,0
2427.0,0,0.0,0.0,0.0,0.0,25,0.0,3,6,14,2.0,1,3,phishing,1
7159.0,0,0.057971014,0.942028986,100.0,1.0,43,0.139534884,6,8,14,4.5,1,1,legitimate,0
6391.0,1,0.052631579,0.947368421,0.0,0.0,49,0.0,2,24,28,13.0,1,1,phishing,1
3706.0,0,0.188118812,0.811881188,73.33333333,0.210526316,27,0.0,2,8,18,0.0,0,4,legitimate,0
5767.0,0,0.033333333,0.966666667,100.0,0.0,77,0.207792208,4,32,23,14.66666667,1,4,phishing,1
11.0,0,0.0,1.0,0.0,0.0,75,0.08,8,12,39,6.0,1,4,phishing,1
6871.0,0,0.5471698110000001,0.452830189,30.76923077,0.103448276,32,0.0,3,13,17,2.5,1,0,phishing,1
7812.0,0,0.055555556,0.944444444,42.85714286,0.0,49,0.0,6,7,14,5.75,0,1,legitimate,0
3828.0,0,0.0625,0.9375,100.0,1.0,45,0.0,4,8,12,7.333333333,1,0,legitimate,0
883.0,1,1.0,0.0,0.0,0.0,148,0.216216216,17,43,16,7.066666667000001,1,9,phishing,1
2345.0,3,0.770833333,0.229166667,19.17808219,0.040540541,64,0.0,9,10,17,4.571428571,1,3,phishing,1
5075.0,0,0.307692308,0.692307692,80.0,0.0,28,0.0,2,13,20,0.0,0,3,legitimate,0
3993.0,0,0.0,1.0,100.0,0.0,68,0.132352941,6,15,42,8.5,1,2,phishing,1
287.0,3,0.045454545,0.954545455,0.0,0.0,76,0.0,7,24,32,6.2,1,3,phishing,1
3993.0,0,0.0,1.0,100.0,0.0,124,0.153225806,13,17,46,7.375,1,4,phishing,1
7297.0,0,0.928571429,0.071428571,14.28571429,0.230769231,33,0.03030303,3,8,25,0.0,1,0,phishing,1
7445.0,0,0.28125,0.71875,77.77777778,0.0,52,0.038461538,6,12,20,5.0,1,3,legitimate,0
7296.0,0,1.0,0.0,0.0,0.0,54,0.0,6,8,36,8.0,1,1,phishing,1
5961.0,0,0.251655629,0.748344371,13.63636364,0.0,59,0.0,5,23,19,10.0,0,5,legitimate,0
5075.0,0,1.0,0.0,0.0,0.0,89,0.247191011,9,32,81,0.0,0,4,phishing,1
11.0,0,0.0,1.0,0.0,0.0,74,0.081081081,8,12,39,6.0,1,4,phishing,1
718.0,0,0.0,0.0,0.0,0.0,27,0.0,3,9,16,2.0,1,1,phishing,1
5803.0,0,0.0,0.0,0.0,0.0,56,0.25,7,14,16,7.25,1,3,phishing,1
5075.0,0,0.0,1.0,0.0,0.0,36,0.0,2,20,28,0.0,1,4,legitimate,0
6259.0,0,0.110687023,0.889312977,51.61290323,0.413793103,39,0.0,3,17,25,6.0,1,4,legitimate,0
5159.0,0,0.111111111,0.8888888890000001,83.33333333,0.333333333,40,0.2,3,17,33,0.0,1,2,legitimate,0
4019.0,0,0.0,1.0,0.0,0.0,30,0.0,3,9,13,3.5,1,0,phishing,1
1496.0,0,0.035714286,0.964285714,97.46835443,0.0,32,0.0,3,9,13,4.0,0,0,phishing,1
1204.0,0,0.189189189,0.810810811,90.0,0.428571429,27,0.111111111,1,11,14,0.0,0,0,legitimate,0
6378.0,0,0.533333333,0.466666667,50.0,0.125,25,0.0,2,9,17,0.0,0,4,legitimate,0
3993.0,0,0.0,1.0,100.0,0.0,127,0.204724409,13,17,50,7.375,1,4,phishing,1
4003.0,0,0.0,1.0,100.0,0.0,81,0.148148148,8,15,54,8.5,1,6,phishing,1
323.0,0,0.5165876779999999,0.483412322,0.0,0.091743119,73,0.02739726,9,18,33,3.714285714,1,1,phishing,1
10677.0,0,0.043478261,0.956521739,75.0,0.0,57,0.105263158,7,9,21,4.6,0,1,legitimate,0
4225.0,0,0.0,1.0,0.0,0.0,113,0.159292035,9,17,24,10.71428571,1,3,phishing,1
7129.0,0,0.039660057,0.960339943,68.18181818,0.428571429,49,0.0,5,11,16,7.333333333,0,0,legitimate,0
358.0,0,0.75,0.25,0.0,0.0,27,0.074074074,3,8,15,3.0,1,0,phishing,1
7351.0,0,0.0,1.0,100.0,0.0,68,0.058823529,9,14,22,4.571428571,1,4,legitimate,0
7298.0,0,0.456273764,0.543726236,72.77777778,0.391666667,31,0.0,2,10,23,0.0,1,0,legitimate,0
5627.0,1,0.818181818,0.181818182,25.0,0.277777778,57,0.052631579,8,9,40,4.0,1,3,phishing,1
3992.0,0,0.0,1.0,100.0,0.0,129,0.170542636,13,17,54,8.142857142999999,1,6,phishing,1
1206.0,2,0.666666667,0.333333333,0.0,0.0,201,0.417910448,11,64,22,16.2,1,5,phishing,1
7448.0,0,0.0,0.0,0.0,0.0,110,0.054545455,14,14,34,5.181818182,1,6,legitimate,0
7919.0,0,0.254545455,0.745454545,40.0,0.0,61,0.114754098,8,11,12,6.0,0,3,legitimate,0
152.0,0,0.102272727,0.897727273,85.71428571,0.5555555560000001,35,0.0,2,19,27,0.0,1,3,phishing,1
3992.0,0,0.0,1.0,100.0,0.0,126,0.150793651,13,17,50,7.375,1,3,phishing,1
3993.0,0,0.0,1.0,100.0,0.0,127,0.165354331,13,17,50,7.375,1,8,phishing,1
5440.0,0,0.8125,0.1875,0.0,0.0,56,0.107142857,7,8,20,4.8,1,3,legitimate,0
4384.0,0,0.014925373,0.985074627,42.85714286,0.75,30,0.0,2,14,21,0.0,1,3,legitimate,0
9397.0,0,0.075085324,0.924914676,4.347826087,0.181818182,88,0.090909091,11,11,14,6.333333333,0,7,legitimate,0
5075.0,0,0.25,0.75,100.0,0.0,44,0.181818182,5,9,17,5.333333333,0,5,legitimate,0
5526.0,0,0.176470588,0.8235294120000001,57.14285714,0.0,37,0.0,2,20,28,0.0,1,3,legitimate,0
56.0,0,0.307692308,0.692307692,100.0,0.0,52,0.288461538,7,9,25,5.333333333,0,1,phishing,1
5075.0,0,0.55,0.45,36.36363636,0.022727273,67,0.0,5,22,36,6.666666667,1,2,legitimate,0
5075.0,0,0.0,1.0,0.0,0.0,19,0.1578947369999999,2,5,11,0.0,1,0,phishing,1
199.0,0,0.071129707,0.928870293,100.0,0.0,47,0.404255319,6,10,10,6.5,1,5,phishing,1
2517.0,3,0.0,1.0,0.0,0.0,61,0.06557377,9,8,19,4.0,1,3,phishing,1
3015.0,0,0.347222222,0.6527777779999999,88.23529412,0.12,32,0.0,2,15,23,0.0,1,4,legitimate,0
5075.0,0,0.173076923,0.826923077,20.0,0.222222222,22,0.0,2,6,13,0.0,0,3,legitimate,0
3993.0,0,0.0,1.0,100.0,0.0,126,0.126984127,12,17,50,8.142857142999999,1,2,phishing,1
5075.0,1,0.0,1.0,0.0,0.0,59,0.016949153,6,12,19,5.2,1,2,phishing,1
5075.0,0,0.094117647,0.905882353,54.54545455,0.125,22,0.0,2,5,13,0.0,0,3,legitimate,0
5075.0,0,0.111111111,0.8888888890000001,0.0,0.5,52,0.0,6,9,17,6.0,1,3,legitimate,0
1317.0,0,0.0142180089999999,0.985781991,0.0,0.0,98,0.0,11,18,17,7.1111111110000005,1,5,phishing,1
1015.0,0,0.967741935,0.032258065,0.0,0.1,73,0.246575342,6,36,50,4.333333333,0,7,phishing,1
9097.0,0,0.231818182,0.768181818,25.80645161,0.156862745,101,0.03960396,13,16,24,5.272727273,1,5,legitimate,0
5615.0,2,0.80952381,0.19047619,25.0,0.176470588,57,0.105263158,8,8,38,4.5,1,1,phishing,1
5075.0,0,0.048780488,0.951219512,0.0,0.0,21,0.0,2,5,13,0.0,1,3,phishing,1
7918.0,0,0.037974684,0.962025316,100.0,0.0,78,0.08974359,10,11,12,6.375,1,5,legitimate,0
5231.0,0,0.015873016,0.984126984,96.15384615,0.0,60,0.0,2,40,51,0.0,1,3,legitimate,0
5301.0,0,0.0,0.0,0.0,0.0,48,0.083333333,5,12,18,6.333333333,1,3,phishing,1
157.0,3,0.0,1.0,100.0,0.0,64,0.0,9,12,20,4.285714286,1,3,phishing,1
7984.0,0,0.6,0.4,0.0,0.0,54,0.0,6,11,24,6.666666667,1,5,legitimate,0
9206.0,1,0.378531073,0.621468927,19.60784314,0.537313433,84,0.095238095,10,10,18,6.375,0,4,legitimate,0
11558.0,0,0.013333333,0.986666667,98.0,1.0,51,0.1372549019999999,7,8,15,4.6,1,1,legitimate,0
5612.0,0,0.0,0.0,0.0,0.0,80,0.1,13,10,33,4.428571429,1,2,phishing,1
5075.0,3,0.0,1.0,0.0,0.0,91,0.131868132,19,8,15,4.666666667,1,3,phishing,1
5788.0,0,1.0,0.0,0.0,0.0,34,0.0,4,7,14,4.5,1,4,legitimate,0
2542.0,3,0.054054054,0.945945946,0.0,0.0,82,0.0,8,22,26,6.0,1,0,phishing,1
7861.0,0,0.057324841,0.942675159,46.66666667,0.444444444,20,0.0,2,4,11,0.0,1,3,legitimate,0
5075.0,0,0.4,0.6,60.0,0.142857143,33,0.0,4,7,24,0.0,1,3,legitimate,0
4391.0,0,0.030664395,0.969335605,96.91780822,0.055555556,62,0.0,7,12,41,3.666666667,1,2,phishing,1
4330.0,0,0.095238095,0.904761905,29.41176471,0.571428571,32,0.0,2,16,24,0.0,1,3,legitimate,0
7716.0,0,0.160493827,0.839506173,25.0,0.230769231,19,0.0,1,7,10,0.0,1,0,legitimate,0
2837.0,0,0.2,0.8,75.0,0.0,36,0.0,3,11,27,0.0,1,1,phishing,1
5075.0,0,0.03125,0.96875,0.0,0.0,18,0.0,1,6,10,0.0,0,0,legitimate,0
3992.0,0,0.0,1.0,100.0,0.0,129,0.093023256,13,17,54,8.142857142999999,1,9,phishing,1
7295.0,0,0.928571429,0.071428571,14.28571429,0.846153846,42,0.0,2,22,35,0.0,1,0,phishing,1
7764.0,0,1.0,0.0,0.0,0.0,132,0.098484848,9,44,16,14.42857143,1,1,phishing,1
2214.0,0,1.0,0.0,0.0,0.0,111,0.0,10,24,18,8.555555556,1,0,phishing,1
279.0,0,0.0,1.0,0.0,0.0,41,0.024390244,4,11,14,5.666666667,0,1,legitimate,0
2492.0,0,0.545454545,0.454545455,33.33333333,0.333333333,29,0.034482759,4,5,8,3.666666667,1,0,phishing,1
3731.0,0,0.0,0.0,0.0,0.0,29,0.0,2,13,17,3.0,1,0,phishing,1
2718.0,0,0.0,0.0,0.0,0.0,39,0.0,3,15,18,5.5,1,0,phishing,1
5075.0,0,0.172131148,0.827868852,22.22222222,0.476190476,39,0.0,2,23,30,0.0,0,3,legitimate,0
5075.0,1,0.516129032,0.483870968,0.0,0.4375,134,0.343283582,15,15,14,7.615384615,1,6,phishing,1
5075.0,0,0.05,0.95,100.0,0.0,44,0.0,4,10,36,0.0,1,2,phishing,1
7907.0,0,0.158102767,0.841897233,16.66666667,0.35,32,0.0,3,10,18,4.0,0,4,legitimate,0
9003.0,0,0.129032258,0.870967742,33.33333333,0.083333333,23,0.0,2,6,14,0.0,0,3,legitimate,0
6238.0,0,0.113636364,0.8863636359999999,0.0,0.066666667,41,0.1707317069999999,4,9,16,8.0,0,4,legitimate,0
9254.0,0,0.376811594,0.623188406,33.33333333,0.461538462,26,0.0,2,9,17,0.0,0,3,legitimate,0
4898.0,0,0.125,0.875,0.0,0.5,32,0.0,2,13,24,0.0,1,1,legitimate,0
8.0,1,0.0,1.0,100.0,0.0,48,0.041666667,5,16,24,4.666666667,1,2,phishing,1
5075.0,0,0.066666667,0.933333333,0.0,0.0,47,0.0,5,12,17,6.333333333,0,4,phishing,1
2460.0,0,0.137931034,0.8620689659999999,0.0,0.0,24,0.0,2,7,15,0.0,0,4,legitimate,0
4426.0,0,0.035087719,0.964912281,61.53846154,0.0,57,0.035087719,7,8,16,5.8,1,4,legitimate,0
3992.0,0,0.0,1.0,100.0,0.0,76,0.131578947,7,15,50,8.5,1,2,phishing,1
5850.0,0,0.0,0.0,0.0,0.0,75,0.266666667,6,32,15,12.25,1,5,phishing,1
5614.0,0,0.80952381,0.19047619,25.0,0.176470588,52,0.057692308,7,8,25,5.333333333,1,4,phishing,1
4259.0,0,0.187428571,0.812571429,0.0,0.079268293,27,0.0,2,11,19,0.0,1,3,legitimate,0
5615.0,2,0.80952381,0.19047619,25.0,0.176470588,61,0.032786885,8,13,30,4.75,1,4,phishing,1
5075.0,0,0.0,1.0,0.0,0.0,44,0.0,4,10,14,6.666666667,1,1,phishing,1
771.0,0,0.518518519,0.481481481,83.33333333,0.0,40,0.05,4,17,21,2.333333333,1,0,phishing,1
5614.0,0,0.80952381,0.19047619,25.0,0.176470588,35,0.057142857,4,9,26,0.0,1,1,phishing,1
3639.0,0,0.461538462,0.538461538,19.04761905,0.333333333,28,0.0,2,12,20,0.0,1,4,legitimate,0
2733.0,0,0.2,0.8,75.0,0.5,59,0.0,7,9,17,5.6,1,3,legitimate,0
5075.0,0,0.280487805,0.719512195,6.666666667,0.347826087,30,0.0,2,14,21,0.0,0,4,legitimate,0
6606.0,0,0.120689655,0.879310345,0.0,0.214285714,42,0.023809524,4,10,23,4.0,0,0,phishing,1
254.0,3,0.048387097,0.951612903,88.0,0.0,100,0.23,10,32,18,8.375,1,4,phishing,1
111.0,0,0.0,1.0,0.0,0.0,74,0.3378378379999999,5,32,20,14.0,1,8,phishing,1
2632.0,0,0.009063444,0.990936556,66.66666667,0.333333333,21,0.0,2,5,12,0.0,0,3,legitimate,0
3631.0,1,0.0,0.0,0.0,0.0,61,0.0,6,14,25,6.0,1,4,phishing,1
2191.0,0,0.636363636,0.363636364,0.0,0.0,56,0.089285714,6,11,12,6.4,1,1,phishing,1
4873.0,1,0.4,0.6,0.0,0.0,227,0.317180617,14,64,22,15.41666667,1,17,phishing,1
6077.0,1,0.028571429,0.971428571,86.36363636,0.0,51,0.098039216,7,9,14,4.8,0,3,legitimate,0
7289.0,0,0.625,0.375,0.0,0.0,60,0.066666667,6,15,27,5.5,0,2,legitimate,0
6646.0,0,0.0,0.0,0.0,0.0,36,0.0,4,13,17,3.0,1,1,phishing,1
5204.0,0,0.282608696,0.7173913040000001,24.24242424,0.346153846,51,0.0,4,16,24,9.0,1,4,legitimate,0
5987.0,0,0.134831461,0.865168539,91.66666667,0.083333333,83,0.144578313,10,19,16,6.375,1,3,legitimate,0
4003.0,0,0.0,1.0,100.0,0.0,127,0.125984252,13,17,50,7.375,1,4,phishing,1
5075.0,0,0.170212766,0.8297872340000001,16.66666667,0.25,29,0.0,2,9,20,0.0,0,3,legitimate,0
2383.0,0,0.125,0.875,100.0,0.0,26,0.0,2,10,18,0.0,0,4,legitimate,0
9.0,0,0.174193548,0.825806452,47.82608696,0.148148148,44,0.0,3,22,26,4.0,1,1,phishing,1
2300.0,2,0.454545455,0.545454545,60.0,0.0,61,0.098360656,8,10,22,4.166666667,1,1,phishing,1
5075.0,0,0.0,0.0,0.0,0.0,25,0.0,2,9,17,0.0,0,3,legitimate,0
5513.0,0,0.0,0.0,0.0,0.0,43,0.0,6,8,17,5.333333333,1,0,phishing,1
257.0,0,0.333333333,0.666666667,0.0,2.0,45,0.0,5,10,13,7.333333333,1,0,legitimate,0
536.0,3,0.25,0.75,100.0,0.0,43,0.0,5,9,12,4.75,0,1,phishing,1
8019.0,0,0.884615385,0.115384615,0.0,0.0,133,0.067669173,17,33,25,6.0,1,0,phishing,1
5886.0,0,0.058295964,0.941704036,90.65420561,0.384615385,43,0.0,6,8,15,4.25,0,3,legitimate,0
6559.0,0,0.202702703,0.7972972970000001,95.34883721,0.0,83,0.0,9,12,20,6.714285714,1,5,legitimate,0
5051.0,0,0.316666667,0.683333333,90.47619048,0.0,58,0.137931034,7,10,14,6.2,1,6,legitimate,0
561.0,0,0.0,0.0,0.0,0.0,27,0.0,3,5,18,0.0,1,0,phishing,1
4397.0,2,0.0,0.0,0.0,0.0,53,0.018867925,6,17,21,4.0,1,1,phishing,1
4376.0,0,0.0,0.0,0.0,0.0,71,0.183098592,4,32,14,15.66666667,1,3,phishing,1
2314.0,0,0.0,1.0,0.0,0.0,50,0.08,5,12,21,6.333333333,1,0,phishing,1
4217.0,0,0.222222222,0.7777777779999999,30.0,0.642857143,40,0.0,4,11,19,6.0,1,4,legitimate,0
8986.0,0,0.171428571,0.828571429,30.76923077,0.583333333,52,0.0,6,10,26,5.333333333,1,0,legitimate,0
5075.0,0,0.0,0.0,0.0,0.0,81,0.283950617,5,32,15,18.33333333,1,6,phishing,1
255.0,0,0.210526316,0.7894736840000001,0.0,0.5,87,0.091954023,8,40,17,9.333333333,1,2,phishing,1
8148.0,0,0.319148936,0.6808510640000001,66.66666667,0.15,60,0.0,7,14,17,6.2,0,4,legitimate,0
1337.0,0,0.0,1.0,0.0,0.0,43,0.093023256,4,11,24,5.0,0,0,phishing,1
7309.0,0,0.913043478,0.086956522,0.0,0.047619048,31,0.0,2,9,22,0.0,1,1,phishing,1
5075.0,0,0.0,0.0,0.0,0.0,27,0.0,2,12,20,0.0,1,3,legitimate,0
1975.0,0,0.666666667,0.333333333,0.0,0.0,49,0.0,3,21,25,6.5,1,2,phishing,1
6259.0,0,0.138755981,0.861244019,51.61290323,0.24137931,57,0.01754386,3,17,35,14.0,1,1,legitimate,0
5660.0,0,0.36,0.64,100.0,0.0,82,0.085365854,9,14,22,6.571428571,1,2,phishing,1
3993.0,0,0.0,1.0,100.0,0.0,127,0.181102362,13,17,50,7.375,1,2,phishing,1
8212.0,0,0.0875,0.9125,56.25,0.0,23,0.0,2,6,14,0.0,0,3,legitimate,0
8046.0,0,0.123076923,0.876923077,70.0,0.0,50,0.0,6,12,20,4.5,1,3,legitimate,0
4148.0,0,0.031847134,0.968152866,60.0,0.066666667,31,0.0,2,14,22,0.0,0,3,legitimate,0
5626.0,0,0.80952381,0.19047619,25.0,0.294117647,71,0.0845070419999999,9,17,37,7.666666667,1,1,phishing,1
4454.0,0,0.0,0.0,0.0,0.0,26,0.0,2,11,15,2.0,1,0,phishing,1
5075.0,0,0.0625,0.9375,0.0,0.4,25,0.0,2,11,18,0.0,1,0,phishing,1
4627.0,0,0.275862069,0.7241379309999999,20.0,0.3125,70,0.0,7,14,17,8.2,0,3,legitimate,0
6474.0,0,0.615384615,0.384615385,100.0,0.0,61,0.0,7,10,16,6.4,1,5,legitimate,0
5075.0,0,0.0,0.0,0.0,0.0,46,0.065217391,4,13,13,7.666666667,1,0,phishing,1
2280.0,0,0.0,0.0,0.0,0.0,89,0.0,9,14,20,6.75,1,1,phishing,1
2871.0,0,0.053191489,0.946808511,57.14285714,0.3,30,0.0,2,13,21,0.0,1,4,legitimate,0
6832.0,0,0.067961165,0.932038835,0.0,0.285714286,41,0.073170732,3,16,33,0.0,1,4,phishing,1
5075.0,0,0.536082474,0.463917526,0.0,0.096153846,32,0.0,2,17,24,0.0,1,4,legitimate,0
1868.0,0,0.0,0.0,0.0,0.0,50,0.02,5,15,23,5.666666667,1,5,phishing,1
5670.0,0,0.0,0.0,0.0,0.0,52,0.192307692,5,13,16,8.666666667000001,1,0,phishing,1
5075.0,0,0.0,1.0,0.0,0.0,35,0.4,11,5,13,3.142857143,1,0,phishing,1
5756.0,0,0.033333333,0.966666667,100.0,0.0,77,0.285714286,4,32,23,14.66666667,1,1,phishing,1
7452.0,1,0.0,1.0,0.0,0.0,64,0.0,5,18,26,9.0,1,4,phishing,1
5075.0,0,0.309352518,0.690647482,33.33333333,0.011627907,24,0.0,2,8,15,0.0,0,3,legitimate,0
1109.0,2,0.917525773,0.082474227,100.0,0.0,256,0.65234375,13,114,15,18.41666667,1,85,phishing,1
918.0,4,0.0,1.0,100.0,0.0,234,0.363247863,15,64,25,14.53846154,1,4,phishing,1
5044.0,0,0.039772727,0.960227273,95.45454545,0.0,67,0.0,7,14,22,6.6,0,3,legitimate,0
5706.0,0,0.0,1.0,0.0,0.0,29,0.0,2,7,21,0.0,1,1,phishing,1
560.0,0,1.0,0.0,0.0,1.0,27,0.037037037,3,6,18,0.0,1,0,phishing,1
5075.0,0,1.0,0.0,0.0,0.0,28,0.035714286,4,6,12,3.5,1,0,phishing,1
6995.0,0,0.4375,0.5625,80.0,0.0,64,0.0,8,11,19,5.166666667,1,4,legitimate,0
5075.0,0,0.0,0.0,0.0,0.0,49,0.0,5,12,19,4.75,1,0,phishing,1
5767.0,0,0.033333333,0.966666667,100.0,0.0,77,0.25974026,4,32,23,14.66666667,1,2,phishing,1
4003.0,0,0.0,1.0,100.0,0.0,117,0.188034188,11,17,42,8.142857142999999,1,1,phishing,1
5224.0,0,0.299492386,0.7005076140000001,35.9375,0.152542373,65,0.0,8,10,18,5.5,1,3,legitimate,0
8261.0,0,0.428571429,0.571428571,50.0,0.0,25,0.0,2,8,16,0.0,0,3,legitimate,0
5963.0,0,0.0,1.0,0.0,0.0,101,0.227722772,3,75,11,39.5,1,2,phishing,1
5143.0,0,0.114942529,0.885057471,0.0,0.0,45,0.0,6,7,11,4.4,1,1,legitimate,0
5075.0,0,0.052770449,0.947229551,37.5,0.05,20,0.0,2,4,12,0.0,1,4,legitimate,0
5594.0,0,0.196078431,0.8039215690000001,25.0,0.3,35,0.0,5,6,19,3.5,1,4,legitimate,0
11083.0,0,0.658291457,0.341708543,26.82926829,0.053435115,25,0.0,2,6,17,0.0,0,0,legitimate,0
8051.0,0,0.092857143,0.907142857,47.05882353,0.307692308,54,0.018518519,5,13,26,6.0,0,1,legitimate,0
6244.0,0,0.0,1.0,100.0,0.0,46,0.02173913,5,10,18,5.666666667,1,4,legitimate,0
5075.0,0,0.501976285,0.498023715,36.26943005,0.614173228,51,0.0,6,8,18,5.25,1,0,legitimate,0
285.0,0,0.0,1.0,100.0,0.0,41,0.0,5,13,17,3.0,1,0,phishing,1
5075.0,0,0.879699248,0.120300752,16.66666667,0.111111111,26,0.0,2,10,17,0.0,0,3,legitimate,0
2344.0,0,0.245283019,0.754716981,56.25,0.461538462,49,0.0,4,10,26,6.5,0,0,legitimate,0
4184.0,0,0.771428571,0.228571429,28.57142857,0.0,48,0.0,5,11,19,5.666666667,1,3,phishing,1
920.0,0,0.087719298,0.912280702,20.0,0.0,23,0.043478261,2,7,7,7.0,0,1,phishing,1
7055.0,0,0.067961165,0.932038835,0.0,0.285714286,29,0.0,2,13,22,0.0,1,1,phishing,1
5075.0,0,0.130434783,0.869565217,25.0,0.0,33,0.0,3,14,22,2.0,1,3,phishing,1
5627.0,1,0.818181818,0.181818182,25.0,0.277777778,49,0.06122449,6,9,40,0.0,1,3,phishing,1
7507.0,0,0.307692308,0.692307692,0.0,0.083333333,35,0.0,2,17,21,6.0,1,3,legitimate,0
8315.0,0,0.050583658,0.949416342,60.0,0.846153846,38,0.0,3,13,29,0.0,0,1,legitimate,0
5075.0,1,0.038834951,0.961165049,75.0,0.0,35,0.028571429,4,11,18,4.0,1,3,legitimate,0
1337.0,0,0.0,1.0,0.0,0.0,44,0.204545455,4,11,25,5.0,0,0,phishing,1
4488.0,0,0.0625,0.9375,72.72727273,0.0,40,0.0,4,10,18,6.5,1,4,legitimate,0
244.0,0,0.142857143,0.857142857,0.0,1.0,39,0.0,3,19,27,3.0,1,3,phishing,1
4045.0,1,0.368421053,0.6315789470000001,100.0,0.0,133,0.037593985,14,27,95,5.0,1,4,phishing,1
5240.0,0,0.1484375,0.8515625,60.0,0.315789474,96,0.0625,15,11,19,4.307692308,1,7,legitimate,0
5767.0,0,0.033333333,0.966666667,100.0,0.0,77,0.298701299,4,32,23,14.66666667,1,4,phishing,1
7733.0,2,0.0,0.0,0.0,0.0,43,0.046511628,4,10,21,6.5,1,1,phishing,1
7217.0,0,0.100628931,0.8993710690000001,18.18181818,0.125,77,0.0779220779999999,11,9,14,5.0,1,4,legitimate,0
8235.0,0,0.054545455,0.945454545,26.66666667,0.583333333,82,0.036585366,11,11,14,5.0,0,1,legitimate,0
2299.0,2,0.454545455,0.545454545,60.0,0.0,114,0.254385965,12,32,26,8.0,1,4,phishing,1
3452.0,0,0.0,0.0,0.0,0.0,84,0.333333333,15,9,13,3.923076923,1,6,legitimate,0
5075.0,0,0.0,1.0,0.0,0.0,46,0.043478261,3,14,21,7.5,1,0,phishing,1
5075.0,0,0.068493151,0.931506849,46.66666667,0.0,18,0.0,1,5,11,0.0,1,0,legitimate,0
7297.0,0,0.9375,0.0625,17.39130435,0.6,38,0.0,2,18,31,0.0,1,1,legitimate,0
7337.0,0,0.03125,0.96875,0.0,0.0,92,0.043478261,13,10,15,5.272727273,1,3,legitimate,0
6114.0,1,0.0,1.0,100.0,0.0,360,0.125,53,18,22,5.58,0,6,phishing,1
1546.0,1,0.8669950740000001,0.133004926,6.666666667,0.034090909,47,0.063829787,4,13,29,4.5,1,4,phishing,1
7949.0,0,0.542857143,0.457142857,50.0,0.105263158,29,0.0,4,7,13,3.0,1,0,legitimate,0
5075.0,0,0.090909091,0.909090909,0.0,0.0,81,0.160493827,16,8,15,3.538461538,1,0,legitimate,0
5075.0,0,0.037037037,0.962962963,100.0,0.0,22,0.0,2,6,14,0.0,1,3,legitimate,0
2581.0,0,0.0,0.0,0.0,0.0,41,0.12195122,4,10,34,0.0,1,4,phishing,1
30.0,1,0.0,1.0,100.0,0.0,39,0.0,4,9,31,0.0,1,0,phishing,1
1258.0,0,0.4659271,0.5340729000000001,2.649006623,0.0,29,0.0,2,12,20,0.0,1,3,legitimate,0
11272.0,0,0.0,0.0,0.0,0.0,83,0.084337349,11,8,16,5.666666667,1,5,legitimate,0
1445.0,0,0.045637584,0.954362416,8.333333332999999,0.088235294,29,0.0,2,13,21,0.0,1,4,legitimate,0
3119.0,0,0.333333333,0.666666667,68.75,0.071428571,35,0.0,2,18,26,0.0,1,4,legitimate,0
1337.0,0,0.0,1.0,0.0,0.0,42,0.19047619,3,11,25,8.0,0,1,phishing,1
7298.0,0,0.833333333,0.166666667,11.11111111,0.505882353,34,0.0,2,14,27,0.0,1,0,legitimate,0
984.0,0,0.068965517,0.931034483,66.66666667,0.5,20,0.0,2,6,13,0.0,0,0,phishing,1
1690.0,0,0.0,1.0,0.0,0.0,75,0.306666667,5,32,34,32.0,1,1,phishing,1
6831.0,0,0.067961165,0.932038835,0.0,0.285714286,42,0.095238095,3,16,34,0.0,1,3,phishing,1
6018.0,0,0.08,0.92,71.42857143,1.142857143,27,0.0,2,12,19,0.0,1,3,legitimate,0
1953.0,0,0.875,0.125,0.0,0.0,33,0.212121212,3,10,14,10.0,1,1,phishing,1
1117.0,0,0.6875,0.3125,0.0,0.0,82,0.268292683,10,12,18,5.5,1,0,phishing,1
5809.0,0,0.214285714,0.7857142859999999,68.75,0.166666667,60,0.0,6,10,18,7.75,1,3,legitimate,0
5626.0,0,0.444444444,0.5555555560000001,25.0,0.625,55,0.109090909,8,7,37,4.5,1,2,phishing,1
6566.0,0,0.266666667,0.7333333329999999,12.5,0.3125,55,0.0,7,10,14,5.8,1,5,legitimate,0
371.0,0,0.333333333,0.666666667,0.0,0.4,25,0.0,1,13,17,0.0,0,1,phishing,1
5215.0,0,0.038461538,0.961538462,90.90909091,1.0,52,0.0,5,10,14,6.25,1,0,legitimate,0
7295.0,0,0.928571429,0.071428571,14.28571429,0.230769231,29,0.034482759,2,9,22,0.0,1,1,phishing,1
7295.0,0,0.928571429,0.071428571,14.28571429,0.230769231,41,0.0,2,19,32,0.0,1,0,phishing,1
5614.0,0,0.80952381,0.19047619,25.0,0.176470588,46,0.130434783,6,8,38,0.0,1,1,phishing,1
7133.0,0,0.055555556,0.944444444,58.33333333,0.4,51,0.0,6,9,16,5.75,0,0,legitimate,0
5075.0,0,0.333333333,0.666666667,66.66666667,1.0,44,0.0,5,7,17,5.333333333,1,3,phishing,1
5075.0,0,0.215827338,0.784172662,90.90909091,0.044444444,23,0.0,2,7,15,0.0,1,0,phishing,1
5075.0,0,0.333333333,0.666666667,0.0,0.0,28,0.0,3,7,8,5.5,1,0,phishing,1
2835.0,0,0.681818182,0.318181818,100.0,0.0,32,0.0,2,11,24,0.0,1,1,phishing,1
5075.0,0,0.8857142859999999,0.114285714,7.692307692000001,0.064516129,26,0.0,2,10,17,0.0,0,3,legitimate,0
3047.0,5,0.0,1.0,0.0,0.0,236,0.372881356,17,64,15,12.375,1,23,phishing,1
7909.0,0,0.271929825,0.728070175,24.3902439,0.096774194,56,0.107142857,8,8,16,4.333333333,1,3,legitimate,0
3141.0,0,0.5,0.5,66.66666667,0.0,17,0.0,1,5,9,0.0,1,0,legitimate,0
2836.0,0,0.090909091,0.909090909,100.0,1.0,41,0.024390244,3,11,32,0.0,1,1,phishing,1
0.0,0,0.0,0.0,0.0,0.0,35,0.028571429,4,10,26,0.0,1,0,phishing,1
5075.0,0,0.109243697,0.890756303,68.42105263,0.307692308,21,0.0,1,11,14,0.0,1,1,legitimate,0
6318.0,0,0.054892601,0.945107399,23.07692308,0.173913043,61,0.081967213,6,10,18,7.75,0,4,legitimate,0
4921.0,0,0.0,0.0,0.0,0.0,37,0.0,3,12,16,5.5,1,1,phishing,1
3993.0,0,0.0,1.0,100.0,0.0,121,0.223140496,12,17,46,8.142857142999999,1,8,phishing,1
687.0,0,0.35483871,0.64516129,100.0,0.181818182,34,0.0,4,8,26,0.0,1,1,phishing,1
1154.0,0,0.538461538,0.461538462,44.44444444,0.285714286,37,0.0,3,14,22,5.0,1,3,phishing,1
5075.0,0,0.074626866,0.925373134,0.0,0.0,17,0.0,1,7,10,0.0,0,0,legitimate,0
289.0,0,0.0,1.0,100.0,0.0,33,0.0,4,6,13,5.0,1,0,phishing,1
5075.0,0,0.015384615,0.984615385,66.66666667,0.0,57,0.0,6,14,14,8.0,1,4,legitimate,0
5075.0,0,0.0,0.0,0.0,0.0,32,0.0,3,7,11,5.5,1,0,phishing,1
62.0,2,0.4,0.6,50.0,0.25,238,0.012605042,37,12,14,5.323529412,1,8,phishing,1
5075.0,1,0.162162162,0.837837838,54.54545455,0.0,50,0.0,7,10,21,3.2,0,4,phishing,1
4609.0,4,0.666666667,0.333333333,0.0,0.0,128,0.0,16,21,21,6.142857143,1,6,phishing,1
5075.0,0,0.098765432,0.901234568,98.88888889,0.0,71,0.0,6,16,27,7.75,1,3,legitimate,0
88.0,0,0.75862069,0.24137931,4.545454545,0.1363636359999999,38,0.026315789,4,9,30,0.0,1,1,phishing,1
5251.0,0,0.716763006,0.283236994,42.85714286,0.0080645159999999,23,0.0,1,13,16,0.0,1,0,legitimate,0
560.0,0,0.230769231,0.7692307690000001,0.0,0.0,36,0.0,3,10,27,0.0,1,0,phishing,1
6259.0,0,0.415770609,0.584229391,13.58024691,0.318965517,55,0.145454545,9,10,18,3.285714286,1,3,legitimate,0
183.0,0,0.333333333,0.666666667,50.0,1.0,45,0.0,2,18,22,14.0,1,0,legitimate,0
8914.0,0,0.162790698,0.837209302,62.5,0.0,25,0.0,2,8,16,0.0,1,3,legitimate,0
2333.0,0,0.739130435,0.260869565,71.42857143,0.117647059,27,0.074074074,4,3,11,3.0,1,0,phishing,1
8248.0,0,0.052631579,0.947368421,69.23076923,0.0,49,0.0,6,6,14,5.75,0,3,legitimate,0
2675.0,0,0.8863636359999999,0.113636364,3.333333333,0.205128205,36,0.0,4,8,28,0.0,1,3,legitimate,0
1344.0,5,0.0,0.0,0.0,0.0,126,0.047619048,17,12,18,5.666666667,1,1,phishing,1
1109.0,0,0.081168831,0.918831169,100.0,0.0,24,0.0,2,7,15,0.0,1,3,legitimate,0
415.0,3,0.0,0.0,0.0,0.0,87,0.022988506,9,18,17,7.857142857,1,5,phishing,1
5075.0,2,0.0,1.0,0.0,0.0,145,0.096551724,21,13,9,5.35,1,3,phishing,1
1950.0,1,1.0,0.0,0.0,0.0,38,0.0,2,14,30,0.0,1,2,phishing,1
7406.0,0,0.0,1.0,100.0,0.0,42,0.0,5,10,18,4.666666667,1,3,legitimate,0
711.0,0,0.0,1.0,0.0,0.0,23,0.0,2,3,14,0.0,0,0,phishing,1
9290.0,0,0.333333333,0.666666667,18.75,0.307692308,47,0.0,5,9,11,8.333333332999999,0,4,legitimate,0
6200.0,0,0.434782609,0.565217391,100.0,0.2,89,0.056179775,11,15,23,5.333333333,1,7,legitimate,0
4606.0,0,0.028571429,0.971428571,100.0,0.0,64,0.0,7,10,36,6.0,1,5,legitimate,0
175.0,4,0.0,1.0,100.0,0.0,89,0.011235955,11,13,21,5.777777778,1,3,phishing,1
7160.0,0,0.103571429,0.896428571,73.13432836,0.517241379,42,0.119047619,6,8,14,4.25,1,1,legitimate,0
9283.0,0,0.144385027,0.855614973,16.66666667,0.185185185,52,0.115384615,6,10,15,6.25,0,5,legitimate,0
777.0,3,0.1363636359999999,0.8636363640000001,100.0,0.0,132,0.037878788,17,10,13,5.875,1,9,phishing,1
9282.0,0,0.327272727,0.672727273,18.75,0.277777778,122,0.06557377,21,8,13,4.3684210530000005,1,3,legitimate,0
5075.0,0,0.0,0.0,0.0,0.0,28,0.392857143,9,5,14,3.2,1,0,phishing,1
5075.0,0,0.0,0.0,0.0,0.0,81,0.0493827159999999,10,15,22,5.375,1,3,phishing,1
5075.0,1,1.0,0.0,0.0,0.0,29,0.0,3,5,21,0.0,1,1,phishing,1
2394.0,2,0.006493506,0.993506494,100.0,2.0,110,0.118181818,11,14,22,7.333333333,1,3,phishing,1
5228.0,1,0.5,0.5,0.0,0.0,71,0.0,9,8,20,5.285714286,1,0,phishing,1
5257.0,0,0.098039216,0.901960784,0.0,0.2,34,0.0,2,11,25,0.0,1,0,legitimate,0
7616.0,0,0.362318841,0.637681159,79.16666667,0.04,48,0.0,5,10,21,5.666666667,1,0,legitimate,0
5573.0,1,0.5,0.5,0.0,0.333333333,45,0.022222222,5,10,18,5.0,0,3,legitimate,0
6984.0,0,0.019559902,0.980440098,66.66666667,0.0,58,0.0,7,11,19,5.2,0,3,legitimate,0
1620.0,0,0.772727273,0.227272727,0.0,0.058823529,118,0.050847458,16,11,13,5.857142857,1,4,phishing,1
5075.0,0,0.0,1.0,100.0,0.0,45,0.022222222,3,22,29,3.0,1,0,phishing,1
662.0,0,0.208333333,0.791666667,100.0,0.0,20,0.1,2,5,6,5.0,0,0,phishing,1
21.0,0,0.0,1.0,0.0,0.0,36,0.0,3,15,19,3.5,1,0,phishing,1
5075.0,0,0.00877193,0.99122807,100.0,2.0,28,0.142857143,3,8,20,0.0,1,1,phishing,1
5075.0,0,0.307692308,0.692307692,100.0,0.0,13,0.0,1,3,6,0.0,0,0,legitimate,0
6434.0,0,0.103305785,0.896694215,0.0,0.06,46,0.0,5,9,17,6.0,1,5,legitimate,0
8712.0,0,0.43315508,0.56684492,0.0,0.0493827159999999,64,0.0,8,7,11,5.428571429,0,1,legitimate,0
3993.0,0,0.0,1.0,100.0,0.0,126,0.19047619,12,17,50,8.142857142999999,1,2,phishing,1
4632.0,0,0.074074074,0.925925926,0.0,0.5,28,0.0,2,11,19,0.0,0,3,legitimate,0
9513.0,0,0.726190476,0.273809524,28.57142857,0.081967213,49,0.0,5,11,19,6.333333333,1,3,legitimate,0
5075.0,0,0.0,1.0,0.0,0.0,31,0.0,2,16,23,0.0,1,3,legitimate,0
8369.0,0,0.0,0.0,0.0,0.0,40,0.0,4,9,19,5.5,1,0,phishing,1
5075.0,0,0.110344828,0.889655172,76.47058824,0.125,24,0.0,1,12,15,0.0,1,0,legitimate,0
6338.0,0,0.074626866,0.925373134,13.04347826,0.05,73,0.0,8,9,21,6.333333333,0,2,legitimate,0
5153.0,0,0.095785441,0.904214559,14.28571429,0.72,26,0.0,2,10,18,0.0,0,3,legitimate,0
6350.0,0,0.166666667,0.833333333,0.0,0.272727273,22,0.0,2,7,14,0.0,0,3,legitimate,0
82.0,1,0.121212121,0.8787878790000001,100.0,0.0,65,0.046153846,6,14,19,6.6,1,0,phishing,1
7295.0,0,0.928571429,0.071428571,14.28571429,0.230769231,35,0.028571429,5,8,22,1.0,1,0,phishing,1
2670.0,0,0.0,0.0,0.0,0.0,28,0.0,2,13,16,3.0,1,0,phishing,1
1900.0,0,0.647058824,0.352941176,12.5,0.090909091,27,0.0,2,11,19,0.0,1,4,legitimate,0
6765.0,0,0.461538462,0.538461538,50.0,0.277777778,82,0.0,8,10,17,8.333333332999999,0,3,legitimate,0
164.0,1,0.0,0.0,0.0,0.0,51,0.0,4,20,28,6.5,1,4,phishing,1
6962.0,0,0.952380952,0.047619048,0.0,0.05,75,0.24,5,32,27,12.66666667,1,1,phishing,1
8734.0,0,0.010359537,0.989640463,98.7854251,0.176470588,23,0.0,2,6,14,0.0,0,3,legitimate,0
4473.0,0,0.04494382,0.95505618,0.0,0.0,56,0.0,8,8,16,4.333333333,1,4,legitimate,0
4843.0,1,0.0,0.0,0.0,0.0,96,0.114583333,13,22,7,5.666666667,1,5,phishing,1
5075.0,0,0.5,0.5,0.0,0.7777777779999999,33,0.0,5,6,13,2.666666667,0,5,legitimate,0
4011.0,0,0.280898876,0.719101124,25.0,0.22,25,0.0,2,9,16,0.0,0,3,legitimate,0
403.0,0,0.055555556,0.944444444,0.0,0.0,86,0.0,7,42,52,4.4,1,6,legitimate,0
7351.0,2,0.007142857,0.992857143,93.10344828,1.0,112,0.116071429,13,11,24,6.090909091,1,1,legitimate,0
7295.0,0,0.928571429,0.071428571,14.28571429,0.846153846,29,0.068965517,2,9,22,0.0,1,0,phishing,1
3009.0,0,0.125,0.875,0.0,1.0,33,0.0,3,9,25,0.0,1,3,phishing,1
3251.0,2,0.0,0.0,0.0,0.0,78,0.0,7,18,21,7.333333333,1,0,phishing,1
3573.0,1,0.0,1.0,100.0,0.0,54,0.0,6,17,25,4.25,1,3,legitimate,0
7919.0,0,0.071428571,0.928571429,75.0,0.0,63,0.111111111,8,11,12,6.333333333,1,4,legitimate,0
3993.0,0,0.0,1.0,100.0,0.0,126,0.126984127,12,17,50,8.142857142999999,1,4,phishing,1
5331.0,1,0.0,0.0,0.0,0.0,80,0.025,11,13,21,4.777777778,1,0,phishing,1
2868.0,0,0.005347594,0.994652406,80.0,0.5,28,0.035714286,2,12,20,0.0,1,3,legitimate,0
7299.0,0,0.594736842,0.405263158,52.0,0.495575221,44,0.0,2,23,36,0.0,1,1,legitimate,0
9025.0,0,0.444444444,0.5555555560000001,30.0,0.1875,116,0.0,6,30,19,21.25,1,4,legitimate,0
6288.0,2,0.0,0.0,0.0,0.0,65,0.092307692,9,12,20,4.285714286,1,3,legitimate,0
1270.0,0,0.615384615,0.384615385,75.86206897,0.0,31,0.0,2,14,22,0.0,1,4,legitimate,0
4003.0,0,0.0,1.0,100.0,0.0,126,0.174603175,13,17,50,7.375,1,4,phishing,1
7295.0,0,0.928571429,0.071428571,14.28571429,0.846153846,39,0.0,2,17,30,0.0,1,0,phishing,1
2805.0,2,0.117647059,0.882352941,50.0,1.0,66,0.0,9,11,20,4.571428571,1,1,phishing,1
5075.0,0,0.224137931,0.7758620690000001,0.0,0.076923077,31,0.0,2,15,22,0.0,1,4,legitimate,0
3811.0,0,0.127272727,0.872727273,16.66666667,0.285714286,38,0.0,2,21,29,0.0,1,4,legitimate,0
5242.0,0,0.414201183,0.585798817,0.0,1.0,47,0.0,5,10,16,6.666666667,1,4,legitimate,0
5075.0,0,0.01183432,0.98816568,100.0,0.5,41,0.097560976,4,16,24,3.0,1,5,legitimate,0
7537.0,0,0.0,1.0,0.0,0.0,77,0.0,8,13,25,6.5,1,0,phishing,1
2793.0,0,0.0,1.0,100.0,0.0,44,0.022727273,4,13,21,6.5,1,5,phishing,1
3882.0,0,0.5,0.5,60.0,0.272727273,36,0.0,1,20,27,0.0,1,0,legitimate,0
1218.0,0,0.015748031,0.984251969,75.0,1.5,17,0.0,1,7,10,0.0,1,0,legitimate,0
3206.0,0,0.921875,0.078125,27.27272727,0.118644068,88,0.227272727,6,32,21,10.8,1,0,phishing,1
3220.0,0,0.475,0.525,5.0,0.0,28,0.0,2,11,19,0.0,0,3,legitimate,0
8124.0,0,0.084745763,0.915254237,81.81818182,0.0,62,0.0,6,15,23,6.75,0,4,legitimate,0
2783.0,0,0.0703125,0.9296875,25.0,0.111111111,72,0.069444444,8,15,23,6.0,1,4,legitimate,0
8346.0,1,0.56,0.44,0.0,0.0,113,0.097345133,11,39,15,9.0,1,1,phishing,1
9806.0,0,0.0,0.0,0.0,0.0,45,0.0,5,10,14,7.0,1,1,legitimate,0
9202.0,0,0.18627451,0.81372549,23.80952381,0.105263158,39,0.0,4,10,18,6.0,0,3,legitimate,0
6909.0,0,0.114785992,0.8852140079999999,71.66666667,0.13559322,23,0.0,2,7,14,0.0,0,3,legitimate,0
5075.0,1,0.0,1.0,0.0,0.0,40,0.025,5,8,25,5.0,1,2,phishing,1
7837.0,0,0.231343284,0.768656716,39.39393939,0.274193548,53,0.0,5,10,23,10.0,0,4,legitimate,0
200.0,1,0.0,0.0,0.0,0.0,43,0.0,6,9,17,3.5,1,5,phishing,1
1338.0,0,0.0,1.0,0.0,0.0,36,0.222222222,3,11,25,3.0,0,2,phishing,1
5075.0,0,0.027878788,0.972121212,97.28453365,0.7826086959999999,38,0.026315789,5,9,10,5.666666667,1,4,legitimate,0
2519.0,1,0.142857143,0.857142857,0.0,1.0,37,0.0,3,15,21,3.5,1,0,phishing,1
4003.0,0,0.0,1.0,100.0,0.0,128,0.171875,13,17,50,7.375,1,2,phishing,1
8832.0,0,0.151515152,0.848484848,20.0,0.0,95,0.0,16,8,15,4.214285714,0,3,legitimate,0
253.0,0,0.142857143,0.857142857,100.0,0.0,89,0.04494382,11,18,17,6.1111111110000005,1,2,phishing,1
7131.0,0,0.027700831,0.972299169,52.38095238,0.4,83,0.108433735,19,9,16,2.470588235,1,2,legitimate,0
8081.0,0,0.0,1.0,0.0,0.0,38,0.0,4,8,12,5.333333333,1,0,legitimate,0
1119.0,0,0.941176471,0.058823529,0.0,0.0,36,0.0,2,19,27,0.0,1,4,legitimate,0
3993.0,0,0.0,1.0,100.0,0.0,123,0.1300813009999999,13,17,46,7.375,1,5,phishing,1
6315.0,0,0.0,0.0,0.0,0.0,41,0.0,5,8,11,4.75,1,1,phishing,1
4101.0,0,0.134146341,0.8658536590000001,0.0,0.0,31,0.032258065,2,12,16,6.0,0,1,phishing,1
6606.0,0,0.120689655,0.879310345,0.0,0.214285714,37,0.027027027,4,8,20,4.0,0,0,phishing,1
5075.0,0,0.086956522,0.913043478,100.0,0.0,26,0.0,2,9,13,4.0,1,0,phishing,1
9124.0,0,0.390243902,0.609756098,13.33333333,0.0625,21,0.0,2,4,12,0.0,0,3,legitimate,0
5075.0,0,0.02020202,0.97979798,66.66666667,0.0,19,0.0,1,9,12,0.0,1,0,legitimate,0
8440.0,0,0.28440367,0.71559633,0.0,0.193548387,35,0.0,5,7,11,4.666666667,0,3,legitimate,0
4490.0,1,0.181818182,0.818181818,100.0,0.0,45,0.0,5,8,36,0.0,1,1,phishing,1
2301.0,0,0.0,1.0,0.0,0.0,41,0.024390244,2,16,32,0.0,1,1,phishing,1
4337.0,0,0.8620689659999999,0.137931034,26.08695652,0.06,29,0.0,2,13,21,0.0,1,4,legitimate,0
7130.0,0,0.011904762,0.988095238,67.56756757,0.666666667,51,0.0,7,9,16,4.4,0,2,legitimate,0
1535.0,0,0.7232142859999999,0.276785714,5.263157895,0.12345679,32,0.09375,2,13,24,0.0,1,4,phishing,1
7186.0,0,0.019607843,0.980392157,100.0,0.0,37,0.0,3,10,13,7.0,1,0,legitimate,0
9422.0,0,0.6223404260000001,0.377659574,4.347826087,0.102564103,40,0.0,5,7,15,4.666666667,1,3,legitimate,0
4258.0,0,0.0,1.0,0.0,0.0,105,0.0,12,11,22,6.5,1,0,phishing,1
8405.0,0,0.0,0.0,0.0,0.0,49,0.040816327,6,11,17,5.25,1,4,legitimate,0
3378.0,0,0.0,0.0,0.0,0.0,45,0.488888889,3,15,29,7.0,1,0,phishing,1
1338.0,1,0.0,1.0,0.0,0.0,46,0.173913043,4,11,25,5.5,0,1,phishing,1
7.0,0,0.04,0.96,96.55172414,0.0,33,0.0,2,17,25,0.0,1,3,phishing,1
3060.0,0,0.022123894,0.977876106,50.0,0.0,59,0.0,8,12,20,4.166666667,1,3,legitimate,0
2783.0,0,0.140625,0.859375,25.0,0.111111111,74,0.081081081,8,15,23,6.333333333,1,3,legitimate,0
4410.0,0,0.875,0.125,6.666666667,0.5,48,0.0,5,12,16,5.25,1,0,phishing,1
3270.0,0,0.376811594,0.623188406,82.82442748,0.166666667,56,0.017857143,6,10,11,6.4,0,0,legitimate,0
1015.0,0,0.967741935,0.032258065,0.0,0.1,62,0.0,6,18,39,6.5,0,0,phishing,1
1016.0,0,0.967741935,0.032258065,0.0,0.1,94,0.212765957,7,32,28,18.33333333,0,3,phishing,1
241.0,2,0.0625,0.9375,100.0,0.0,237,0.3713080170000001,15,64,15,14.35714286,1,16,phishing,1
8965.0,0,0.251724138,0.7482758620000001,66.66666667,0.006849315,33,0.212121212,4,7,12,6.0,0,3,legitimate,0
4672.0,0,0.045643154,0.954356846,86.66666667,0.181818182,37,0.0,2,20,28,0.0,1,3,legitimate,0
1669.0,0,0.411764706,0.588235294,100.0,0.095238095,127,0.330708661,12,32,61,8.666666667000001,1,9,phishing,1
1338.0,0,0.0,1.0,0.0,0.0,39,0.205128205,3,11,25,5.0,0,1,phishing,1
1336.0,0,0.0,1.0,0.0,0.0,29,0.103448276,2,11,20,0.0,0,0,phishing,1
5075.0,4,0.0,1.0,100.0,0.0,89,0.157303371,12,16,23,4.8,1,4,phishing,1
2315.0,0,0.0,1.0,0.0,0.0,51,0.058823529,5,12,21,6.333333333,1,0,phishing,1
5440.0,0,0.083333333,0.916666667,0.0,0.75,37,0.0,4,8,16,6.0,1,0,legitimate,0
244.0,3,0.0,1.0,100.0,0.0,87,0.218390805,7,32,14,10.0,1,1,phishing,1
44.0,0,0.0,0.0,0.0,0.0,35,0.085714286,6,5,13,2.75,1,0,phishing,1
1547.0,0,0.543568465,0.456431535,0.0,0.022900763,39,0.076923077,2,13,31,0.0,1,5,phishing,1
3468.0,0,0.023286238,0.976713762,99.53012714,0.056179775,77,0.0779220779999999,10,14,22,4.875,1,3,legitimate,0
7224.0,0,0.0,0.0,0.0,0.0,89,0.0,12,11,13,5.9,1,4,legitimate,0
8756.0,0,0.142857143,0.857142857,0.0,0.0,26,0.0,2,8,18,0.0,1,0,phishing,1
5075.0,0,0.25,0.75,21.42857143,0.041666667,24,0.0,3,4,16,0.0,1,3,legitimate,0
7619.0,0,0.362318841,0.637681159,79.16666667,0.04,55,0.0,5,11,21,8.0,1,0,legitimate,0
720.0,0,0.0,0.0,0.0,0.0,37,0.0,3,13,30,0.0,1,3,phishing,1
5233.0,0,0.0,0.0,0.0,0.0,54,0.388888889,2,32,14,32.0,1,4,phishing,1
5.0,0,1.0,0.0,0.0,0.0,38,0.0,4,9,29,0.0,1,3,phishing,1
5075.0,3,0.0,1.0,0.0,0.0,92,0.195652174,7,32,22,9.333333333,1,3,phishing,1
3602.0,0,0.72815534,0.27184466,10.16949153,0.206666667,79,0.063291139,10,10,17,5.875,1,4,legitimate,0
5075.0,0,0.108910891,0.891089109,0.0,0.0,19,0.0,2,4,11,0.0,1,3,legitimate,0
5848.0,0,0.7142857140000001,0.285714286,0.0,0.6,54,0.018518519,6,13,21,5.25,1,6,legitimate,0
8822.0,0,0.090909091,0.909090909,50.0,0.4,19,0.0,2,3,11,0.0,0,3,legitimate,0
774.0,0,0.053571429,0.946428571,100.0,0.0,34,0.0,4,8,12,3.666666667,0,0,phishing,1
5615.0,0,0.80952381,0.19047619,25.0,0.176470588,60,0.166666667,6,15,31,9.5,1,8,phishing,1
5075.0,0,0.0,0.0,0.0,0.0,43,0.302325581,11,9,14,4.285714286,1,0,phishing,1
5075.0,0,0.488372093,0.511627907,70.83333333,0.142857143,46,0.0,4,12,21,7.5,1,6,phishing,1
1954.0,0,0.110344828,0.889655172,100.0,0.0,25,0.0,2,9,16,0.0,0,3,legitimate,0
7491.0,0,0.48,0.52,0.0,0.0,33,0.0,2,13,11,13.0,1,2,legitimate,0
5075.0,0,0.052631579,0.947368421,33.33333333,0.0,33,0.0,2,16,24,0.0,1,3,legitimate,0
6680.0,0,0.18705036,0.81294964,32.25806452,0.192307692,52,0.0,4,18,26,8.5,1,3,legitimate,0
8348.0,1,1.0,0.0,0.0,0.0,77,0.038961039,8,28,16,7.833333333,0,1,phishing,1
2371.0,0,0.011824324,0.988175676,28.57142857,0.0,24,0.0,2,8,16,0.0,1,3,legitimate,0
5767.0,0,0.033333333,0.966666667,100.0,0.0,77,0.233766234,4,32,23,14.66666667,1,2,phishing,1
254.0,0,0.40625,0.59375,0.0,0.153846154,90,0.055555556,10,26,20,6.875,1,4,phishing,1
5627.0,0,0.80952381,0.19047619,25.0,0.294117647,59,0.016949153,8,9,42,4.0,1,1,phishing,1
6529.0,0,0.157142857,0.8428571429999999,58.33333333,0.272727273,23,0.0,2,7,14,0.0,1,3,legitimate,0
2488.0,0,0.0,0.0,0.0,0.0,67,0.0,7,18,26,5.8,0,4,legitimate,0
5075.0,1,0.052631579,0.947368421,50.0,1.0,52,0.0,6,12,20,5.25,0,3,legitimate,0
5075.0,0,0.16,0.84,100.0,0.0,33,0.03030303,5,6,16,4.0,1,3,phishing,1
6660.0,0,0.009045226,0.990954774,97.79005525,0.222222222,31,0.0,2,14,22,0.0,1,4,legitimate,0
3539.0,0,0.280701754,0.7192982459999999,86.66666667,0.25,34,0.0,2,19,26,0.0,1,3,legitimate,0
8088.0,0,0.0,1.0,0.0,0.0,37,0.054054054,6,9,17,2.0,1,3,phishing,1
5075.0,0,0.24,0.76,8.333333332999999,0.875,31,0.0,4,6,13,4.0,1,3,phishing,1
8430.0,0,0.72972973,0.27027027,22.85714286,0.222222222,23,0.0,2,7,15,0.0,1,3,legitimate,0
8944.0,0,0.8167938929999999,0.183206107,1.234567901,0.14953271,26,0.0,1,8,19,0.0,0,0,legitimate,0
6259.0,0,0.1352657,0.8647343000000001,53.33333333,0.0,47,0.0,3,17,25,14.0,1,4,legitimate,0
5767.0,0,0.033333333,0.966666667,100.0,0.0,81,0.222222222,5,32,27,14.66666667,1,8,phishing,1
1953.0,0,0.875,0.125,0.0,0.0,33,0.151515152,3,10,14,10.0,1,2,phishing,1
7447.0,0,0.871244635,0.128755365,91.07142857,0.034482759,36,0.027777778,2,13,27,0.0,1,2,legitimate,0
6201.0,0,0.0,0.0,0.0,0.0,65,0.0,9,9,22,4.1428571430000005,1,0,legitimate,0
7499.0,0,0.128205128,0.871794872,78.57142857,0.2,315,0.3619047620000001,20,32,9,14.68421053,0,20,phishing,1
2683.0,0,0.035714286,0.964285714,71.42857143,0.4,41,0.0,5,11,18,4.0,0,0,legitimate,0
5075.0,0,0.0,0.0,0.0,0.0,52,0.0,6,10,18,5.75,1,5,phishing,1
2038.0,0,0.343137255,0.656862745,0.0,0.057142857,25,0.0,2,9,17,0.0,0,3,legitimate,0
322.0,4,0.0,0.0,0.0,0.0,126,0.0,7,53,38,14.8,1,7,phishing,1
7737.0,0,0.1689189189999999,0.8310810809999999,41.66666667,0.0,33,0.0,2,16,24,0.0,0,4,legitimate,0
1534.0,0,0.75,0.25,0.0,0.0,44,0.1363636359999999,5,9,32,3.0,1,0,phishing,1
7701.0,0,0.577777778,0.422222222,92.30769231,0.019230769,22,0.0,2,6,14,0.0,0,3,legitimate,0
3799.0,0,0.976923077,0.023076923,1.136363636,0.027559055,36,0.0,2,19,27,0.0,1,5,legitimate,0
2128.0,0,0.348684211,0.651315789,82.14285714,0.018867925,49,0.0,4,10,31,9.0,1,1,legitimate,0
7298.0,0,0.6910569109999999,0.308943089,39.68253968,0.294117647,30,0.0,2,9,22,0.0,1,0,legitimate,0
5616.0,0,0.0,0.0,0.0,0.0,64,0.25,9,14,43,3.333333333,1,3,phishing,1
5075.0,0,0.0,1.0,100.0,0.0,110,0.190909091,8,32,18,13.0,1,1,phishing,1
2964.0,0,0.016304348,0.983695652,100.0,0.0,27,0.0,2,11,19,0.0,1,3,legitimate,0
7083.0,0,1.0,0.0,0.0,0.0,82,0.06097561,9,14,26,5.857142857,1,4,phishing,1
874.0,0,0.727272727,0.272727273,0.0,0.375,217,0.152073733,18,31,22,10.0,1,3,phishing,1
6791.0,0,0.828571429,0.171428571,13.79310345,0.275862069,27,0.0,4,4,16,2.0,1,3,legitimate,0
4441.0,0,0.014925373,0.985074627,100.0,0.0,26,0.0,2,9,17,0.0,0,3,legitimate,0
4558.0,0,0.216494845,0.783505155,0.0,0.095238095,34,0.0,2,17,25,0.0,1,3,legitimate,0
4609.0,4,0.666666667,0.333333333,0.0,0.0,107,0.0,14,14,17,5.076923077,1,8,phishing,1
6249.0,3,0.0,1.0,100.0,0.0,86,0.023255814,11,12,19,5.666666667,1,4,phishing,1
2842.0,0,0.699604743,0.300395257,57.14285714,0.011299435,24,0.0,3,4,15,0.0,1,4,legitimate,0
7189.0,0,0.067961165,0.932038835,0.0,0.285714286,31,0.0,2,12,23,0.0,1,0,phishing,1
6606.0,1,0.120689655,0.879310345,0.0,0.214285714,40,0.125,4,9,22,4.0,0,1,phishing,1
3020.0,0,0.483050847,0.516949153,80.0,0.087719298,26,0.0,2,9,17,0.0,0,3,legitimate,0
8833.0,0,0.151515152,0.848484848,20.0,0.1,53,0.037735849,7,11,15,5.2,0,4,legitimate,0
5075.0,0,1.0,0.0,0.0,2.0,19,0.0,2,6,4,6.0,1,0,phishing,1
1950.0,1,1.0,0.0,0.0,0.0,43,0.0,2,18,34,0.0,1,2,phishing,1
4003.0,0,0.0,1.0,100.0,0.0,128,0.203125,13,17,54,8.142857142999999,1,10,phishing,1
3165.0,0,0.092592593,0.907407407,83.33333333,0.0,25,0.2,2,5,16,0.0,0,4,legitimate,0
8387.0,0,0.039215686,0.960784314,96.66666667,0.5,47,0.0,6,8,12,6.0,1,3,legitimate,0
3993.0,0,0.0,1.0,100.0,0.0,125,0.128,12,17,50,8.142857142999999,1,2,phishing,1
8051.0,0,0.180952381,0.819047619,12.5,0.473684211,39,0.0,3,11,19,11.0,1,4,legitimate,0
5075.0,1,0.063829787,0.936170213,50.0,0.166666667,61,0.0,8,12,14,5.666666667,1,3,phishing,1
5075.0,0,0.0,0.0,0.0,0.0,43,0.046511628,6,7,12,4.75,1,3,legitimate,0
31.0,1,0.203389831,0.796610169,21.42857143,0.75,43,0.0,3,17,21,6.0,1,1,phishing,1
5075.0,0,0.0,0.0,0.0,0.0,47,0.0,3,21,29,9.0,1,6,legitimate,0
5576.0,0,0.428571429,0.571428571,0.0,0.166666667,22,0.0,2,6,13,0.0,1,3,legitimate,0
376.0,1,0.5,0.5,0.0,1.0,147,0.244897959,10,32,24,13.375,1,15,phishing,1
5075.0,0,0.017452007,0.982547993,89.65517241,0.3,17,0.0,2,3,9,0.0,1,3,legitimate,0
7765.0,0,1.0,0.0,0.0,0.0,132,0.03030303,7,80,16,20.6,1,43,phishing,1
5626.0,0,0.80952381,0.19047619,25.0,0.294117647,55,0.0,8,7,38,4.0,1,3,phishing,1
540.0,0,0.0,0.0,0.0,0.0,84,0.0,10,13,14,6.875,1,0,legitimate,0
2784.0,0,0.063492063,0.936507937,100.0,0.0,58,0.0,6,17,28,10.5,1,4,legitimate,0
5616.0,0,0.80952381,0.19047619,25.0,0.176470588,62,0.161290323,8,14,31,4.75,1,8,phishing,1
8093.0,0,0.571428571,0.428571429,0.0,0.75,32,0.21875,4,8,24,0.0,1,1,phishing,1
2004.0,1,0.708333333,0.291666667,0.0,0.0,40,0.0,2,24,32,0.0,1,4,legitimate,0
5075.0,0,0.0,0.0,0.0,0.0,35,0.028571429,4,7,10,5.0,1,0,phishing,1
135.0,0,0.893333333,0.106666667,66.66666667,0.089552239,54,0.018518519,6,9,23,5.0,1,1,phishing,1
2694.0,3,0.25,0.75,100.0,0.0,71,0.0,8,16,24,5.666666667,1,3,phishing,1
2736.0,0,0.7373737370000001,0.262626263,1.5384615380000002,0.109589041,30,0.0,2,13,21,0.0,1,4,legitimate,0
4089.0,1,0.030612245,0.969387755,96.91780822,0.111111111,45,0.0,6,9,17,4.25,1,4,phishing,1
971.0,2,0.303703704,0.696296296,43.47826087,0.012195122,96,0.114583333,10,30,20,6.666666667,1,4,phishing,1
7298.0,0,0.519607843,0.480392157,81.25,0.132075472,34,0.0,3,8,26,0.0,1,0,legitimate,0
4212.0,0,0.833333333,0.166666667,100.0,0.0,67,0.0,7,14,22,6.6,1,33,phishing,1
323.0,0,0.5165876779999999,0.483412322,0.0,0.073394495,69,0.0,6,23,38,5.0,1,0,phishing,1
4968.0,0,0.359375,0.640625,55.0,0.173913043,54,0.0,7,7,16,5.2,1,0,legitimate,0
5222.0,0,0.297435897,0.7025641029999999,35.48387097,0.137931034,73,0.02739726,8,10,18,6.833333333,1,5,legitimate,0
7133.0,0,0.094482237,0.905517763,67.94871795,0.52,44,0.0,5,9,16,5.666666667,0,0,legitimate,0
1079.0,0,0.0,1.0,0.0,0.0,71,0.014084507,9,10,7,5.75,1,1,phishing,1
7412.0,0,1.0,0.0,0.0,1.166666667,32,0.0,2,12,25,0.0,0,0,phishing,1
8019.0,1,0.884615385,0.115384615,0.0,0.0,122,0.073770492,11,40,29,9.375,1,0,phishing,1
3993.0,0,0.0,1.0,100.0,0.0,76,0.118421053,7,15,50,8.5,1,2,phishing,1
8018.0,0,1.0,0.0,0.0,0.0,138,0.036231884,13,41,27,9.2,1,3,phishing,1
3022.0,0,0.340425532,0.659574468,66.66666667,0.0,61,0.0,8,8,12,4.857142857,0,1,legitimate,0
5797.0,0,0.751486326,0.248513674,92.59259259,0.0,100,0.12,11,15,18,7.222222222,1,6,legitimate,0
7295.0,0,0.928571429,0.071428571,14.28571429,0.846153846,32,0.03125,2,12,25,0.0,1,1,phishing,1
3166.0,0,0.0,0.0,0.0,0.0,19,0.0,2,5,6,5.0,1,0,phishing,1
5075.0,0,0.0,0.0,0.0,0.0,72,0.222222222,12,7,17,4.333333333,1,0,legitimate,0
5075.0,0,0.026119403,0.973880597,55.55555556,0.571428571,52,0.038461538,5,15,23,6.333333333,1,4,legitimate,0
6535.0,0,0.097560976,0.902439024,50.0,0.0,27,0.0,3,6,14,5.0,0,3,legitimate,0
7295.0,0,0.928571429,0.071428571,14.28571429,0.846153846,37,0.0,2,15,28,0.0,1,1,phishing,1
5075.0,0,0.867924528,0.132075472,19.04761905,0.086956522,37,0.027027027,3,13,29,0.0,1,0,phishing,1
836.0,3,0.333333333,0.666666667,0.0,0.0,54,0.018518519,6,15,19,4.6,1,1,phishing,1
5074.0,0,0.0,1.0,0.0,0.0,33,0.0,3,9,17,7.0,1,4,legitimate,0
7118.0,0,0.221438646,0.778561354,64.60176991,0.585987261,49,0.0,5,10,24,4.666666667,1,0,legitimate,0
7297.0,0,0.852941176,0.147058824,12.5,0.137931034,50,0.12,6,10,23,3.75,1,2,phishing,1
1515.0,0,0.076923077,0.923076923,0.0,0.0,29,0.0,3,12,16,2.0,1,1,phishing,1
6773.0,0,0.0651341,0.9348659,30.76923077,0.235294118,30,0.0,2,14,22,0.0,1,4,legitimate,0
4003.0,0,0.0,1.0,100.0,0.0,139,0.115107914,14,17,54,8.375,1,7,phishing,1
7913.0,0,0.06741573,0.93258427,62.5,0.166666667,61,0.098360656,7,12,16,6.4,1,5,legitimate,0
8348.0,1,1.0,0.0,0.0,0.0,82,0.048780488,9,30,16,7.285714286,0,3,phishing,1
162.0,2,0.739130435,0.260869565,71.42857143,0.117647059,39,0.0,4,14,18,3.333333333,1,1,phishing,1
8346.0,1,0.606060606,0.393939394,100.0,0.0,105,0.038095238,11,29,15,8.111111111,1,4,phishing,1
5075.0,0,0.473551637,0.526448363,26.19047619,0.079787234,82,0.036585366,10,9,20,5.875,1,2,legitimate,0
7299.0,0,0.911764706,0.088235294,33.33333333,0.419354839,41,0.0,2,21,34,0.0,1,1,legitimate,0
5075.0,0,0.558823529,0.441176471,40.0,0.0,25,0.0,3,6,16,0.0,0,3,legitimate,0
6843.0,0,0.00862069,0.99137931,50.0,1.5,56,0.0,6,13,21,5.75,0,3,legitimate,0
5616.0,0,0.80952381,0.19047619,25.0,0.176470588,47,0.212765957,6,14,31,3.5,1,8,phishing,1
2869.0,1,0.0,0.0,0.0,0.0,47,0.0,7,6,13,4.4,1,6,phishing,1
1337.0,0,0.666666667,0.333333333,0.0,0.0,42,0.0,4,9,13,6.0,1,1,phishing,1
1536.0,0,0.857142857,0.142857143,0.0,0.180555556,64,0.046875,5,14,32,7.0,1,4,phishing,1
6402.0,0,0.0,0.0,0.0,0.0,45,0.0,8,5,14,3.8,1,3,legitimate,0
716.0,0,0.0,0.0,0.0,0.0,36,0.0,4,12,20,3.0,1,5,phishing,1
3433.0,0,0.48,0.52,40.42553191,0.0,33,0.0,2,16,24,0.0,1,3,legitimate,0
3231.0,0,0.05,0.95,100.0,0.0,36,0.111111111,4,11,9,5.666666667,0,1,legitimate,0
12872.0,0,0.0,1.0,100.0,0.0,44,0.022727273,6,8,21,4.333333333,1,3,legitimate,0
7295.0,0,0.928571429,0.071428571,14.28571429,0.230769231,39,0.025641026,2,19,32,0.0,1,0,phishing,1
3434.0,0,0.194029851,0.8059701490000001,69.23076923,0.153846154,27,0.0,3,7,15,2.0,0,3,legitimate,0
3328.0,0,0.0625,0.9375,80.0,0.25,22,0.0,1,10,13,0.0,0,1,legitimate,0
5075.0,0,0.682352941,0.317647059,36.50793651,0.396551724,25,0.0,2,10,17,0.0,1,4,legitimate,0
8159.0,0,0.009884679,0.990115321,100.0,0.0,55,0.018181818,8,8,16,4.0,1,3,legitimate,0
5075.0,0,0.0,1.0,0.0,0.0,22,0.0,1,11,15,0.0,1,1,legitimate,0
5075.0,1,0.454545455,0.545454545,100.0,0.1,50,0.2,13,7,13,3.888888889,1,5,phishing,1
8765.0,0,0.055474453,0.944525547,85.41666667,0.078947368,64,0.0,8,12,14,6.0,0,4,legitimate,0
8469.0,0,0.087591241,0.912408759,35.48387097,0.125,62,0.0,8,11,11,6.166666667,1,6,legitimate,0
1854.0,1,0.156626506,0.8433734940000001,50.0,0.0,75,0.026666667,10,18,25,4.375,1,3,phishing,1
3388.0,0,0.285714286,0.7142857140000001,50.0,1.0,26,0.076923077,3,6,13,5.0,1,3,phishing,1
5637.0,0,0.527272727,0.472727273,0.0,0.137931034,43,0.0,4,14,15,9.0,0,3,legitimate,0
8348.0,1,0.0,0.0,0.0,0.0,169,0.023668639,28,12,14,4.538461538,0,9,phishing,1
4284.0,2,0.217391304,0.7826086959999999,20.0,0.0,160,0.1,13,43,21,10.81818182,1,9,phishing,1
4950.0,0,0.298507463,0.701492537,18.18181818,0.25,67,0.164179104,12,7,11,3.272727273,0,3,legitimate,0
3347.0,1,0.6375,0.3625,0.0,0.31372549,79,0.101265823,9,11,15,6.0,1,1,phishing,1
5913.0,0,0.290322581,0.709677419,87.5,0.111111111,42,0.0,6,8,16,5.333333333,1,4,legitimate,0
1794.0,0,0.875,0.125,25.0,0.214285714,46,0.0,4,12,14,7.333333333,1,4,phishing,1
7134.0,0,0.015299026,0.984700974,77.08333333,0.272727273,56,0.0,7,9,16,5.4,0,0,legitimate,0
4003.0,0,0.0,1.0,100.0,0.0,124,0.225806452,13,17,46,7.375,1,8,phishing,1
5075.0,0,0.335648148,0.664351852,16.86046512,0.572413793,66,0.0,6,14,20,8.75,1,3,legitimate,0
7130.0,0,0.051565378,0.948434622,46.15384615,0.214285714,33,0.0,4,9,16,3.5,1,0,legitimate,0
5075.0,1,1.0,0.0,0.0,0.0,30,0.0,4,8,15,2.0,1,2,phishing,1
5075.0,0,0.083870968,0.916129032,86.95652174,0.307692308,90,0.0,11,13,15,6.444444444,1,4,legitimate,0
1338.0,0,0.0,1.0,0.0,0.0,38,0.210526316,3,11,25,3.0,0,2,phishing,1
8323.0,0,0.012145749,0.987854251,100.0,0.0,36,0.0,3,14,22,4.0,1,3,legitimate,0
9285.0,0,0.230769231,0.7692307690000001,73.68421053,0.072463768,51,0.058823529,8,8,15,3.666666667,0,4,legitimate,0
1801.0,0,0.024024024,0.975975976,0.0,0.25,27,0.0,3,7,15,2.0,0,3,legitimate,0
56.0,0,0.0,1.0,0.0,0.0,23,0.0,2,7,15,0.0,1,3,phishing,1
2613.0,0,0.222222222,0.7777777779999999,60.0,0.0,29,0.0,2,13,20,0.0,1,3,legitimate,0
1496.0,0,0.645833333,0.354166667,33.33333333,0.161290323,25,0.0,2,9,17,0.0,0,3,legitimate,0
3064.0,3,0.0,1.0,100.0,0.0,165,0.078787879,16,17,23,8.642857142999999,1,4,phishing,1
5934.0,0,0.219512195,0.780487805,66.66666667,0.111111111,54,0.0,4,18,26,9.0,1,3,legitimate,0
7590.0,0,0.1578947369999999,0.842105263,0.0,0.0,72,0.041666667,12,8,24,3.444444444,0,1,legitimate,0
1547.0,0,0.781512605,0.218487395,0.0,0.021505376,34,0.088235294,2,13,26,0.0,1,4,phishing,1
6983.0,0,0.013550136,0.986449864,88.88888889,0.0,58,0.0,6,11,19,6.75,0,4,legitimate,0
829.0,0,0.8,0.2,25.0,0.1875,60,0.0,6,19,27,5.5,1,2,phishing,1
7526.0,0,0.059952038,0.940047962,68.42105263,0.0,61,0.016393443,9,10,20,3.857142857,0,5,legitimate,0
3861.0,0,0.595744681,0.404255319,27.27272727,0.25,27,0.037037037,2,10,18,0.0,1,4,legitimate,0
8705.0,0,0.070866142,0.929133858,40.0,0.5555555560000001,49,0.020408163,6,9,13,6.25,0,3,legitimate,0
258.0,0,0.0,0.0,0.0,0.0,45,0.0,1,31,37,0.0,1,0,phishing,1
2204.0,2,0.066666667,0.933333333,100.0,0.0,126,0.03968254,15,19,14,7.0,1,6,phishing,1
2238.0,0,0.333333333,0.666666667,0.0,0.0,66,0.0,9,15,23,4.1428571430000005,1,0,phishing,1
3992.0,0,0.0,1.0,100.0,0.0,68,0.102941176,6,15,42,8.5,1,3,phishing,1
437.0,1,0.0,0.0,0.0,0.0,34,0.0,2,14,26,0.0,1,4,legitimate,0
135.0,0,0.0,1.0,0.0,0.0,81,0.061728395,10,15,12,6.75,1,4,phishing,1
6311.0,1,0.015444015,0.984555985,0.0,0.5,22,0.0,2,6,14,0.0,1,3,legitimate,0
7496.0,0,0.277777778,0.7222222220000001,0.0,1.0,42,0.0,5,9,11,7.0,1,1,legitimate,0
3781.0,1,0.263157895,0.736842105,71.56862745,0.15,31,0.0,3,9,13,9.0,1,4,legitimate,0
7764.0,0,0.6882591090000001,0.311740891,20.0,0.376470588,107,0.186915888,15,12,18,5.230769231,1,3,legitimate,0
2025.0,0,0.324675325,0.675324675,93.93939394,0.0,28,0.0,2,11,19,0.0,1,4,legitimate,0
5239.0,0,0.007633588,0.992366412,100.0,0.0,29,0.0,2,12,20,0.0,0,3,legitimate,0
5075.0,0,0.0,1.0,100.0,0.0,17,0.0,1,5,8,0.0,0,0,phishing,1
13.0,1,0.0,1.0,100.0,0.0,52,0.038461538,6,13,22,6.333333333,1,3,phishing,1
3993.0,0,0.0,1.0,100.0,0.0,128,0.1875,13,17,50,7.375,1,4,phishing,1
224.0,0,0.0,1.0,100.0,0.0,64,0.109375,7,12,22,5.8,1,2,phishing,1
2630.0,0,0.065703022,0.934296978,96.02739726,0.36,54,0.092592593,7,8,16,5.2,1,4,legitimate,0
614.0,0,0.0,1.0,100.0,0.0,25,0.0,2,8,12,4.0,1,1,phishing,1
2241.0,1,0.0,1.0,100.0,0.0,48,0.0,5,8,16,6.666666667,1,4,phishing,1
6036.0,0,0.0,1.0,100.0,0.0,56,0.0,5,11,26,10.5,1,4,legitimate,0
5075.0,0,0.041666667,0.958333333,98.11320755,0.0,84,0.05952381,10,13,10,6.1111111110000005,0,5,legitimate,0
4503.0,4,0.9,0.1,0.0,0.222222222,80,0.0,12,8,13,5.0,1,3,phishing,1
8346.0,2,1.0,0.0,0.0,0.0,52,0.0,6,10,16,6.0,0,2,phishing,1
5075.0,0,0.0,1.0,100.0,0.0,18,0.055555556,2,4,6,4.0,0,0,phishing,1
6257.0,0,0.390625,0.609375,37.14285714,0.08,71,0.0,8,13,21,5.833333333,1,4,legitimate,0
7133.0,0,0.0893617019999999,0.910638298,68.18181818,0.523809524,47,0.0,5,9,16,6.666666667,0,1,legitimate,0
5804.0,0,0.0,0.0,0.0,0.0,105,0.123809524,10,35,23,8.25,1,1,phishing,1
7328.0,1,0.067961165,0.932038835,0.0,0.285714286,39,0.051282051,5,7,22,4.0,1,0,phishing,1
1479.0,1,0.181818182,0.818181818,100.0,0.0,36,0.0,4,10,14,3.666666667,1,6,phishing,1
3993.0,0,0.0,1.0,100.0,0.0,68,0.191176471,6,15,42,8.5,1,3,phishing,1
5075.0,0,0.0,0.0,0.0,0.0,29,0.0,3,9,17,3.0,1,4,legitimate,0
8757.0,0,0.032467532,0.967532468,69.23076923,0.2,118,0.0,12,11,21,7.9,0,5,legitimate,0
2301.0,0,0.05511811,0.94488189,100.0,0.0,34,0.0,2,11,25,0.0,0,0,phishing,1
4057.0,0,0.281609195,0.718390805,85.10638298,0.142857143,99,0.060606061,14,13,22,4.75,1,1,legitimate,0
5075.0,0,0.186363636,0.8136363640000001,16.66666667,0.048780488,31,0.0,2,15,22,0.0,0,4,legitimate,0
2348.0,0,0.393939394,0.606060606,12.5,0.538461538,48,0.0,4,10,26,6.0,0,0,legitimate,0
6605.0,0,0.120689655,0.879310345,0.0,0.214285714,49,0.142857143,5,9,31,4.0,0,1,phishing,1
3872.0,0,0.070038911,0.929961089,63.33333333,0.277777778,36,0.0,2,19,27,0.0,1,4,legitimate,0
5159.0,0,0.25,0.75,33.33333333,0.666666667,25,0.0,2,7,18,0.0,1,1,legitimate,0
2252.0,2,0.757575758,0.242424242,70.0,0.0,47,0.0,4,13,16,10.5,1,3,phishing,1
8350.0,0,0.091836735,0.908163265,47.05882353,0.444444444,58,0.120689655,7,10,18,5.4,1,7,legitimate,0
3911.0,0,0.215909091,0.7840909090000001,66.66666667,0.315789474,37,0.0,5,12,10,5.333333333,1,0,phishing,1
5437.0,0,0.052631579,0.947368421,0.0,2.0,25,0.12,1,9,12,0.0,1,0,legitimate,0
4340.0,0,0.473684211,0.526315789,62.5,0.222222222,31,0.0,4,8,16,3.0,1,3,legitimate,0
7587.0,0,0.005181347,0.994818653,93.75,0.0,40,0.0,3,14,22,10.0,1,3,legitimate,0
7985.0,0,0.016453382,0.983546618,57.89473684,0.444444444,62,0.129032258,10,9,13,4.125,0,6,legitimate,0
4721.0,0,0.269230769,0.7307692309999999,0.0,0.142857143,49,0.0,5,9,9,7.25,1,0,legitimate,0
5075.0,0,0.2,0.8,60.0,0.0,25,0.0,2,9,16,0.0,0,4,legitimate,0
7133.0,0,0.062801932,0.937198068,68.29268293,0.307692308,41,0.0,5,9,16,4.666666667,0,0,legitimate,0
5714.0,0,0.0,1.0,0.0,0.0,28,0.0,2,11,19,0.0,1,3,legitimate,0
5075.0,0,0.266666667,0.7333333329999999,57.14285714,0.25,30,0.0,2,13,21,0.0,1,3,legitimate,0
9549.0,0,0.166666667,0.833333333,0.0,0.0,52,0.192307692,5,12,16,8.666666667000001,0,11,legitimate,0
4397.0,2,0.0,0.0,0.0,0.0,60,0.0,7,17,25,4.6,1,4,phishing,1
7378.0,3,0.0,1.0,0.0,0.0,47,0.0,6,8,17,4.75,1,3,phishing,1
2932.0,0,0.0,1.0,0.0,0.0,23,0.043478261,2,6,10,4.0,1,0,phishing,1
7299.0,0,0.642857143,0.357142857,38.7755102,0.5902777779999999,36,0.0,3,9,29,0.0,1,0,legitimate,0
5075.0,0,0.265822785,0.734177215,31.03448276,0.7142857140000001,74,0.0,10,11,13,5.625,1,4,legitimate,0
2861.0,1,0.0,0.0,0.0,0.0,50,0.0,6,10,16,5.75,1,3,legitimate,0
4914.0,2,0.85,0.15,0.0,0.0,59,0.0,8,10,26,3.0,1,2,phishing,1
4987.0,0,0.911764706,0.088235294,0.0,0.387096774,43,0.0,5,7,12,4.75,1,0,phishing,1
5075.0,0,0.0,0.0,0.0,0.0,49,0.020408163,6,9,18,5.0,1,1,legitimate,0
7105.0,0,0.048,0.952,50.0,0.5,41,0.073170732,6,9,13,3.0,1,0,legitimate,0
5075.0,0,0.0,1.0,100.0,0.0,46,0.0,8,8,13,4.0,1,3,legitimate,0
4537.0,0,0.0,0.0,0.0,0.0,42,0.0,3,17,21,5.5,1,0,phishing,1
5824.0,1,0.0,1.0,100.0,0.0,44,0.0,5,8,11,5.5,1,2,legitimate,0
5075.0,0,0.44,0.56,23.21428571,0.4318181820000001,33,0.0,3,10,14,5.0,1,0,legitimate,0
2342.0,0,0.204545455,0.795454545,71.42857143,0.037037037,25,0.0,2,9,17,0.0,1,3,legitimate,0
7890.0,0,0.066481994,0.933518006,0.0,0.125,61,0.0,7,12,20,5.6,1,3,legitimate,0
5075.0,1,0.0,1.0,0.0,0.0,57,0.052631579,10,8,10,3.444444444,1,2,phishing,1
7992.0,0,0.186507937,0.813492063,50.0,0.021276596,36,0.0,4,9,13,7.0,0,3,legitimate,0
5626.0,0,0.5301204820000001,0.469879518,56.92307692,0.363636364,56,0.107142857,8,7,39,4.0,1,2,phishing,1
4499.0,0,0.266666667,0.7333333329999999,53.84615385,0.0,35,0.0,2,18,26,0.0,1,3,legitimate,0
4190.0,0,0.089285714,0.910714286,60.0,0.0,55,0.0,6,22,30,3.0,1,3,phishing,1
2578.0,0,0.810679612,0.189320388,17.80821918,0.54491018,78,0.012820513,8,11,18,7.833333333,1,3,legitimate,0
7523.0,0,0.286624204,0.7133757959999999,62.5,0.044444444,47,0.085106383,5,11,17,6.666666667,1,5,legitimate,0
2590.0,0,0.333333333,0.666666667,0.0,0.0,41,0.0,4,18,22,3.0,1,0,phishing,1
8348.0,2,0.388888889,0.611111111,100.0,0.0,57,0.0,4,26,16,15.0,1,1,phishing,1
2563.0,0,0.0,1.0,100.0,0.0,55,0.072727273,6,13,21,5.75,1,4,phishing,1
5044.0,0,0.0625,0.9375,64.28571429,0.0,56,0.0,7,14,22,4.4,0,3,legitimate,0
7583.0,0,0.0045871559999999,0.995412844,95.23809524,0.0,39,0.0,3,14,22,9.0,1,4,legitimate,0
5022.0,0,0.384615385,0.615384615,77.77777778,0.3,27,0.0,2,10,18,0.0,1,3,legitimate,0
5075.0,0,0.75,0.25,5.8823529410000015,0.1578947369999999,37,0.0,2,19,28,0.0,1,4,legitimate,0
7133.0,0,0.040625,0.959375,56.66666667,0.461538462,42,0.0,5,9,16,5.0,0,1,legitimate,0
240.0,0,1.0,0.0,0.0,0.043478261,35,0.085714286,3,13,17,4.0,1,3,phishing,1
1777.0,0,0.411764706,0.588235294,0.0,0.071428571,32,0.0,3,7,11,5.5,1,0,phishing,1
2573.0,1,0.2,0.8,0.0,0.0,47,0.0,7,9,17,3.4,0,4,phishing,1
6348.0,0,0.216216216,0.783783784,50.0,0.125,149,0.261744966,41,11,18,2.051282051,0,3,legitimate,0
8019.0,0,0.884615385,0.115384615,0.0,0.0,121,0.066115702,12,17,31,7.777777778,1,0,phishing,1
181.0,0,0.0,1.0,0.0,0.0,65,0.046153846,8,8,15,6.166666667,1,3,phishing,1
3424.0,0,0.428571429,0.571428571,0.0,0.0,204,0.1372549019999999,4,167,20,86.5,1,3,phishing,1
5075.0,0,0.042553191,0.957446809,100.0,0.5,15,0.0,1,4,7,0.0,0,0,legitimate,0
4190.0,0,0.434782609,0.565217391,9.090909091,0.0,101,0.00990099,13,22,30,4.727272727,1,4,phishing,1
330.0,2,0.0,1.0,0.0,0.0,89,0.0,7,39,43,5.5,1,5,phishing,1
243.0,3,0.0,1.0,100.0,0.0,91,0.230769231,8,32,18,10.0,1,6,phishing,1
3964.0,1,0.0625,0.9375,46.66666667,0.461538462,108,0.064814815,10,23,44,6.0,0,5,legitimate,0
5075.0,0,0.222222222,0.7777777779999999,92.30769231,0.0,58,0.155172414,3,33,14,17.0,1,1,phishing,1
5080.0,0,0.058823529,0.941176471,85.71428571,0.666666667,58,0.0,6,13,21,6.5,0,4,legitimate,0
613.0,0,0.953271028,0.046728972,8.163265306,0.18627451,52,0.0,7,7,9,4.833333333,1,0,phishing,1
6769.0,0,0.085271318,0.914728682,16.66666667,0.363636364,24,0.041666667,2,8,15,0.0,0,3,legitimate,0
5075.0,0,0.049612403,0.950387597,33.33333333,0.03125,28,0.0,2,9,19,0.0,1,4,legitimate,0
5408.0,0,0.764705882,0.235294118,0.0,0.307692308,73,0.150684932,12,8,13,4.2,1,4,legitimate,0
2139.0,0,1.0,0.0,0.0,0.0,26,0.115384615,2,7,10,7.0,1,0,phishing,1
5990.0,0,0.166666667,0.833333333,0.0,0.0,68,0.264705882,4,32,22,18.0,1,2,phishing,1
7134.0,0,0.115740741,0.884259259,67.32026144,0.2,41,0.0,5,9,16,4.666666667,0,2,legitimate,0
4440.0,0,0.130434783,0.869565217,0.0,0.222222222,33,0.0,3,10,14,4.5,0,0,legitimate,0
5075.0,0,0.0,1.0,100.0,0.0,49,0.0,4,28,6,10.66666667,1,1,legitimate,0
5075.0,0,0.392156863,0.607843137,86.66666667,0.0,26,0.0,2,7,18,0.0,0,3,legitimate,0
7295.0,0,0.928571429,0.071428571,14.28571429,0.846153846,30,0.1,2,10,23,0.0,1,1,phishing,1
11285.0,0,0.224489796,0.775510204,25.0,0.303030303,45,0.066666667,5,9,13,7.333333333,0,4,legitimate,0
5075.0,0,0.204545455,0.795454545,85.71428571,0.111111111,84,0.25,6,32,20,10.4,1,2,phishing,1
6734.0,0,0.0,0.0,0.0,0.0,55,0.181818182,5,13,19,8.666666667000001,1,0,phishing,1
4003.0,0,0.0,1.0,100.0,0.0,128,0.1171875,13,17,50,7.375,1,2,phishing,1
5075.0,0,0.379310345,0.620689655,16.66666667,0.1363636359999999,49,0.040816327,6,8,15,4.4,1,1,phishing,1
8416.0,0,0.0,0.0,0.0,0.0,69,0.057971014,7,16,61,0.0,1,6,phishing,1
7038.0,0,0.0,1.0,100.0,0.0,105,0.085714286,11,43,18,7.777777778,0,3,phishing,1
7530.0,0,0.0,1.0,100.0,0.0,47,0.127659574,4,12,21,8.5,1,0,phishing,1
5865.0,0,0.4375,0.5625,5.263157895,0.0,64,0.0,6,18,26,6.75,1,3,legitimate,0
2347.0,0,0.295774648,0.704225352,60.0,0.095238095,30,0.0,2,13,21,0.0,1,4,legitimate,0
4755.0,1,0.0,0.0,0.0,0.0,56,0.0,6,17,21,4.6,1,2,phishing,1
923.0,0,0.095238095,0.904761905,100.0,0.0,38,0.105263158,3,15,23,6.0,1,3,phishing,1
6260.0,0,0.425,0.575,42.85714286,0.117647059,27,0.0,2,10,18,0.0,0,3,legitimate,0
5097.0,0,0.027027027,0.972972973,88.46153846,0.333333333,71,0.0,8,11,19,6.166666667,0,4,legitimate,0
6080.0,2,0.0,1.0,100.0,0.0,50,0.0,7,9,23,3.75,1,4,phishing,1
7405.0,1,0.104166667,0.895833333,64.70588235,0.266666667,120,0.058333333,14,12,17,7.0,1,7,legitimate,0
3075.0,0,0.147058824,0.852941176,14.28571429,0.44,68,0.117647059,11,7,9,4.1,1,0,legitimate,0
2195.0,4,0.673913043,0.326086957,0.0,0.290322581,100,0.05,10,16,20,7.0,1,3,phishing,1
4202.0,0,0.217391304,0.7826086959999999,100.0,0.0,45,0.0,4,8,37,0.0,1,1,phishing,1
7696.0,0,0.025641026,0.974358974,100.0,0.0,26,0.0,2,10,18,0.0,0,4,legitimate,0
3199.0,0,0.1875,0.8125,80.0,0.166666667,33,0.0,4,8,21,2.0,1,4,legitimate,0
5805.0,3,0.0,1.0,100.0,0.0,68,0.0,8,13,17,6.333333333,1,4,phishing,1
1556.0,2,0.166666667,0.833333333,0.0,0.0,204,0.387254902,14,64,15,14.08333333,1,22,phishing,1
5075.0,0,0.0,0.0,0.0,0.0,66,0.106060606,8,11,23,5.0,1,3,legitimate,0
5670.0,0,0.833333333,0.166666667,100.0,0.0,130,0.2,19,15,30,4.4117647060000005,1,2,phishing,1
5075.0,2,0.0,1.0,0.0,0.0,107,0.112149533,11,21,28,6.2,1,1,phishing,1
6896.0,0,0.0,1.0,100.0,0.0,52,0.0,6,10,16,6.0,1,3,phishing,1
5511.0,0,0.081632653,0.918367347,0.0,0.0,74,0.0,9,11,19,5.571428571,0,3,legitimate,0
5075.0,0,0.0,0.0,0.0,0.0,27,0.0,2,9,19,0.0,1,1,phishing,1
6107.0,0,0.166666667,0.833333333,0.0,0.333333333,56,0.0,5,19,37,5.0,1,5,phishing,1
8019.0,0,0.909090909,0.090909091,0.0,0.0,90,0.044444444,9,16,20,7.571428571,1,2,phishing,1
4068.0,0,0.0,0.0,0.0,0.0,54,0.240740741,5,13,18,8.666666667000001,1,0,phishing,1
5616.0,1,0.80952381,0.19047619,25.0,0.176470588,70,0.157142857,7,27,44,5.333333333,1,1,phishing,1
7142.0,0,0.222222222,0.7777777779999999,0.0,0.5,78,0.012820513,10,10,14,6.0,1,3,legitimate,0
7083.0,0,1.0,0.0,0.0,0.0,54,0.0,5,11,26,6.0,1,2,phishing,1
5972.0,0,0.0,0.0,0.0,0.0,53,0.056603774,6,13,21,5.25,1,5,phishing,1
9325.0,0,0.268292683,0.731707317,0.0,0.363636364,31,0.0,3,8,16,6.0,0,3,legitimate,0
5454.0,0,0.12244898,0.87755102,14.28571429,0.0,41,0.0,5,11,19,4.0,1,3,legitimate,0
9558.0,0,0.042016807,0.957983193,84.12698413,0.8,44,0.1363636359999999,5,9,17,5.666666667,0,3,legitimate,0
7298.0,0,0.915254237,0.084745763,23.4375,0.314814815,39,0.0,2,17,30,0.0,1,0,legitimate,0
6683.0,0,0.036585366,0.963414634,0.0,0.333333333,26,0.0,2,10,18,0.0,0,4,legitimate,0
2486.0,0,0.838709677,0.161290323,0.0,0.0,66,0.439393939,11,7,10,3.9,1,1,phishing,1
5075.0,0,0.033333333,0.966666667,0.0,0.0,62,0.032258065,6,11,14,9.25,1,4,legitimate,0
5075.0,0,0.222222222,0.7777777779999999,14.28571429,0.0,35,0.0,2,15,26,0.0,1,3,legitimate,0
5160.0,0,0.0625,0.9375,0.0,0.0,25,0.0,2,7,18,0.0,1,1,legitimate,0
3496.0,0,0.8481675390000001,0.151832461,6.896551724,0.074074074,23,0.0,2,6,14,0.0,1,3,legitimate,0
4003.0,0,0.0,1.0,100.0,0.0,126,0.19047619,12,17,50,8.142857142999999,1,2,phishing,1
6056.0,0,0.456521739,0.543478261,30.52631579,0.035714286,73,0.095890411,8,13,17,6.0,1,0,legitimate,0
5075.0,2,0.204819277,0.795180723,26.08695652,0.294117647,116,0.215517241,11,32,13,8.6,1,4,phishing,1
768.0,0,0.0,1.0,0.0,0.0,40,0.0,4,10,31,0.0,1,0,phishing,1
5947.0,0,0.827868852,0.172131148,7.430340557,0.6138613860000001,35,0.0,2,19,27,0.0,1,3,legitimate,0
1465.0,0,0.234234234,0.7657657659999999,7.142857143,0.038461538,20,0.0,2,3,11,0.0,1,0,legitimate,0
539.0,2,1.0,0.0,33.33333333,0.133333333,30,0.2,2,8,22,0.0,0,2,phishing,1
1021.0,0,0.0,1.0,0.0,0.0,68,0.279411765,8,12,18,6.0,0,2,phishing,1
5075.0,3,0.0,0.0,0.0,0.0,68,0.0,6,15,15,8.0,1,1,phishing,1
5158.0,0,0.6,0.4,0.0,0.666666667,88,0.045454545,12,25,14,5.6,0,5,legitimate,0
1180.0,0,0.729166667,0.270833333,11.76470588,0.085714286,33,0.0,1,20,26,0.0,1,0,legitimate,0
2713.0,0,0.209302326,0.790697674,50.0,0.222222222,25,0.08,2,9,17,0.0,0,3,legitimate,0
5635.0,0,0.527272727,0.472727273,0.0,0.137931034,35,0.0,4,7,15,5.0,0,3,legitimate,0
8481.0,0,0.585106383,0.4148936170000001,50.0,0.236363636,97,0.0,9,18,26,7.857142857,1,6,legitimate,0
5075.0,0,0.0,1.0,0.0,0.0,46,0.043478261,3,16,27,10.0,1,4,phishing,1
7302.0,0,0.153846154,0.846153846,0.0,0.166666667,27,0.0,2,10,18,0.0,0,4,legitimate,0
1407.0,1,0.333333333,0.666666667,0.0,0.0,44,0.0,5,15,19,3.5,1,1,phishing,1
5075.0,0,0.0,1.0,100.0,0.0,58,0.0,6,18,22,4.8,1,2,phishing,1
470.0,3,0.153846154,0.846153846,0.0,0.0,55,0.0,7,8,19,4.4,1,0,phishing,1
8044.0,0,0.107142857,0.892857143,55.55555556,0.111111111,48,0.125,5,12,20,5.666666667,1,7,legitimate,0
6466.0,0,0.134615385,0.865384615,55.55555556,0.666666667,30,0.0,2,11,23,0.0,1,0,legitimate,0
5075.0,0,0.0,0.0,0.0,0.0,24,0.0,3,5,8,3.5,1,0,phishing,1
7619.0,0,0.397435897,0.602564103,75.86206897,0.064516129,66,0.0,5,16,31,8.333333332999999,1,0,legitimate,0
54.0,0,0.0,1.0,100.0,0.0,45,0.111111111,4,10,13,6.666666667,1,1,phishing,1
5397.0,0,0.054794521,0.945205479,0.0,0.0,39,0.0,4,11,19,5.0,1,3,legitimate,0
5075.0,1,0.4375,0.5625,100.0,0.0,54,0.0,9,6,17,3.833333333,1,3,phishing,1
7286.0,0,0.8235294120000001,0.176470588,20.93023256,0.0,58,0.103448276,6,12,22,6.0,1,6,legitimate,0
7123.0,0,0.523076923,0.476923077,90.90909091,0.058823529,46,0.0,5,10,24,3.666666667,1,0,legitimate,0
8664.0,0,0.1578947369999999,0.842105263,100.0,0.0,32,0.0,4,6,10,4.0,1,2,phishing,1
254.0,3,0.0,1.0,100.0,0.0,100,0.23,10,32,18,8.375,1,4,phishing,1
2388.0,0,0.145454545,0.854545455,72.22222222,0.0,61,0.0,7,9,16,6.6,0,5,legitimate,0
5387.0,0,0.066666667,0.933333333,0.0,1.0,61,0.31147541,9,9,13,4.714285714,1,5,phishing,1
5160.0,0,0.6,0.4,0.0,0.666666667,74,0.054054054,12,12,14,4.2,0,5,legitimate,0
5075.0,0,0.15625,0.84375,25.0,0.2,50,0.0,6,11,19,5.0,1,3,legitimate,0
6328.0,0,0.045454545,0.954545455,33.33333333,0.0,47,0.0,5,11,19,5.333333333,0,3,legitimate,0
5075.0,0,0.024425287,0.975574713,68.75,0.0,24,0.0,2,9,16,0.0,0,3,legitimate,0
1903.0,0,0.285714286,0.7142857140000001,85.71428571,0.0,27,0.0,3,5,19,0.0,1,4,legitimate,0
4091.0,0,0.0,1.0,0.0,0.0,165,0.236363636,9,100,18,19.0,1,9,phishing,1
3400.0,1,1.0,0.0,0.0,0.921568627,50,0.0,5,10,23,9.0,1,5,phishing,1
8721.0,0,0.36,0.64,44.44444444,0.444444444,87,0.091954023,12,9,17,5.1,1,6,legitimate,0
5075.0,0,0.0,0.0,0.0,0.0,91,0.098901099,13,12,12,4.916666667,1,2,legitimate,0
9073.0,0,0.015075377,0.984924623,92.85714286,0.333333333,70,0.014285714,9,9,21,5.0,0,3,legitimate,0
8697.0,0,0.011400651,0.988599349,83.33333333,0.142857143,27,0.0,3,9,16,2.0,0,4,legitimate,0
7717.0,0,0.6,0.4,100.0,0.0,55,0.0,6,12,20,6.0,1,5,legitimate,0
4792.0,1,0.0,0.0,0.0,0.0,38,0.0,5,10,18,3.333333333,1,3,phishing,1
3993.0,0,0.0,1.0,100.0,0.0,128,0.1328125,13,17,50,7.375,1,2,phishing,1
9035.0,0,0.00312989,0.99687011,50.0,0.0,74,0.067567568,11,9,14,4.1111111110000005,0,3,legitimate,0
3198.0,0,0.6333333329999999,0.3666666670000001,13.33333333,0.315789474,33,0.0,2,17,25,0.0,1,3,legitimate,0
341.0,3,0.0,1.0,0.0,0.0,63,0.0,5,23,27,6.0,1,1,phishing,1
281.0,0,0.0,0.0,0.0,0.0,36,0.0,1,24,28,0.0,1,0,phishing,1
5075.0,0,0.055172414,0.944827586,50.0,0.25,58,0.0172413789999999,7,11,15,4.833333333,0,1,legitimate,0
209.0,0,0.142857143,0.857142857,100.0,0.0,68,0.352941176,6,32,10,9.2,1,2,phishing,1
5075.0,0,0.128205128,0.871794872,77.77777778,0.2,65,0.0,6,18,26,7.0,1,5,legitimate,0
9369.0,0,0.333333333,0.666666667,6.25,0.5,22,0.045454545,3,3,11,3.0,0,4,legitimate,0
3993.0,0,0.0,1.0,100.0,0.0,129,0.1472868219999999,13,17,54,8.142857142999999,1,5,phishing,1
8151.0,0,0.166666667,0.833333333,7.462686567,0.775,37,0.0,2,20,28,0.0,1,3,legitimate,0
7295.0,0,0.928571429,0.071428571,14.28571429,0.846153846,29,0.034482759,2,9,22,0.0,1,1,phishing,1
103.0,0,0.214285714,0.7857142859999999,0.0,1.0,171,0.304093567,19,32,18,7.588235293999999,1,8,phishing,1
6957.0,0,0.016949153,0.983050847,66.66666667,0.0,39,0.0,4,11,19,5.5,1,5,legitimate,0
1663.0,0,0.717171717,0.282828283,28.81355932,0.915492958,50,0.0,4,13,20,10.5,1,1,phishing,1
5160.0,0,0.6,0.4,0.0,0.666666667,82,0.048780488,12,20,14,5.0,0,4,legitimate,0
5874.0,0,0.0,0.0,0.0,0.0,16,0.0,1,6,9,0.0,1,0,legitimate,0
8346.0,0,1.0,0.0,0.0,0.0,79,0.012658228,10,12,24,5.714285714,0,4,phishing,1
2269.0,0,0.0,0.0,0.0,0.0,46,0.0,4,18,25,5.5,1,4,phishing,1
7637.0,0,0.149253731,0.850746269,28.57142857,0.3,25,0.0,2,9,17,0.0,1,4,legitimate,0
2484.0,1,1.0,0.0,0.0,0.6,57,0.0,6,18,28,4.25,0,4,phishing,1
163.0,0,0.106598985,0.893401015,40.0,0.19047619,26,0.0,2,10,17,0.0,0,3,legitimate,0
5120.0,0,0.513513514,0.486486486,0.0,0.052631579,67,0.0,7,10,9,7.333333333,1,0,legitimate,0
5616.0,1,0.055555556,0.944444444,100.0,1.0,52,0.076923077,6,17,34,4.5,1,4,phishing,1
6471.0,0,0.571428571,0.428571429,0.0,0.0,30,0.0,3,8,16,4.0,0,3,legitimate,0
1.0,0,0.147679325,0.852320675,84.32432432,0.114285714,49,0.0,6,14,21,4.0,1,4,phishing,1
5075.0,0,0.0,1.0,100.0,0.0,16,0.0,1,3,9,0.0,1,0,legitimate,0
138.0,0,0.818181818,0.181818182,100.0,0.0,57,0.01754386,8,8,39,4.0,1,6,phishing,1
1933.0,0,0.011764706,0.988235294,100.0,0.0,70,0.0,9,10,18,5.428571429,1,0,phishing,1
4646.0,4,0.470588235,0.529411765,25.0,0.25,240,0.1875,26,30,15,7.68,1,7,phishing,1
6945.0,0,0.0,0.0,0.0,0.0,57,0.175438596,5,13,21,8.666666667000001,1,2,phishing,1
3146.0,0,0.04109589,0.95890411,0.0,0.0,73,0.0,8,11,24,7.4,1,6,legitimate,0
4656.0,0,0.0,0.0,0.0,0.0,23,0.0,2,4,10,4.0,1,0,legitimate,0
303.0,0,0.0,0.0,0.0,0.0,69,0.260869565,5,32,18,13.66666667,1,4,phishing,1
4477.0,0,0.013986014,0.986013986,89.04109589,0.214285714,24,0.0,2,8,15,0.0,1,3,legitimate,0
6460.0,2,0.0,1.0,0.0,0.0,51,0.039215686,6,10,18,5.25,0,3,legitimate,0
316.0,0,1.0,0.0,0.0,0.0,31,0.0,3,7,14,3.5,1,1,phishing,1
2054.0,0,0.1,0.9,92.59259259,0.0,29,0.0,2,12,20,0.0,0,3,legitimate,0
2863.0,0,0.355555556,0.644444444,0.0,0.145833333,24,0.0,2,7,15,0.0,1,4,legitimate,0
7837.0,0,0.220532319,0.779467681,33.33333333,0.25862069,46,0.0,5,10,23,6.5,0,4,legitimate,0
6074.0,0,0.337559429,0.662440571,6.956521738999999,0.018779343,43,0.0,5,9,21,6.5,1,1,legitimate,0
1023.0,1,0.2,0.8,0.0,0.0,35,0.0,2,11,15,11.0,1,1,phishing,1
7295.0,0,0.928571429,0.071428571,14.28571429,0.230769231,32,0.0,2,12,25,0.0,1,0,phishing,1
9694.0,0,0.033333333,0.966666667,100.0,0.0,135,0.014814815,21,10,19,4.684210526,1,3,legitimate,0
4097.0,3,0.554054054,0.445945946,17.39130435,0.073170732,263,0.319391635,20,64,20,12.11111111,1,24,phishing,1
5075.0,1,0.0,0.0,0.0,0.0,22,0.0,3,5,8,2.5,1,0,phishing,1
243.0,3,0.048387097,0.951612903,88.0,0.0,100,0.21,10,32,18,8.375,1,6,phishing,1
92.0,0,0.0,1.0,0.0,0.0,32,0.0,4,6,24,0.0,1,1,phishing,1
6085.0,1,0.0,1.0,0.0,0.0,388,0.167525773,40,39,33,8.052631579,1,11,phishing,1
5077.0,0,0.375,0.625,100.0,0.0,36,0.138888889,3,13,17,4.5,1,0,legitimate,0
7471.0,0,0.21875,0.78125,42.85714286,0.0,29,0.0,2,14,22,0.0,1,4,legitimate,0
5075.0,0,0.488372093,0.511627907,70.83333333,0.142857143,47,0.0,4,12,21,7.5,1,6,phishing,1
2582.0,0,0.8,0.2,100.0,0.0,24,0.0,2,8,16,0.0,1,3,legitimate,0
5075.0,0,0.0125,0.9875,33.33333333,0.0,19,0.0,2,3,10,0.0,0,3,legitimate,0
5257.0,0,0.054545455,0.945454545,50.0,0.0,38,0.0,4,9,29,0.0,1,0,legitimate,0
2179.0,0,0.413793103,0.5862068970000001,16.66666667,0.166666667,51,0.098039216,5,11,43,0.0,0,1,phishing,1
1867.0,0,0.172413793,0.8275862070000001,0.0,0.0,57,0.0,7,8,15,6.0,1,3,legitimate,0
4609.0,4,0.666666667,0.333333333,0.0,0.0,116,0.0,16,14,21,5.285714286,1,5,phishing,1
12209.0,0,0.0,1.0,100.0,0.0,37,0.162162162,4,8,17,5.0,0,2,legitimate,0
7083.0,0,1.0,0.0,0.0,0.0,140,0.007142857,16,12,31,8.181818182,1,5,phishing,1
5075.0,1,0.0,1.0,100.0,0.0,34,0.0,4,5,16,4.5,1,0,phishing,1
2484.0,1,1.0,0.0,0.0,0.6,53,0.0,5,18,24,4.25,0,1,phishing,1
5075.0,0,0.472222222,0.5277777779999999,50.0,0.0,31,0.0,2,16,23,0.0,1,3,legitimate,0
160.0,1,0.64516129,0.35483871,0.0,0.4,41,0.0,3,15,17,15.0,1,3,phishing,1
658.0,4,0.0,1.0,0.0,0.0,109,0.19266055,10,32,20,8.111111111,1,1,phishing,1
1736.0,0,0.166666667,0.833333333,0.0,0.0,46,0.0,6,12,21,8.0,1,0,phishing,1
7099.0,0,0.01146789,0.98853211,57.14285714,0.2,23,0.0,2,6,14,0.0,0,4,legitimate,0
6239.0,0,0.5,0.5,0.0,0.7777777779999999,21,0.0,1,6,12,0.0,0,1,legitimate,0
4822.0,0,0.115384615,0.884615385,25.0,0.666666667,36,0.0,3,12,20,8.0,0,3,legitimate,0
7132.0,0,0.097410604,0.902589396,62.73584906,0.537974684,47,0.0,6,9,16,4.75,0,0,legitimate,0
7222.0,0,0.061538462,0.938461538,11.11111111,0.25,43,0.069767442,5,12,16,5.666666667,1,3,legitimate,0
5990.0,0,0.166666667,0.833333333,0.0,0.0,68,0.264705882,4,32,22,18.0,1,3,phishing,1
2815.0,0,0.1,0.9,59.09090909,0.363636364,293,0.498293515,13,176,14,23.45454545,0,5,phishing,1
7551.0,0,0.709090909,0.290909091,40.90909091,0.025641026,58,0.0,6,15,23,5.75,1,3,legitimate,0
532.0,1,0.535714286,0.464285714,0.0,0.133333333,91,0.252747253,7,29,24,10.8,1,1,phishing,1
2746.0,0,0.020120724,0.979879276,81.81818182,0.3,26,0.0,1,10,17,0.0,1,0,legitimate,0
6544.0,0,1.0,0.0,0.0,0.0,43,0.0,6,6,18,4.666666667,1,3,phishing,1
1207.0,0,0.857142857,0.142857143,0.0,0.5,24,0.0,2,6,15,0.0,0,3,legitimate,0
2685.0,0,0.1875,0.8125,100.0,0.0,59,0.0,6,12,20,7.0,1,4,legitimate,0
1953.0,0,0.0,0.0,0.0,0.0,45,0.044444444,4,11,14,10.5,1,1,phishing,1
5296.0,0,0.285714286,0.7142857140000001,42.85714286,0.25,55,0.0,6,11,17,6.5,0,4,legitimate,0
5005.0,0,0.615384615,0.384615385,33.33333333,0.0,47,0.0,5,10,18,5.666666667,0,3,legitimate,0
7697.0,0,0.12295082,0.87704918,27.77777778,0.133333333,25,0.0,2,9,17,0.0,0,4,legitimate,0
7412.0,0,1.0,0.0,0.0,1.166666667,28,0.0,2,9,21,0.0,0,1,phishing,1
1202.0,2,0.7826086959999999,0.217391304,16.66666667,0.333333333,70,0.0,8,17,21,4.857142857,1,3,phishing,1
5737.0,0,0.136690647,0.863309353,13.33333333,0.473684211,52,0.0,5,13,21,6.666666667,1,3,legitimate,0
5626.0,0,0.357142857,0.642857143,0.0,0.0,50,0.04,6,13,42,0.0,1,1,phishing,1
5075.0,0,0.113207547,0.886792453,29.16666667,0.222222222,23,0.0,2,3,14,0.0,0,3,legitimate,0
7587.0,0,0.005128205,0.994871795,93.75,0.0,42,0.0,4,14,22,5.5,1,3,legitimate,0
4608.0,0,0.5121951220000001,0.487804878,36.36363636,0.333333333,45,0.0,3,19,27,8.0,1,4,legitimate,0
8810.0,0,0.464285714,0.535714286,22.22222222,0.0,130,0.0,15,10,8,7.142857143,0,1,legitimate,0
5075.0,0,0.066666667,0.933333333,0.0,0.0,44,0.0,3,12,16,9.0,1,1,phishing,1
5365.0,0,0.313253012,0.686746988,8.695652174,0.269230769,23,0.0,2,7,15,0.0,0,3,legitimate,0
3821.0,3,0.0,1.0,100.0,0.0,56,0.035714286,9,8,14,4.0,1,3,phishing,1
6856.0,0,0.0,1.0,100.0,0.0,41,0.0,4,10,21,5.5,1,2,phishing,1
8430.0,0,0.093457944,0.906542056,66.66666667,0.2,41,0.0,6,7,11,4.5,0,3,legitimate,0
2808.0,0,0.0,0.0,0.0,0.0,24,0.0,2,7,15,0.0,1,3,legitimate,0
59.0,0,0.0,1.0,0.0,0.0,70,0.0,9,14,18,4.5,1,8,phishing,1
5075.0,0,1.0,0.0,0.0,0.060606061,23,0.0,2,7,14,0.0,0,3,legitimate,0
6072.0,0,0.938461538,0.061538462,6.0,0.049180328,34,0.0,5,7,13,3.666666667,1,3,legitimate,0
6868.0,0,0.4,0.6,0.0,0.0,202,0.178217822,14,80,16,12.76923077,1,6,phishing,1
980.0,0,0.6333333329999999,0.3666666670000001,44.44444444,0.105263158,26,0.0,2,11,18,0.0,1,4,legitimate,0
5075.0,0,0.8666666670000001,0.133333333,18.18181818,0.307692308,50,0.0,7,8,18,5.0,1,3,legitimate,0
3993.0,0,0.0,1.0,100.0,0.0,126,0.134920635,12,17,50,8.142857142999999,1,4,phishing,1
2047.0,3,0.102272727,0.897727273,85.71428571,0.5555555560000001,102,0.196078431,9,32,15,9.0,1,7,phishing,1
4210.0,0,0.102661597,0.897338403,95.29411765,0.111111111,66,0.0,6,14,20,8.5,1,6,legitimate,0
1953.0,0,0.0,0.0,0.0,0.0,32,0.15625,3,10,14,10.0,1,1,phishing,1
6438.0,0,0.333333333,0.666666667,66.66666667,0.4,40,0.025,4,10,7,7.333333333,1,1,legitimate,0
7730.0,0,0.1607142859999999,0.8392857140000001,10.0,0.4074074070000001,20,0.0,2,3,11,0.0,0,3,legitimate,0
8906.0,0,0.240740741,0.759259259,0.0,0.461538462,36,0.0,4,9,17,5.0,1,3,legitimate,0
5442.0,0,0.002734731,0.997265269,99.81884058,1.0,29,0.0,3,8,20,0.0,1,3,legitimate,0
7297.0,0,0.508474576,0.491525424,82.35294118,0.333333333,32,0.0,2,11,24,0.0,1,0,legitimate,0
11049.0,0,0.339622642,0.660377358,23.80952381,0.333333333,70,0.071428571,8,10,14,7.166666667,0,0,legitimate,0
3510.0,0,0.0,0.0,0.0,0.0,27,0.0,2,9,19,0.0,1,4,legitimate,0
8347.0,0,0.736842105,0.263157895,100.0,0.0,99,0.0,8,32,17,11.33333333,1,5,legitimate,0
6260.0,0,0.136792453,0.863207547,53.125,0.24137931,44,0.0,3,17,25,11.0,1,5,legitimate,0
5075.0,1,0.692307692,0.307692308,100.0,0.0,39,0.025641026,5,9,12,3.75,1,0,phishing,1
4460.0,0,0.155405405,0.844594595,33.33333333,0.304347826,28,0.0,3,6,19,0.0,0,3,legitimate,0
3839.0,0,0.62962963,0.37037037,52.94117647,0.352941176,27,0.0,2,11,19,0.0,0,3,legitimate,0
12762.0,0,0.0,0.0,0.0,0.0,108,0.12962963,13,13,27,6.3,1,3,legitimate,0
5627.0,1,0.403225806,0.596774194,0.0,0.16,135,0.044444444,20,13,29,5.6,1,5,phishing,1
1381.0,0,0.0,1.0,100.0,0.0,278,0.143884892,10,200,40,31.85714286,1,11,phishing,1
6725.0,1,0.838709677,0.161290323,0.0,0.0,106,0.066037736,13,25,21,6.8,1,5,phishing,1
4209.0,0,0.5,0.5,42.85714286,0.142857143,55,0.0,7,11,19,4.6,0,3,legitimate,0
5309.0,0,0.111111111,0.8888888890000001,0.0,0.0,39,0.0,4,11,19,5.5,1,3,legitimate,0
470.0,2,0.0,1.0,100.0,0.0,48,0.0,4,21,28,3.333333333,1,0,phishing,1
8148.0,0,0.361445783,0.638554217,66.66666667,0.133333333,44,0.0,6,9,17,4.0,0,3,legitimate,0
5615.0,2,0.818181818,0.181818182,25.0,0.166666667,72,0.069444444,11,9,41,3.8,1,3,phishing,1
1887.0,0,0.020524515,0.979475485,0.0,0.0,22,0.0,2,6,14,0.0,1,4,legitimate,0
7379.0,0,0.035714286,0.964285714,100.0,0.0,64,0.0,6,13,20,8.25,1,5,legitimate,0
2905.0,3,0.0,1.0,0.0,0.0,77,0.0779220779999999,10,17,12,5.444444444,1,0,phishing,1
5075.0,0,0.307692308,0.692307692,50.0,0.0,29,0.0,3,9,17,2.0,1,3,phishing,1
4486.0,0,0.063829787,0.936170213,70.0,0.0,56,0.0,6,10,18,6.75,1,4,legitimate,0
1366.0,0,0.4166666670000001,0.583333333,0.0,0.266666667,26,0.0,2,7,17,0.0,0,3,legitimate,0
7370.0,0,0.304761905,0.695238095,63.33333333,0.71875,57,0.0,7,12,15,6.0,1,3,legitimate,0
8019.0,0,0.884615385,0.115384615,0.0,0.0,110,0.1,9,46,30,10.66666667,1,1,phishing,1
7552.0,0,0.794117647,0.205882353,100.0,0.0,41,0.0,5,9,13,4.25,1,0,phishing,1
1953.0,0,0.875,0.125,0.0,0.0,39,0.102564103,4,9,24,4.0,1,1,phishing,1
5088.0,0,0.833333333,0.166666667,100.0,0.0,46,0.0,5,10,18,6.0,1,5,phishing,1
5075.0,0,0.226804124,0.773195876,55.55555556,0.181818182,19,0.0,2,3,10,0.0,1,3,legitimate,0
7476.0,0,0.5281690139999999,0.471830986,70.0,0.04,39,0.0,4,10,14,7.5,0,4,legitimate,0
8516.0,0,0.620915033,0.3790849670000001,100.0,0.0,42,0.0,3,16,16,16.0,0,4,legitimate,0
4966.0,1,0.0,1.0,0.0,0.0,56,0.0,5,15,19,6.5,1,1,phishing,1
1643.0,0,0.275,0.725,0.0,0.181818182,30,0.0,2,13,21,0.0,1,4,legitimate,0
2486.0,0,0.75,0.25,15.38461538,0.066666667,31,0.0,2,14,22,0.0,1,4,legitimate,0
5075.0,1,0.0,1.0,0.0,0.0,167,0.155688623,13,75,16,10.66666667,1,6,phishing,1
6922.0,1,0.291666667,0.708333333,72.72727273,0.071428571,28,0.0,2,8,20,0.0,0,0,legitimate,0
5075.0,0,0.0,0.0,0.0,0.0,143,0.083916084,19,16,24,5.529411765,1,6,legitimate,0
4920.0,0,0.0,1.0,100.0,0.0,37,0.0,4,11,19,4.0,0,3,legitimate,0
3922.0,0,0.142857143,0.857142857,50.0,0.0,20,0.05,2,6,9,3.0,1,0,phishing,1
3993.0,0,0.0,1.0,100.0,0.0,128,0.203125,13,17,50,7.375,1,2,phishing,1
6535.0,0,0.0,0.0,0.0,0.0,41,0.0,4,12,20,5.5,1,3,phishing,1
4056.0,0,0.243243243,0.756756757,91.17647059,0.333333333,25,0.0,2,8,16,0.0,0,3,legitimate,0
819.0,0,0.0,1.0,100.0,0.0,43,0.093023256,4,8,35,0.0,1,0,phishing,1
3993.0,0,0.0,1.0,100.0,0.0,128,0.125,13,17,50,7.375,1,4,phishing,1
5075.0,2,0.982758621,0.0172413789999999,0.0,0.0,53,0.0,5,9,12,7.0,1,1,phishing,1
6302.0,0,0.119047619,0.880952381,54.54545455,0.0,80,0.075,12,15,23,4.0,1,4,legitimate,0
5159.0,0,0.0,1.0,0.0,0.0,29,0.0,2,9,20,0.0,1,0,phishing,1
5612.0,0,0.5301204820000001,0.469879518,56.92307692,0.363636364,45,0.0,6,10,27,4.0,1,2,phishing,1
5238.0,0,0.224137931,0.7758620690000001,0.0,0.0,26,0.0,1,16,19,0.0,1,1,legitimate,0
4980.0,0,0.059259259,0.940740741,0.0,0.625,30,0.0,2,14,22,0.0,1,3,legitimate,0
7296.0,0,1.0,0.0,0.0,0.0,35,0.314285714,2,14,27,0.0,1,11,phishing,1
7297.0,0,0.325203252,0.674796748,86.95652174,0.275,36,0.0,2,14,27,0.0,1,1,legitimate,0
1337.0,0,0.0,1.0,0.0,0.0,29,0.034482759,2,11,20,0.0,0,0,phishing,1
12848.0,0,0.0,1.0,0.0,0.0,42,0.19047619,4,8,15,8.0,1,0,legitimate,0
7131.0,0,0.05372617,0.94627383,66.42599278,0.35483871,34,0.0,4,9,16,4.0,0,0,legitimate,0
1.0,0,0.0,0.0,0.0,0.0,33,0.0,1,19,25,0.0,1,1,phishing,1
9132.0,0,0.03902439,0.96097561,71.42857143,0.125,63,0.095238095,10,12,14,4.25,0,3,legitimate,0
1516.0,0,0.0,0.0,0.0,0.0,112,0.017857143,15,11,13,6.076923077000001,1,3,legitimate,0
1374.0,1,0.066666667,0.933333333,100.0,0.0,35,0.085714286,4,7,10,5.0,1,0,phishing,1
1771.0,0,0.25,0.75,92.30769231,0.0,29,0.0,4,5,13,3.0,1,0,phishing,1
5075.0,0,0.28125,0.71875,11.11111111,0.333333333,39,0.0,2,20,24,5.0,1,0,phishing,1
5616.0,0,0.80952381,0.19047619,25.0,0.176470588,47,0.212765957,6,14,31,3.0,1,8,phishing,1
5075.0,0,0.025806452,0.974193548,50.0,0.25,25,0.0,2,9,16,0.0,0,3,legitimate,0
4478.0,0,0.292682927,0.707317073,0.0,0.666666667,35,0.0,4,6,26,0.0,1,4,legitimate,0
389.0,0,0.965517241,0.034482759,2.43902439,0.119047619,121,0.0,15,15,19,5.785714286,1,2,phishing,1
5075.0,0,0.0,1.0,0.0,0.0,19,0.0,1,4,10,0.0,0,0,legitimate,0
3934.0,0,0.0,0.0,0.0,0.0,47,0.0,5,16,23,4.333333333,1,0,phishing,1
8350.0,0,1.0,0.0,0.0,0.0,39,0.0,3,15,15,15.0,0,1,legitimate,0
4183.0,0,0.16,0.84,77.77777778,0.5,31,0.0,2,15,23,0.0,0,3,legitimate,0
2204.0,0,0.5,0.5,0.0,0.0,231,0.212121212,19,40,10,10.72222222,1,8,phishing,1
1337.0,0,0.0,1.0,0.0,0.0,29,0.068965517,2,11,20,0.0,0,0,phishing,1
5075.0,2,0.0,0.0,0.0,0.0,44,0.0,7,6,12,4.0,1,1,phishing,1
73.0,3,0.0,0.0,0.0,0.0,105,0.047619048,13,12,14,6.0,1,0,phishing,1
3008.0,0,0.0,0.0,0.0,0.0,64,0.046875,9,10,17,4.714285714,1,3,legitimate,0
243.0,3,0.048387097,0.951612903,88.0,0.0,96,0.197916667,9,32,14,8.375,1,1,phishing,1
5075.0,0,0.0,1.0,100.0,0.0,24,0.0,2,5,12,4.0,1,0,phishing,1
4003.0,0,0.0,1.0,100.0,0.0,69,0.115942029,6,15,42,8.5,1,2,phishing,1
9189.0,0,0.225490196,0.774509804,1.470588235,0.0,39,0.0,4,9,17,6.5,0,3,legitimate,0
7330.0,1,0.513888889,0.486111111,20.0,0.027027027,65,0.0,7,10,17,7.2,1,4,legitimate,0
1337.0,0,0.0,1.0,0.0,0.0,39,0.025641026,4,11,20,5.0,0,0,phishing,1
7620.0,0,0.25,0.75,0.0,0.0,33,0.0,3,9,26,0.0,1,1,phishing,1
2884.0,0,0.1692307689999999,0.8307692309999999,46.15384615,0.0,117,0.0,13,11,19,7.090909091,0,4,legitimate,0
5075.0,0,0.099009901,0.900990099,66.10169492,0.15,55,0.0,6,8,19,6.0,0,4,legitimate,0
3992.0,0,0.0,1.0,100.0,0.0,128,0.21875,13,17,50,7.375,1,2,phishing,1
5640.0,0,0.442307692,0.557692308,0.0,0.0,43,0.0,7,7,15,3.0,0,3,legitimate,0
8019.0,0,0.884615385,0.115384615,0.0,0.0,112,0.0625,9,46,35,10.16666667,1,2,phishing,1
5075.0,0,0.0,0.0,0.0,0.0,86,0.395348837,6,50,19,19.0,1,5,phishing,1
258.0,0,0.333333333,0.666666667,0.0,2.0,39,0.0,5,7,13,5.333333333,1,1,legitimate,0
3832.0,1,0.181818182,0.818181818,66.66666667,0.75,67,0.059701493,4,22,21,11.0,0,1,phishing,1
804.0,0,0.695652174,0.304347826,100.0,0.0,22,0.0,1,10,14,0.0,1,1,phishing,1
620.0,0,0.0,0.0,0.0,0.0,48,0.0,5,11,19,6.333333333,1,4,phishing,1
8094.0,0,0.571428571,0.428571429,0.0,0.75,32,0.125,4,8,24,0.0,1,0,phishing,1
2300.0,2,0.454545455,0.545454545,60.0,0.0,110,0.181818182,11,32,22,8.0,1,3,phishing,1
9201.0,0,0.201550388,0.798449612,17.85714286,0.423076923,40,0.0,4,10,18,6.5,0,3,legitimate,0
6431.0,0,0.100689655,0.899310345,74.74048443,0.219178082,37,0.0,4,10,17,5.0,0,0,legitimate,0
5075.0,0,0.0,1.0,0.0,0.0,34,0.0,4,8,13,6.0,1,0,phishing,1
3708.0,1,0.365384615,0.634615385,0.0,0.0,54,0.092592593,6,9,17,6.5,1,4,phishing,1
5075.0,0,0.093023256,0.906976744,0.0,0.125,36,0.0,2,20,27,0.0,0,3,legitimate,0
5079.0,0,0.76433121,0.23566879,3.47826087,0.191666667,49,0.0,6,9,17,5.0,1,5,legitimate,0
4455.0,0,0.107142857,0.892857143,90.47619048,0.666666667,34,0.0,2,16,27,0.0,1,1,legitimate,0
8891.0,0,0.046551724,0.953448276,46.66666667,0.111111111,26,0.0,2,10,18,0.0,1,4,legitimate,0
284.0,0,0.0,1.0,100.0,0.0,43,0.0,5,13,17,3.5,1,0,phishing,1
9268.0,0,0.33974359,0.66025641,18.18181818,0.188679245,81,0.074074074,10,16,24,5.125,1,4,legitimate,0
1099.0,0,0.222222222,0.7777777779999999,75.0,0.333333333,29,0.0,2,13,20,0.0,1,5,phishing,1
2300.0,0,0.454545455,0.545454545,60.0,0.0,81,0.271604938,5,32,22,16.0,1,6,phishing,1
2236.0,0,0.290322581,0.709677419,81.25,0.0,56,0.0,5,12,20,8.333333332999999,1,6,legitimate,0
1933.0,0,0.011764706,0.988235294,100.0,0.0,78,0.012820513,9,10,18,6.428571429,1,0,phishing,1
2429.0,2,0.166666667,0.833333333,0.0,0.0,64,0.125,9,8,11,5.428571429,1,3,phishing,1
885.0,0,0.2,0.8,0.0,0.0,46,0.0,6,7,18,3.75,1,0,phishing,1
835.0,3,0.0,1.0,0.0,0.0,96,0.0,10,18,22,6.333333333,1,2,phishing,1
3276.0,0,0.1785714289999999,0.8214285709999999,75.0,0.8,48,0.0,5,10,15,7.333333333,0,3,legitimate,0
798.0,0,1.0,0.0,0.0,0.0,39,0.0,4,12,15,4.666666667,1,0,phishing,1
5075.0,0,0.035087719,0.964912281,60.0,0.5,32,0.03125,4,8,23,0.0,1,3,legitimate,0
5075.0,0,0.0,1.0,0.0,0.0,41,0.0,5,8,14,4.0,1,0,phishing,1
4003.0,0,0.0,1.0,100.0,0.0,118,0.194915254,12,17,42,7.375,1,3,phishing,1
2584.0,0,0.040816327,0.959183673,0.0,0.0,63,0.0,7,11,19,6.4,0,3,legitimate,0
3291.0,0,0.063636364,0.936363636,16.66666667,0.0,26,0.0,2,9,17,0.0,1,4,legitimate,0
2704.0,0,0.09754386,0.90245614,84.44444444,0.028776978,26,0.0,3,6,17,0.0,1,3,legitimate,0
6608.0,0,0.178947368,0.821052632,0.0,0.411764706,47,0.0,4,18,26,6.0,1,3,legitimate,0
8348.0,1,1.0,0.0,0.0,0.0,82,0.085365854,8,33,16,8.666666667000001,0,3,phishing,1
7046.0,0,0.257861635,0.742138365,33.92857143,0.073170732,28,0.0,2,12,20,0.0,1,3,legitimate,0
8339.0,0,0.697674419,0.302325581,25.0,0.133333333,20,0.0,2,3,11,0.0,0,3,legitimate,0
3384.0,0,0.0,0.0,0.0,0.0,102,0.009803922,13,19,23,6.2,1,3,phishing,1
5363.0,0,0.5,0.5,16.21621622,0.038461538,61,0.0,7,19,27,4.2,1,3,legitimate,0
182.0,0,0.0,1.0,0.0,0.0,45,0.0,5,10,18,5.666666667,1,5,legitimate,0
5613.0,0,0.0,0.0,0.0,0.0,75,0.546666667,6,36,66,0.0,1,2,phishing,1
9339.0,0,0.0,0.0,0.0,0.0,135,0.214814815,13,17,17,8.818181818,1,4,phishing,1
5075.0,0,0.016,0.984,0.0,0.1,27,0.0,2,10,18,0.0,1,3,legitimate,0
5075.0,0,0.000640615,0.999359385,100.0,2.0,20,0.0,2,6,13,0.0,0,0,legitimate,0
5616.0,0,0.0,0.0,0.0,0.0,70,0.242857143,9,14,45,4.666666667,1,4,phishing,1
2397.0,0,0.0,0.0,0.0,0.0,42,0.0,4,11,15,5.0,1,1,phishing,1
7456.0,0,0.389830508,0.610169492,65.38461538,0.260869565,64,0.140625,11,9,17,3.222222222,0,5,legitimate,0
8712.0,0,0.0132158589999999,0.986784141,57.14285714,0.0,45,0.0,4,10,18,8.5,0,3,legitimate,0
4202.0,0,0.217391304,0.7826086959999999,100.0,0.0,42,0.0,4,8,35,0.0,1,1,phishing,1
173.0,4,0.0,0.0,0.0,0.0,77,0.025974026,11,8,13,5.333333333,1,3,phishing,1
5075.0,0,0.142857143,0.857142857,0.0,1.0,31,0.0,2,16,23,0.0,1,3,phishing,1
6259.0,0,0.090032154,0.909967846,53.33333333,0.0,43,0.0,3,17,25,10.0,1,4,legitimate,0
1656.0,0,0.411764706,0.588235294,100.0,0.095238095,126,0.349206349,12,32,61,8.666666667000001,1,5,phishing,1
8347.0,1,0.655172414,0.344827586,0.0,0.0,113,0.053097345,11,45,15,9.0,1,3,phishing,1
5616.0,1,0.142857143,0.857142857,100.0,0.0,795,0.164779874,80,96,35,8.894736842,1,18,phishing,1
2344.0,1,0.0,1.0,100.0,0.0,63,0.031746032,8,8,7,5.714285714,1,4,phishing,1
3.0,1,0.0,1.0,100.0,0.0,210,0.3619047620000001,13,64,14,14.75,1,3,phishing,1
3210.0,0,0.694444444,0.305555556,8.208955224,0.752,26,0.0,2,10,18,0.0,1,1,phishing,1
7131.0,0,0.055555556,0.944444444,61.57894737,0.178082192,56,0.0,6,13,16,7.0,0,0,legitimate,0
1525.0,1,0.0,1.0,100.0,0.0,46,0.0,5,16,23,4.333333333,1,3,phishing,1
7296.0,0,0.961538462,0.038461538,11.11111111,0.28,54,0.222222222,2,32,45,0.0,1,1,phishing,1
3993.0,0,0.0,1.0,100.0,0.0,128,0.0859375,13,17,50,7.375,1,4,phishing,1
8517.0,0,0.611842105,0.388157895,100.0,0.0,34,0.0,3,9,16,9.0,0,4,legitimate,0
7921.0,0,0.055900621,0.944099379,81.25,0.111111111,63,0.111111111,9,7,12,5.285714286,1,4,legitimate,0
3437.0,0,0.0,0.0,0.0,0.0,38,0.026315789,4,13,21,3.5,1,3,phishing,1
4090.0,4,0.0,0.0,0.0,0.0,115,0.095652174,12,13,29,7.666666667,1,5,phishing,1
7583.0,0,0.005,0.995,96.15384615,0.0,43,0.0,4,14,22,6.0,1,3,legitimate,0
2232.0,0,0.064356436,0.935643564,18.18181818,0.0,33,0.0,4,7,21,2.0,1,3,legitimate,0
5075.0,0,0.0,1.0,0.0,0.0,61,0.06557377,9,11,17,4.285714286,1,0,phishing,1
2352.0,0,0.931034483,0.068965517,6.024096386,0.133333333,21,0.142857143,2,6,6,6.0,1,0,phishing,1
5075.0,0,0.0,1.0,100.0,0.0,58,0.034482759,5,17,40,4.0,1,2,phishing,1
755.0,0,0.0,1.0,0.0,0.0,29,0.034482759,4,8,11,2.333333333,1,0,phishing,1
5075.0,0,0.115384615,0.884615385,21.42857143,0.133333333,203,0.0,32,12,18,4.741935484,1,2,phishing,1
5494.0,0,0.032846715,0.967153285,91.42857143,0.666666667,56,0.053571429,7,9,7,5.833333333,0,0,legitimate,0
5230.0,1,0.024390244,0.975609756,100.0,0.0,48,0.0,2,28,39,0.0,1,1,phishing,1
7295.0,0,0.928571429,0.071428571,14.28571429,0.846153846,28,0.035714286,2,8,21,0.0,1,0,phishing,1
2304.0,0,0.0,0.0,0.0,0.0,46,0.0,6,8,9,5.0,1,0,phishing,1
5075.0,2,0.0,0.0,0.0,0.0,47,0.0,5,15,22,3.0,1,2,phishing,1
2948.0,0,0.0,0.0,0.0,0.0,35,0.0,3,13,17,4.5,1,2,phishing,1
4049.0,0,0.025,0.975,100.0,0.0,22,0.0,2,7,14,0.0,0,3,legitimate,0
7267.0,3,0.0,1.0,0.0,0.0,81,0.0,10,16,20,5.0,1,1,phishing,1
1699.0,0,0.485207101,0.514792899,92.5,0.012195122,30,0.0,4,5,21,0.0,1,3,legitimate,0
5075.0,0,0.0,0.0,0.0,0.0,25,0.0,2,9,16,0.0,0,3,legitimate,0
1706.0,2,0.0,1.0,100.0,0.0,103,0.048543689,13,10,16,6.9,1,6,phishing,1
6066.0,0,0.610997963,0.389002037,73.33333333,0.0066666669999999,50,0.0,7,8,12,5.0,0,3,legitimate,0
800.0,0,0.75,0.25,0.0,0.0,94,0.095744681,10,21,29,6.25,1,5,phishing,1
4967.0,0,0.333333333,0.666666667,0.0,0.0,167,0.119760479,5,75,12,48.33333333,1,4,phishing,1
8067.0,0,0.139784946,0.8602150540000001,33.33333333,0.307692308,18,0.0,2,3,10,0.0,1,3,legitimate,0
1734.0,0,0.111111111,0.8888888890000001,100.0,0.0,36,0.0,4,12,20,3.5,1,3,phishing,1
4156.0,0,0.25974026,0.74025974,88.57142857,0.1,51,0.0,6,10,18,5.5,1,4,legitimate,0
7327.0,0,0.067961165,0.932038835,0.0,0.285714286,42,0.047619048,2,22,34,0.0,1,1,phishing,1
9956.0,0,0.0,0.0,0.0,0.0,105,0.171428571,15,10,22,4.916666667,1,1,legitimate,0
5075.0,0,1.0,0.0,0.0,0.0,31,0.0,3,7,11,5.5,1,0,phishing,1
3386.0,2,0.0,0.0,0.0,0.0,253,0.241106719,34,17,12,6.0606060610000005,1,5,phishing,1
2678.0,0,0.708333333,0.291666667,10.0,0.117647059,28,0.0,2,12,20,0.0,1,3,legitimate,0
2168.0,0,0.043478261,0.956521739,50.0,1.0,23,0.0,2,8,15,0.0,1,3,legitimate,0
5075.0,0,0.019230769,0.980769231,100.0,0.0,42,0.023809524,3,17,30,4.0,0,0,phishing,1
7295.0,0,0.9,0.1,33.33333333,0.7777777779999999,29,0.103448276,2,9,22,0.0,1,0,phishing,1
4609.0,4,0.666666667,0.333333333,0.0,0.0,119,0.0,15,15,17,5.785714286,1,2,phishing,1
7133.0,0,0.066666667,0.933333333,33.33333333,0.5,56,0.0,7,10,16,5.4,0,0,legitimate,0
264.0,0,1.0,0.0,0.0,0.043478261,29,0.103448276,3,8,12,4.0,1,1,phishing,1
6072.0,0,0.055591329,0.944408671,57.99457995,0.084942085,36,0.0,4,6,16,5.5,1,0,legitimate,0
4623.0,0,1.0,0.0,0.0,0.0,31,0.0,3,7,15,7.0,0,0,phishing,1
129.0,0,0.0,0.0,0.0,0.0,42,0.0,5,8,34,0.0,1,3,phishing,1
8348.0,1,1.0,0.0,0.0,0.0,82,0.06097561,10,21,16,6.25,0,2,phishing,1
4412.0,0,0.5775862070000001,0.422413793,71.42857143,0.014925373,28,0.0,2,11,19,0.0,1,4,legitimate,0
5075.0,0,0.0,1.0,100.0,0.0,38,0.0,4,15,23,3.0,1,4,phishing,1
3416.0,0,0.127906977,0.872093023,0.0,0.090909091,47,0.0,5,11,19,6.0,0,3,legitimate,0
7295.0,0,0.928571429,0.071428571,14.28571429,0.230769231,39,0.0,3,8,30,0.0,1,0,phishing,1
5585.0,0,0.280898876,0.719101124,11.11111111,0.04,54,0.0,8,8,16,4.166666667,1,4,legitimate,0
505.0,7,0.470588235,0.529411765,50.0,0.125,404,0.121287129,11,301,11,37.5,1,6,phishing,1
7083.0,0,1.0,0.0,0.0,0.0,78,0.038461538,9,15,25,5.428571429,1,2,phishing,1
7240.0,0,0.0,0.0,0.0,0.0,69,0.144927536,5,25,33,8.666666667000001,1,0,phishing,1
6495.0,0,0.434108527,0.565891473,4.651162791,0.446428571,31,0.0,4,6,14,3.5,0,4,legitimate,0
1.0,0,0.045454545,0.954545455,100.0,0.0,57,0.0,6,14,23,5.75,1,1,phishing,1
5159.0,0,0.523809524,0.476190476,25.0,0.363636364,26,0.0,2,8,19,0.0,1,0,legitimate,0
1540.0,0,0.230769231,0.7692307690000001,52.38095238,0.166666667,31,0.0,2,15,23,0.0,1,3,legitimate,0
5075.0,3,0.0,0.0,0.0,0.0,67,0.0,6,15,15,8.0,1,1,phishing,1
630.0,1,0.0,1.0,0.0,0.0,94,0.0,8,21,27,10.8,1,3,phishing,1
760.0,3,0.8848920859999999,0.115107914,4.04040404,0.048780488,77,0.0,9,12,16,5.625,1,3,phishing,1
921.0,0,0.144736842,0.855263158,44.44444444,0.0,16,0.0,1,4,7,0.0,1,0,legitimate,0
5232.0,1,0.0,0.0,0.0,0.0,68,0.176470588,11,8,18,3.777777778,1,2,legitimate,0
7489.0,0,0.48,0.52,0.0,0.0,29,0.0,2,9,11,9.0,1,1,legitimate,0
2345.0,0,0.1625,0.8375,66.66666667,0.307692308,49,0.0,4,10,26,6.5,0,1,legitimate,0
5075.0,0,0.0,0.0,0.0,0.0,50,0.08,7,9,10,5.6,1,4,legitimate,0
6993.0,0,0.6790123459999999,0.320987654,35.29411765,0.218181818,28,0.0,4,5,13,2.0,0,3,legitimate,0
803.0,0,0.068965517,0.931034483,66.66666667,0.5,18,0.0,1,5,11,0.0,0,1,phishing,1
7386.0,0,0.041666667,0.958333333,100.0,0.0,46,0.0,4,9,12,8.0,0,2,legitimate,0
6673.0,0,0.0,1.0,100.0,0.0,29,0.0,2,13,21,0.0,1,3,legitimate,0
5075.0,0,0.045454545,0.954545455,28.57142857,0.571428571,23,0.0,2,7,14,0.0,0,3,legitimate,0
2604.0,3,0.0,1.0,100.0,0.0,58,0.0,7,12,16,4.833333333,1,1,phishing,1
5075.0,0,0.1363636359999999,0.8636363640000001,21.42857143,0.333333333,27,0.0,2,10,18,0.0,1,4,legitimate,0
3583.0,1,0.0,1.0,100.0,0.0,63,0.063492063,6,17,21,6.0,1,1,phishing,1
3159.0,0,0.118181818,0.8818181820000001,91.07142857,0.307692308,101,0.04950495,11,12,11,7.1,0,1,legitimate,0
3992.0,0,0.0,1.0,100.0,0.0,125,0.184,12,17,50,8.142857142999999,1,2,phishing,1
924.0,0,0.142857143,0.857142857,50.0,1.0,42,0.0,5,9,19,7.0,0,1,phishing,1
5075.0,0,0.061889251,0.938110749,25.0,0.1578947369999999,19,0.0,2,3,10,0.0,0,3,legitimate,0
3566.0,0,0.038626609,0.961373391,82.75862069,0.0,19,0.0,1,5,12,0.0,1,0,legitimate,0
5203.0,0,0.653846154,0.346153846,22.22222222,0.117647059,32,0.0,2,15,23,0.0,0,4,legitimate,0
2316.0,0,0.0,1.0,0.0,0.0,51,0.058823529,5,12,21,6.333333333,1,0,phishing,1
7130.0,0,0.024291498,0.975708502,57.14285714,0.5,66,0.0,8,10,16,6.0,0,0,legitimate,0
216.0,0,0.142857143,0.857142857,0.0,1.0,243,0.222222222,26,44,37,8.0,1,11,phishing,1
1582.0,2,0.571428571,0.428571429,0.0,0.833333333,73,0.0,9,10,14,6.285714286,1,2,phishing,1
5065.0,0,0.074766355,0.925233645,66.66666667,0.5,44,0.0,5,11,18,5.333333333,0,1,legitimate,0
4386.0,0,0.0,0.0,0.0,0.0,70,0.0,6,18,22,7.2,1,1,legitimate,0
6591.0,0,0.137931034,0.8620689659999999,12.5,0.0,27,0.0,2,11,19,0.0,1,3,legitimate,0
10648.0,0,0.192307692,0.807692308,66.66666667,0.1,26,0.0,2,9,17,0.0,0,3,legitimate,0
7263.0,0,0.034482759,0.965517241,42.85714286,0.0,23,0.0,3,5,13,2.0,0,3,legitimate,0
7298.0,0,0.928571429,0.071428571,14.28571429,0.230769231,27,0.0,2,8,19,0.0,1,0,legitimate,0
3582.0,0,0.5,0.5,92.0,0.24,21,0.0,2,4,12,0.0,0,4,legitimate,0
5075.0,0,0.045454545,0.954545455,50.0,0.0,49,0.0,4,16,24,8.0,1,4,legitimate,0
778.0,3,0.1363636359999999,0.8636363640000001,100.0,0.0,218,0.220183486,19,40,13,9.888888889,1,10,phishing,1
7202.0,0,0.0,1.0,0.0,0.0,29,0.0,4,5,15,2.5,1,0,phishing,1
2816.0,0,0.333333333,0.666666667,50.0,0.285714286,32,0.0,3,7,23,0.0,1,4,legitimate,0
6254.0,0,0.067961165,0.932038835,0.0,0.285714286,34,0.058823529,4,11,26,0.0,1,3,phishing,1
2996.0,0,0.083333333,0.916666667,0.0,0.0,93,0.258064516,6,32,14,13.4,1,3,phishing,1
778.0,3,0.1363636359999999,0.8636363640000001,100.0,0.0,133,0.037593985,17,10,13,5.875,1,9,phishing,1
5888.0,0,0.073770492,0.926229508,87.5,0.166666667,39,0.0,5,7,15,4.666666667,0,3,legitimate,0
3993.0,0,0.0,1.0,100.0,0.0,128,0.140625,13,17,50,7.375,1,2,phishing,1
11047.0,0,0.283018868,0.716981132,27.77777778,0.4,48,0.083333333,6,9,14,5.75,0,0,legitimate,0
5534.0,0,0.086092715,0.913907285,13.33333333,0.0,28,0.0,2,11,19,0.0,0,3,legitimate,0
5075.0,0,0.0,1.0,100.0,0.0,37,0.0,3,12,28,0.0,1,3,legitimate,0
5075.0,0,0.294117647,0.705882353,50.0,0.1,24,0.0,1,8,15,0.0,0,0,legitimate,0
5075.0,0,0.0,1.0,100.0,0.0,27,0.0,3,7,15,2.0,0,3,legitimate,0
5075.0,1,0.333333333,0.666666667,0.0,0.0,372,0.376344086,20,64,17,17.21052632,1,50,phishing,1
7912.0,0,0.083333333,0.916666667,18.18181818,0.285714286,22,0.0,2,5,13,0.0,1,3,legitimate,0
2926.0,1,0.0,0.0,0.0,0.0,39,0.0,3,16,24,6.0,1,3,phishing,1
5575.0,0,0.0,1.0,0.0,0.0,40,0.0,5,8,13,5.666666667,1,4,legitimate,0
3674.0,0,0.0696202529999999,0.930379747,87.5,0.454545455,35,0.0,5,6,13,4.0,0,3,legitimate,0
4593.0,0,0.290697674,0.709302326,61.29032258,0.4,42,0.0,3,19,27,6.0,1,4,legitimate,0
5075.0,3,0.0,0.0,0.0,0.0,69,0.0,6,15,15,8.0,1,1,phishing,1
7297.0,0,0.901639344,0.098360656,17.94871795,0.472727273,47,0.0,2,26,39,0.0,1,0,legitimate,0
5075.0,0,0.4166666670000001,0.583333333,40.0,0.4,50,0.0,5,14,18,5.0,1,0,legitimate,0
6536.0,0,0.090909091,0.909090909,0.0,0.0,22,0.0,2,6,14,0.0,1,6,legitimate,0
5159.0,0,0.076923077,0.923076923,80.0,0.0,32,0.0,3,8,19,1.0,1,0,legitimate,0
522.0,0,0.0,1.0,0.0,0.0,105,0.285714286,8,20,32,10.0,1,1,phishing,1
5075.0,1,0.142857143,0.857142857,0.0,1.0,38,0.0,3,15,31,0.0,1,2,phishing,1
7489.0,0,0.0,0.0,0.0,0.0,319,0.354231975,38,34,16,7.194444444,0,25,phishing,1
7087.0,0,1.0,0.0,0.0,0.0,142,0.063380282,6,87,29,25.25,1,3,phishing,1
4979.0,0,0.629370629,0.370629371,58.62068966,0.044444444,24,0.0,2,7,15,0.0,1,3,legitimate,0
495.0,1,0.470588235,0.529411765,50.0,0.125,91,0.296703297,8,32,11,9.428571429,1,4,phishing,1
2242.0,0,0.035211268,0.964788732,100.0,0.0,18,0.0,1,6,9,0.0,0,0,legitimate,0
1950.0,1,1.0,0.0,0.0,0.0,28,0.0,2,11,20,0.0,1,1,phishing,1
5616.0,0,0.818181818,0.181818182,25.0,0.166666667,73,0.068493151,10,9,41,4.75,1,3,phishing,1
7133.0,0,0.096385542,0.903614458,72.22222222,0.675,53,0.0,6,9,16,6.25,0,0,legitimate,0
5075.0,0,0.375,0.625,40.0,0.333333333,43,0.0,5,8,16,5.0,1,3,legitimate,0
3251.0,0,0.794117647,0.205882353,0.0,0.0,37,0.0,5,11,10,8.5,1,3,phishing,1
6697.0,0,0.402352941,0.597647059,0.0,0.052631579,72,0.194444444,7,24,17,8.4,1,1,legitimate,0
3468.0,0,0.035532995,0.964467005,90.0,0.0,66,0.106060606,5,26,26,14.5,1,3,legitimate,0
7295.0,0,0.928571429,0.071428571,14.28571429,0.846153846,30,0.066666667,2,10,23,0.0,1,1,phishing,1
6772.0,0,0.184210526,0.815789474,40.0,0.357142857,20,0.0,2,3,11,0.0,1,3,legitimate,0
6074.0,2,0.5,0.5,22.22222222,0.026315789,59,0.13559322,8,9,17,4.833333333,0,4,legitimate,0
2370.0,2,0.7,0.3,38.46153846,0.7142857140000001,153,0.156862745,23,11,15,4.954545455,1,8,phishing,1
3026.0,0,0.325301205,0.674698795,16.66666667,0.037037037,32,0.0,3,10,23,0.0,0,3,legitimate,0
5075.0,1,0.0,0.0,0.0,0.0,41,0.0,5,10,12,6.333333333,1,3,phishing,1
8044.0,0,0.112676056,0.887323944,70.0,0.0,50,0.0,6,12,20,4.5,1,3,legitimate,0
9564.0,0,0.254545455,0.745454545,9.523809524,0.047619048,37,0.0,5,7,11,5.333333333,1,4,legitimate,0
2219.0,0,0.13064133,0.86935867,33.33333333,0.054545455,19,0.0,1,6,10,0.0,0,0,legitimate,0
3815.0,0,0.0,1.0,100.0,0.0,92,0.086956522,8,15,36,8.6,1,3,phishing,1
1279.0,0,0.0,1.0,100.0,0.0,117,0.196581197,7,32,38,13.4,1,5,phishing,1
6424.0,0,0.626373626,0.373626374,34.782608700000004,0.105263158,47,0.0,6,8,32,7.0,1,0,legitimate,0
5984.0,0,0.0,0.0,0.0,0.0,52,0.192307692,5,11,23,6.0,1,2,phishing,1
3018.0,1,0.0,1.0,0.0,0.0,109,0.036697248,13,17,28,5.727272727000001,1,6,phishing,1
8520.0,0,0.377358491,0.622641509,80.0,0.0,33,0.03030303,3,8,16,7.0,1,4,legitimate,0
5635.0,0,0.527272727,0.472727273,0.0,0.137931034,43,0.0,4,14,15,9.0,0,4,legitimate,0
5075.0,0,0.0,0.0,0.0,0.0,85,0.388235294,6,50,18,19.0,1,6,phishing,1
4987.0,0,0.8918918920000001,0.108108108,0.0,0.393939394,44,0.0,6,7,12,3.8,1,0,phishing,1
7086.0,0,1.0,0.0,0.0,0.0,75,0.0,10,11,23,4.375,1,3,phishing,1
7134.0,0,0.096354167,0.903645833,64.0776699,0.756756757,50,0.0,6,9,16,5.5,0,0,legitimate,0
5075.0,1,0.163636364,0.836363636,27.27272727,0.7777777779999999,62,0.129032258,9,9,13,4.25,0,1,legitimate,0
1459.0,0,0.029668412,0.970331588,79.06976744,0.176470588,30,0.0,2,15,22,0.0,0,3,legitimate,0
4003.0,0,0.0,1.0,100.0,0.0,128,0.125,13,17,50,7.375,1,4,phishing,1
5622.0,0,0.321428571,0.6785714290000001,27.65957447,0.5555555560000001,45,0.0,7,8,14,5.0,0,5,legitimate,0
2660.0,2,0.0,1.0,100.0,0.0,261,0.183908046,17,29,212,7.2,1,11,phishing,1
4065.0,0,0.142857143,0.857142857,0.0,0.0,22,0.0,2,5,9,5.0,0,0,legitimate,0
6821.0,0,0.042553191,0.957446809,25.0,0.166666667,24,0.0,2,8,16,0.0,1,3,legitimate,0
1200.0,0,0.101010101,0.898989899,0.0,0.0,77,0.12987013,5,23,27,9.5,1,1,phishing,1
5075.0,2,0.0,1.0,100.0,0.0,188,0.478723404,17,64,13,13.0,1,19,phishing,1
3000.0,0,0.7692307690000001,0.230769231,0.0,0.8,21,0.0,1,9,13,0.0,1,0,phishing,1
5075.0,1,0.0,1.0,100.0,0.0,162,0.265432099,16,30,15,8.2,1,5,phishing,1
4221.0,0,0.0,0.0,0.0,0.0,115,0.12173913,13,14,22,6.818181817999999,1,7,legitimate,0
4231.0,0,0.7692307690000001,0.230769231,42.85714286,0.1,25,0.0,3,5,17,0.0,1,3,legitimate,0
1911.0,0,0.0,0.0,0.0,0.0,74,0.0,9,9,20,5.714285714,1,0,legitimate,0
1566.0,1,0.757575758,0.242424242,70.0,0.0,31,0.0,4,5,14,4.0,1,0,phishing,1
5226.0,0,0.30952381,0.69047619,32.85714286,0.123076923,52,0.0,5,13,18,7.666666667,1,3,legitimate,0
7585.0,0,0.004784689,0.995215311,94.11764706,0.0,40,0.0,3,14,22,10.0,1,3,legitimate,0
4335.0,0,0.0,0.0,0.0,0.0,59,0.0,7,21,29,3.4,1,4,phishing,1
5075.0,2,1.0,0.0,0.0,0.0,57,0.0,8,10,28,4.25,1,4,phishing,1
7448.0,0,0.405405405,0.594594595,100.0,0.0,37,0.0,2,14,28,0.0,1,2,legitimate,0
7302.0,0,0.064,0.936,76.92307692,0.0,25,0.0,2,10,13,2.0,1,0,legitimate,0
4726.0,3,0.0,1.0,100.0,0.0,77,0.038961039,10,9,8,5.777777778,1,1,phishing,1
1877.0,0,0.0,1.0,0.0,0.0,47,0.0,7,8,11,3.833333333,1,1,phishing,1
7142.0,0,0.254901961,0.745098039,50.0,0.076923077,25,0.0,3,4,16,0.0,0,3,legitimate,0
7296.0,0,0.414634146,0.585365854,23.07692308,0.235294118,34,0.0,2,17,25,0.0,1,3,legitimate,0
82.0,0,0.0,0.0,0.0,0.0,44,0.0,4,19,27,3.5,1,3,phishing,1
2139.0,0,1.0,0.0,0.0,0.0,25,0.16,2,7,10,6.0,1,0,phishing,1
3992.0,0,0.0,1.0,100.0,0.0,127,0.188976378,13,17,50,7.375,1,3,phishing,1
6472.0,1,0.571428571,0.428571429,0.0,0.0,38,0.0,5,8,16,3.666666667,0,4,legitimate,0
1777.0,1,0.473684211,0.526315789,0.0,0.0,79,0.126582278,9,10,51,6.0,1,1,phishing,1
5274.0,0,0.149253731,0.850746269,16.66666667,0.0,19,0.0,2,3,10,0.0,0,3,legitimate,0
8347.0,1,1.0,0.0,0.0,0.0,82,0.06097561,9,22,16,7.285714286,0,1,phishing,1
5075.0,2,0.212765957,0.787234043,76.74418605,0.3,40,0.0,4,13,17,4.0,1,1,phishing,1
2140.0,0,1.0,0.0,0.0,0.0,40,0.0,4,8,10,6.333333333,1,0,phishing,1
3314.0,0,0.313131313,0.686868687,50.0,0.032258065,30,0.0,2,13,21,0.0,1,4,legitimate,0
1320.0,0,1.0,0.0,0.0,0.04,25,0.0,2,8,16,0.0,1,3,legitimate,0
7023.0,0,0.40776699,0.59223301,83.87096774,0.071428571,36,0.0,3,10,14,6.0,1,2,legitimate,0
5075.0,0,0.142857143,0.857142857,0.0,1.0,26,0.038461538,2,8,14,4.0,1,0,phishing,1
7189.0,0,0.067961165,0.932038835,0.0,0.285714286,38,0.0,4,9,30,0.0,1,5,phishing,1
327.0,3,0.045454545,0.954545455,100.0,0.0,210,0.419047619,13,64,11,15.0,1,9,phishing,1
5075.0,0,0.0,1.0,0.0,0.0,32,0.0,2,18,24,0.0,1,0,phishing,1
3992.0,0,0.0,1.0,100.0,0.0,126,0.142857143,12,17,50,8.142857142999999,1,4,phishing,1
1499.0,0,0.0,0.0,0.0,0.0,96,0.28125,11,14,14,7.333333333,1,6,phishing,1
7298.0,0,0.7142857140000001,0.285714286,0.0,0.0,30,0.0,2,9,22,0.0,1,1,legitimate,0
5232.0,0,0.044444444,0.955555556,0.0,0.333333333,25,0.0,2,7,18,0.0,1,1,legitimate,0
2539.0,0,0.263450835,0.736549165,48.27586207,0.021126761,27,0.0,2,10,18,0.0,0,5,legitimate,0
5887.0,0,0.364705882,0.635294118,78.6259542,0.387096774,82,0.097560976,12,10,12,4.6363636360000005,0,3,legitimate,0
3178.0,0,0.0,1.0,0.0,0.0,50,0.0,3,15,19,10.0,1,0,phishing,1
6057.0,0,0.473684211,0.526315789,26.42487047,0.044444444,92,0.076086957,13,13,17,4.583333333,1,4,legitimate,0
5767.0,0,0.033333333,0.966666667,100.0,0.0,77,0.298701299,4,32,23,14.66666667,1,3,phishing,1
7156.0,0,0.041474654,0.958525346,88.63636364,0.7777777779999999,42,0.119047619,6,8,14,4.25,1,0,legitimate,0
2102.0,0,0.0,0.0,0.0,0.0,38,0.105263158,4,8,12,5.0,1,3,phishing,1
7295.0,0,0.928571429,0.071428571,14.28571429,0.846153846,26,0.0,2,8,19,0.0,1,0,phishing,1
5075.0,4,0.0,1.0,100.0,0.0,180,0.238888889,19,30,12,7.833333333,1,4,phishing,1
1492.0,0,0.230769231,0.7692307690000001,0.0,0.333333333,97,0.298969072,11,23,11,6.8,1,7,phishing,1
5532.0,0,0.391304348,0.608695652,20.68965517,0.0,17,0.0,1,7,10,0.0,0,0,legitimate,0
4503.0,1,0.09375,0.90625,0.0,0.0,35,0.0,2,13,26,0.0,1,0,phishing,1
3814.0,0,0.024691358,0.975308642,0.0,0.0,72,0.069444444,10,8,16,4.875,0,3,legitimate,0
8505.0,0,0.588235294,0.411764706,25.0,0.4,27,0.0,2,7,18,0.0,0,3,legitimate,0
5075.0,0,0.0,0.0,0.0,0.0,16,0.0625,2,2,5,2.0,1,0,phishing,1
405.0,3,0.0,1.0,100.0,0.0,63,0.0,8,12,10,5.428571429,1,1,phishing,1
6597.0,0,0.280254777,0.719745223,22.22222222,0.0681818179999999,83,0.156626506,13,10,11,4.416666667,1,1,legitimate,0
5075.0,0,0.0,0.0,0.0,0.0,41,0.097560976,4,12,16,4.666666667,1,2,phishing,1
5075.0,0,0.1875,0.8125,10.0,0.222222222,31,0.0,1,19,22,0.0,1,0,legitimate,0
5932.0,0,0.253164557,0.7468354429999999,0.0,0.2,42,0.119047619,6,8,16,3.5,0,4,legitimate,0
7371.0,0,0.376623377,0.623376623,38.23529412,0.689655172,52,0.0,6,12,15,6.5,1,3,legitimate,0
8970.0,0,0.202898551,0.797101449,60.60606061,0.142857143,52,0.019230769,6,8,15,6.5,0,4,legitimate,0
11046.0,0,0.292307692,0.7076923079999999,22.72727273,0.368421053,76,0.065789474,7,13,23,8.2,0,2,legitimate,0
5075.0,0,0.459459459,0.540540541,0.0,0.235294118,29,0.0,2,13,21,0.0,1,3,legitimate,0
5626.0,1,0.818181818,0.181818182,25.0,0.277777778,53,0.0,7,9,40,5.0,1,1,phishing,1
5159.0,0,0.6,0.4,0.0,0.666666667,83,0.048192771,15,6,14,3.692307692,0,4,legitimate,0
6820.0,0,0.182156134,0.8178438659999999,66.66666667,0.0,26,0.0,2,9,17,0.0,1,4,legitimate,0
4656.0,0,0.0,1.0,100.0,0.0,208,0.408653846,22,22,24,7.8,1,26,phishing,1
1120.0,4,0.806451613,0.193548387,0.0,0.04,74,0.0,12,8,12,4.5,1,0,phishing,1
5239.0,0,0.623655914,0.376344086,36.36363636,0.051724138,35,0.0,3,9,13,6.5,1,0,legitimate,0
2668.0,3,0.0,1.0,100.0,0.0,54,0.0,6,9,15,5.4,1,2,phishing,1
5075.0,0,0.1692307689999999,0.8307692309999999,12.5,0.090909091,27,0.0,2,8,19,0.0,0,3,legitimate,0
5614.0,1,0.818181818,0.181818182,25.0,0.166666667,56,0.017857143,8,9,39,4.0,1,1,phishing,1
895.0,1,0.545454545,0.454545455,0.0,0.166666667,38,0.0,5,6,18,5.0,1,3,phishing,1
8346.0,2,1.0,0.0,0.0,0.0,57,0.0,4,26,16,15.0,0,1,phishing,1
4224.0,0,0.125,0.875,0.0,0.0,50,0.02,5,14,18,5.25,1,0,phishing,1
1726.0,0,0.0,1.0,100.0,0.0,51,0.078431373,5,12,15,6.0,0,0,phishing,1
806.0,0,0.5,0.5,0.0,0.0,22,0.045454545,2,5,13,0.0,1,0,phishing,1
8190.0,0,0.053097345,0.946902655,65.85365854,0.055555556,45,0.0,5,17,25,3.0,0,4,legitimate,0
5034.0,0,0.181818182,0.818181818,100.0,0.333333333,24,0.0,2,8,16,0.0,1,3,legitimate,0
5152.0,0,0.0,1.0,100.0,0.0,53,0.0,5,9,19,7.666666667,1,2,phishing,1
41.0,0,0.16,0.84,0.0,0.0,98,0.030612245,10,31,27,8.0,1,1,phishing,1
9345.0,0,0.337209302,0.662790698,22.5,0.224137931,69,0.072463768,10,7,15,4.75,1,7,legitimate,0
2018.0,0,0.0,0.0,0.0,0.0,629,0.171701113,19,87,20,34.35294118,1,13,phishing,1
7840.0,0,0.075376884,0.924623116,0.0,0.0,87,0.0,11,10,16,6.1111111110000005,0,5,legitimate,0
5636.0,0,0.527272727,0.472727273,0.0,0.137931034,41,0.0,4,12,15,8.0,0,3,legitimate,0
4609.0,4,0.666666667,0.333333333,0.0,0.0,104,0.0,14,14,17,5.076923077,1,8,phishing,1
5075.0,0,0.142857143,0.857142857,84.44444444,0.285714286,23,0.0,2,6,14,0.0,0,3,legitimate,0
5075.0,0,0.865384615,0.134615385,75.0,0.177777778,25,0.0,3,6,6,4.5,1,0,phishing,1
3992.0,0,0.0,1.0,100.0,0.0,127,0.133858268,13,17,50,7.375,1,6,phishing,1
4284.0,0,0.0493827159999999,0.950617284,33.33333333,0.0,54,0.0,7,11,19,4.6,1,4,legitimate,0
7153.0,0,0.007843137,0.992156863,99.52380952,0.5,35,0.0,2,13,28,0.0,1,0,legitimate,0
8658.0,0,0.0,0.0,0.0,0.0,72,0.0,9,11,14,6.285714286,1,5,legitimate,0
5075.0,0,0.333333333,0.666666667,70.0,0.0,24,0.0,1,12,16,0.0,1,0,phishing,1
1899.0,1,0.125874126,0.8741258740000001,27.27272727,0.166666667,21,0.0,1,9,13,0.0,1,0,phishing,1
7156.0,0,0.057971014,0.942028986,100.0,1.0,43,0.139534884,6,8,14,4.5,1,0,legitimate,0
5444.0,0,0.7413127409999999,0.258687259,0.0,0.3697916670000001,53,0.0,6,13,25,4.25,1,0,legitimate,0
5075.0,0,0.1,0.9,16.66666667,0.538461538,27,0.0,3,7,19,0.0,1,3,legitimate,0
8203.0,0,0.581818182,0.418181818,54.16666667,0.125,61,0.0,8,10,18,4.833333333,0,3,legitimate,0
7130.0,0,0.027108434,0.972891566,71.875,0.0,59,0.0,7,9,16,6.0,0,1,legitimate,0
8348.0,1,0.56,0.44,0.0,0.0,113,0.088495575,11,43,15,9.0,1,2,phishing,1
5075.0,0,0.571428571,0.428571429,0.0,0.0,29,0.0,2,9,21,0.0,1,0,phishing,1
5075.0,0,0.583333333,0.4166666670000001,0.0,0.7142857140000001,69,0.0,6,13,17,8.0,1,4,phishing,1
3110.0,0,0.433962264,0.5660377360000001,38.88888889,0.347826087,15,0.0,1,3,6,0.0,1,0,legitimate,0
9754.0,0,0.081761006,0.918238994,25.0,0.076923077,20,0.0,2,4,12,0.0,0,3,legitimate,0
5075.0,0,0.059701493,0.940298507,75.0,1.0,31,0.0,2,11,22,0.0,1,3,legitimate,0
10173.0,0,0.1532846719999999,0.8467153279999999,20.0,0.238095238,58,0.0862068969999999,7,13,14,6.4,1,5,legitimate,0
7354.0,0,0.120481928,0.879518072,6.666666667,0.266666667,69,0.0,8,13,21,5.833333333,1,4,legitimate,0
7568.0,0,0.328767123,0.671232877,14.28571429,0.166666667,28,0.0,2,8,19,0.0,1,3,legitimate,0
5638.0,0,0.442307692,0.557692308,0.0,0.0,43,0.0,5,11,15,5.666666667,0,3,legitimate,0
2918.0,0,0.0583941609999999,0.941605839,93.84615385,0.5,24,0.0,2,6,17,0.0,1,0,legitimate,0
9039.0,0,0.0,0.0,0.0,0.0,89,0.011235955,9,14,17,8.285714286000001,1,5,legitimate,0
9113.0,0,0.375,0.625,62.5,0.25,32,0.0,3,6,17,6.0,0,0,legitimate,0
5627.0,0,0.818181818,0.181818182,25.0,0.277777778,152,0.131578947,13,35,28,11.77777778,1,5,phishing,1
2977.0,0,0.0,1.0,0.0,0.0,27,0.0,2,10,18,0.0,0,3,legitimate,0
7621.0,0,0.25,0.75,0.0,0.0,28,0.1785714289999999,2,9,21,0.0,1,2,phishing,1
4003.0,0,0.0,1.0,100.0,0.0,76,0.131578947,7,15,50,8.5,1,2,phishing,1
5019.0,0,0.666666667,0.333333333,81.81818182,0.0,89,0.112359551,13,11,15,5.0,0,5,legitimate,0
5075.0,0,0.357142857,0.642857143,16.66666667,0.4,18,0.0,2,4,11,0.0,0,0,legitimate,0
4358.0,0,0.75,0.25,0.0,0.0,56,0.0,9,12,20,3.142857143,1,3,legitimate,0
7490.0,0,0.48,0.52,0.0,0.0,25,0.04,2,7,11,5.0,1,1,legitimate,0
9184.0,0,0.173366834,0.8266331659999999,1.470588235,0.028985507,38,0.0,4,9,17,6.0,0,3,legitimate,0
5075.0,0,0.0,1.0,0.0,0.0,34,0.029411765,4,9,18,3.0,1,3,phishing,1
1331.0,0,0.037128713,0.962871287,82.53968254,0.133333333,21,0.142857143,2,5,13,0.0,1,3,legitimate,0
7158.0,0,0.053333333,0.946666667,100.0,1.0,43,0.139534884,6,8,14,4.5,1,0,legitimate,0
4376.0,0,0.0,0.0,0.0,0.0,76,0.1710526319999999,4,32,14,17.0,1,4,phishing,1
3993.0,0,0.0,1.0,100.0,0.0,118,0.169491525,11,17,42,8.142857142999999,1,3,phishing,1
4932.0,0,0.0,0.0,0.0,0.0,32,0.0,3,12,20,3.0,1,3,phishing,1
3403.0,0,0.035087719,0.964912281,66.66666667,1.0,60,0.0,6,18,26,5.5,1,4,legitimate,0
7391.0,0,0.705882353,0.294117647,7.692307692000001,0.166666667,27,0.0,2,12,19,0.0,0,4,legitimate,0
134.0,0,0.095238095,0.904761905,0.0,0.0,94,0.074468085,9,23,20,8.428571429,1,1,phishing,1
13.0,0,0.090909091,0.909090909,0.0,0.0,30,0.333333333,2,15,19,2.0,1,0,phishing,1
2183.0,0,0.454545455,0.545454545,63.63636364,0.04,73,0.0,12,9,13,3.636363636000001,1,1,legitimate,0
8087.0,0,0.666666667,0.333333333,0.0,0.0,59,0.0,7,8,18,5.8,1,0,legitimate,0
4530.0,0,0.941520468,0.058479532,0.0,0.0,52,0.115384615,7,10,24,4.25,0,5,legitimate,0
5075.0,0,0.1,0.9,0.0,0.5,40,0.025,4,9,12,5.666666667,1,2,legitimate,0
5075.0,0,0.476190476,0.523809524,100.0,0.0,18,0.0,1,8,11,0.0,0,0,legitimate,0
1959.0,1,0.333333333,0.666666667,88.88888889,0.0,34,0.029411765,5,6,12,2.75,1,1,phishing,1
5612.0,0,0.0,0.0,0.0,0.0,47,0.127659574,6,9,39,0.0,1,4,phishing,1
5086.0,0,0.084577114,0.915422886,58.97435897,0.470588235,50,0.0,4,20,28,6.5,1,4,legitimate,0
7428.0,0,0.011111111,0.988888889,100.0,0.0,52,0.019230769,7,10,17,4.4,1,4,legitimate,0
733.0,3,0.0,0.0,0.0,0.0,57,0.0,7,14,22,4.6,1,3,phishing,1
7.0,1,0.0,0.0,0.0,0.0,52,0.0,8,6,27,3.25,1,3,phishing,1
9557.0,0,0.027027027,0.972972973,97.18309859,0.0,41,0.12195122,4,9,17,7.0,1,2,legitimate,0
7754.0,0,0.291390728,0.708609272,32.0,0.227272727,90,0.133333333,13,9,17,5.0,0,3,legitimate,0
7295.0,0,0.928571429,0.071428571,14.28571429,0.846153846,41,0.024390244,2,21,34,0.0,1,0,phishing,1
5075.0,4,0.5,0.5,0.0,0.0,219,0.406392694,14,64,12,14.30769231,1,5,phishing,1
1632.0,1,0.0,0.0,0.0,0.0,66,0.166666667,5,21,25,7.5,1,2,phishing,1
86.0,2,0.0,0.0,0.0,0.0,33,0.0,4,7,11,3.666666667,1,0,phishing,1
5465.0,0,0.0,0.0,0.0,0.0,60,0.0,8,10,19,4.666666667,1,0,legitimate,0
2294.0,0,0.473684211,0.526315789,71.42857143,0.111111111,26,0.0,2,10,18,0.0,0,3,legitimate,0
5636.0,0,0.442307692,0.557692308,0.0,0.0,43,0.046511628,6,9,15,4.0,0,3,legitimate,0
5075.0,0,0.072289157,0.927710843,44.44444444,0.666666667,25,0.0,2,9,16,0.0,0,3,legitimate,0
5635.0,0,0.527272727,0.472727273,0.0,0.137931034,46,0.0,4,17,15,10.5,0,3,legitimate,0
5075.0,0,0.6779661020000001,0.322033898,43.83561644,0.3,23,0.0,2,9,16,0.0,1,3,legitimate,0
3923.0,0,0.03125,0.96875,0.0,0.0,46,0.0,4,19,27,5.0,0,4,legitimate,0
5075.0,0,0.047619048,0.952380952,0.0,0.0,56,0.0,6,15,25,7.0,1,4,legitimate,0
6014.0,0,0.062953995,0.937046005,91.66666667,0.0,43,0.0,5,8,12,6.666666667,0,5,legitimate,0
5123.0,2,0.0,1.0,0.0,0.0,67,0.0,8,15,23,5.166666667,1,5,phishing,1
2427.0,0,0.047945205,0.952054795,22.22222222,0.428571429,31,0.0,2,14,22,0.0,1,4,legitimate,0
7672.0,0,0.066037736,0.933962264,36.36363636,0.285714286,66,0.0,10,12,20,3.875,1,4,legitimate,0
7795.0,0,0.746031746,0.253968254,36.0,0.127659574,61,0.0,5,13,17,8.0,1,1,legitimate,0
12426.0,1,0.0,0.0,0.0,0.0,83,0.144578313,15,9,21,3.583333333,1,2,legitimate,0
3934.0,0,0.0,0.0,0.0,0.0,39,0.0,4,16,23,3.0,1,0,phishing,1
8371.0,0,0.021276596,0.978723404,50.0,1.0,42,0.071428571,5,9,17,4.666666667,0,4,legitimate,0
3722.0,0,0.5555555560000001,0.444444444,33.33333333,0.2,29,0.0,2,12,20,0.0,1,3,legitimate,0
8346.0,1,0.62962963,0.37037037,0.0,0.0,113,0.079646018,10,56,15,10.25,1,3,phishing,1
7410.0,0,0.017326733,0.982673267,0.0,0.214285714,61,0.049180328,8,10,18,5.0,0,4,legitimate,0
3993.0,0,0.0,1.0,100.0,0.0,78,0.115384615,7,15,50,8.5,1,2,phishing,1
560.0,0,0.0,0.0,0.0,0.0,28,0.0,3,6,19,0.0,1,0,phishing,1
7448.0,0,0.443478261,0.556521739,60.0,0.078431373,43,0.046511628,2,20,34,0.0,1,2,legitimate,0
1778.0,0,0.253333333,0.7466666670000001,73.58490566,0.105263158,26,0.0,2,9,17,0.0,1,3,legitimate,0
4486.0,0,0.063829787,0.936170213,70.0,0.0,53,0.075471698,7,10,18,4.6,1,4,legitimate,0
5075.0,3,0.0,1.0,0.0,0.0,55,0.0,5,23,30,4.333333333,1,4,phishing,1
5075.0,0,0.5,0.5,0.0,1.0,69,0.333333333,11,32,13,7.857142857,1,2,phishing,1
6760.0,0,0.165644172,0.834355828,88.88888889,0.111111111,113,0.115044248,11,14,22,8.222222222000001,1,7,legitimate,0
7297.0,0,0.818181818,0.181818182,40.0,0.055555556,32,0.0,2,11,24,0.0,1,0,legitimate,0
8474.0,0,0.444444444,0.5555555560000001,65.21739129999999,0.5,72,0.111111111,11,11,12,4.777777778,0,5,legitimate,0
9309.0,0,0.075,0.925,66.66666667,0.0,77,0.1558441559999999,7,16,17,9.4,0,9,legitimate,0
4129.0,0,0.0,0.0,0.0,0.0,37,0.0,4,15,22,3.0,1,3,phishing,1
229.0,0,0.121212121,0.8787878790000001,0.0,0.0,99,0.0808080809999999,8,39,23,10.33333333,1,0,phishing,1
3442.0,0,0.0,1.0,100.0,0.0,46,0.0,3,14,14,11.0,1,0,legitimate,0
5075.0,1,1.0,0.0,0.0,0.0,31,0.0,3,7,23,0.0,1,1,phishing,1
863.0,0,0.698113208,0.301886792,33.33333333,0.135135135,27,0.0,2,11,19,0.0,0,4,legitimate,0
255.0,0,0.08,0.92,100.0,0.0,101,0.059405941,10,42,17,8.5,1,4,phishing,1
254.0,3,0.048387097,0.951612903,88.0,0.0,100,0.22,10,32,18,8.375,1,5,phishing,1
7597.0,0,0.106508876,0.8934911240000001,39.13043478,0.333333333,76,0.0,9,15,23,5.428571429,1,3,legitimate,0
5075.0,2,0.0,1.0,100.0,0.0,196,0.397959184,17,64,13,13.61538462,1,19,phishing,1
5075.0,0,0.666666667,0.333333333,0.0,0.0,20,0.05,3,3,11,0.0,1,3,legitimate,0
295.0,0,0.0,0.0,0.0,0.0,26,0.0,1,15,19,0.0,1,0,phishing,1
7621.0,0,0.243243243,0.756756757,0.0,0.0,34,0.0,2,13,27,0.0,1,1,phishing,1
7296.0,0,0.8888888890000001,0.111111111,25.0,0.375,42,0.0,2,20,33,0.0,1,0,phishing,1
7446.0,0,0.0,0.0,0.0,0.0,74,0.121621622,10,9,28,4.428571429,1,2,legitimate,0
5638.0,0,0.442307692,0.557692308,0.0,0.0,43,0.046511628,5,11,15,5.666666667,0,3,legitimate,0
3992.0,0,0.0,1.0,100.0,0.0,68,0.191176471,6,15,42,8.5,1,2,phishing,1
2201.0,0,0.0,1.0,0.0,0.0,45,0.244444444,5,10,37,0.0,1,1,phishing,1
5887.0,0,0.06097561,0.93902439,93.58974359,0.0,50,0.0,9,7,15,3.0,1,3,legitimate,0
5075.0,1,0.707964602,0.292035398,5.405405405,0.1125,28,0.25,10,5,10,2.666666667,1,0,phishing,1
7134.0,0,0.049921177,0.950078823,86.09077599,0.778947368,50,0.0,6,9,16,5.5,0,0,legitimate,0
3992.0,0,0.0,1.0,100.0,0.0,126,0.174603175,13,17,50,7.375,1,2,phishing,1
1355.0,2,0.970588235,0.029411765,33.33333333,0.0,59,0.0,7,8,27,5.0,1,0,phishing,1
5075.0,0,1.0,0.0,0.0,0.0,34,0.029411765,3,10,26,0.0,1,0,phishing,1
6431.0,0,0.030434783,0.969565217,90.66666667,0.285714286,41,0.0,4,10,17,7.0,0,0,legitimate,0
3993.0,0,0.0,1.0,100.0,0.0,118,0.220338983,12,17,42,7.375,1,9,phishing,1
5868.0,0,0.0,0.0,0.0,0.0,32,0.0,3,7,11,5.5,1,0,phishing,1
5322.0,0,0.142857143,0.857142857,72.97297297,0.153846154,26,0.0,2,6,17,0.0,0,3,legitimate,0
4665.0,0,0.0,0.0,0.0,0.0,25,0.0,3,4,18,0.0,1,1,legitimate,0
2887.0,0,0.107142857,0.892857143,97.4025974,0.166666667,76,0.039473684,10,12,22,4.75,1,1,legitimate,0
5075.0,0,1.0,0.0,0.0,0.0,103,0.145631068,17,12,6,4.5625,1,5,phishing,1
5075.0,0,0.578125,0.421875,34.782608700000004,0.162162162,24,0.0,1,10,17,0.0,1,0,legitimate,0
5075.0,0,0.8833333329999999,0.116666667,0.0,0.056603774,26,0.0,2,9,17,0.0,0,3,legitimate,0
1301.0,0,0.296296296,0.703703704,52.0,1.0,93,0.010752688,10,15,13,7.1111111110000005,1,2,phishing,1
7857.0,2,0.0,0.0,0.0,0.0,86,0.0,12,13,17,5.444444444,1,0,phishing,1
4609.0,4,0.666666667,0.333333333,0.0,0.0,97,0.0,12,14,17,5.6363636360000005,1,2,phishing,1
5839.0,0,0.035714286,0.964285714,33.33333333,0.666666667,57,0.0,6,14,22,6.0,1,4,legitimate,0
5075.0,0,0.0,1.0,100.0,0.0,45,0.0,5,13,9,6.0,1,0,phishing,1
5669.0,0,0.6707317070000001,0.329268293,12.71186441,0.5727272729999999,45,0.0,3,18,24,6.0,1,2,phishing,1
4678.0,0,0.361111111,0.638888889,30.0,0.076923077,24,0.0,2,8,16,0.0,0,3,legitimate,0
12430.0,0,0.048,0.952,70.0,1.0,34,0.0,5,10,18,1.666666667,1,0,legitimate,0
2687.0,0,0.181818182,0.818181818,100.0,0.0,53,0.0,5,12,20,7.666666667,1,3,legitimate,0
5644.0,0,0.147727273,0.852272727,33.33333333,0.0,34,0.0,2,19,26,0.0,1,4,legitimate,0
3312.0,0,0.458333333,0.541666667,25.0,0.181818182,75,0.0,9,12,20,5.571428571,1,6,legitimate,0
9283.0,0,0.325581395,0.674418605,57.89473684,0.214285714,50,0.0,8,6,12,4.0,0,3,legitimate,0
1338.0,0,0.0,1.0,0.0,0.0,42,0.19047619,3,11,25,8.0,0,1,phishing,1
7528.0,5,0.0,1.0,0.0,0.0,56,0.0,7,12,9,5.666666667,1,3,phishing,1
11046.0,0,0.3,0.7,27.77777778,0.0,70,0.071428571,9,9,14,6.0,0,0,legitimate,0
12209.0,0,0.256410256,0.7435897440000001,0.0,0.0,64,0.140625,9,11,16,4.714285714,0,3,legitimate,0
5067.0,0,0.339285714,0.660714286,20.0,0.052631579,84,0.071428571,12,9,17,4.8,1,5,legitimate,0
3382.0,0,0.057142857,0.942857143,58.33333333,0.5,33,0.0,3,9,24,0.0,1,3,legitimate,0
6590.0,1,0.666666667,0.333333333,0.0,0.0,547,0.3601462520000001,63,64,25,7.409836066,1,145,legitimate,0
5627.0,0,0.772727273,0.227272727,100.0,0.0,54,0.203703704,4,29,46,0.0,1,3,phishing,1
2617.0,0,0.041666667,0.958333333,100.0,0.0,74,0.067567568,10,11,19,4.875,1,4,legitimate,0
5075.0,0,0.94488189,0.05511811,3.012048193,0.0,28,0.0,3,8,20,0.0,1,3,legitimate,0
1134.0,0,0.363636364,0.636363636,0.0,0.0,59,0.0,6,12,27,11.0,1,0,phishing,1
1849.0,0,0.5,0.5,0.0,0.3,40,0.0,4,13,21,5.0,0,4,legitimate,0
8317.0,0,0.090909091,0.909090909,58.62068966,0.846153846,31,0.0,3,6,22,0.0,0,1,legitimate,0
834.0,1,0.441860465,0.558139535,14.28571429,0.315789474,250,0.044,12,147,47,23.5,1,16,phishing,1
5075.0,1,0.516129032,0.483870968,0.0,0.4375,158,0.379746835,14,24,15,9.384615385,1,7,phishing,1
5075.0,1,0.0,1.0,100.0,0.0,42,0.023809524,4,10,17,4.666666667,1,0,phishing,1
3992.0,0,0.0,1.0,100.0,0.0,126,0.119047619,13,17,50,7.375,1,8,phishing,1
12471.0,0,0.041198502,0.958801498,61.9047619,0.727272727,56,0.0,5,12,18,9.333333333,1,0,legitimate,0
8348.0,1,1.0,0.0,0.0,0.0,70,0.071428571,6,33,16,10.5,0,2,phishing,1
7129.0,0,0.0803382659999999,0.919661734,63.80952381,0.684210526,43,0.0,5,9,16,5.333333333,0,0,legitimate,0
3050.0,0,0.333333333,0.666666667,100.0,0.0,39,0.076923077,3,13,21,9.0,1,3,legitimate,0
5075.0,0,0.107142857,0.892857143,36.36363636,0.0,61,0.0,7,9,16,6.4,0,6,legitimate,0
6137.0,0,0.21686747,0.78313253,50.0,0.055555556,58,0.0,9,8,16,4.0,1,4,legitimate,0
3992.0,0,0.0,1.0,100.0,0.0,131,0.160305344,14,17,54,7.375,1,5,phishing,1
140.0,1,0.935483871,0.064516129,8.333333332999999,0.344827586,53,0.0,5,12,20,7.333333333,1,3,phishing,1
7681.0,0,0.590909091,0.409090909,0.0,0.923076923,102,0.235294118,12,40,13,7.1,1,9,phishing,1
2460.0,2,0.0,0.0,0.0,0.0,101,0.257425743,10,40,18,8.375,1,3,phishing,1
9338.0,0,0.0,0.0,0.0,0.0,132,0.212121212,12,21,17,9.6,1,4,phishing,1
8569.0,1,0.391304348,0.608695652,7.142857143,0.0,52,0.0,5,14,22,6.666666667,1,3,legitimate,0
63.0,0,0.0,1.0,0.0,0.0,121,0.272727273,16,19,30,6.454545455,1,7,phishing,1
5075.0,0,0.25,0.75,100.0,0.0,45,0.0,4,19,25,4.5,0,1,phishing,1
7295.0,0,0.928571429,0.071428571,14.28571429,0.846153846,31,0.0,2,11,24,0.0,1,1,phishing,1
1953.0,0,0.875,0.125,0.0,0.0,52,0.076923077,5,10,14,9.0,1,3,phishing,1
427.0,0,0.0,1.0,0.0,0.0,16,0.0,1,5,8,0.0,1,0,phishing,1
8184.0,0,0.513513514,0.486486486,33.33333333,0.1578947369999999,25,0.0,2,8,16,0.0,0,4,legitimate,0
3993.0,0,0.0,1.0,100.0,0.0,115,0.139130435,11,17,42,8.142857142999999,1,3,phishing,1
5075.0,0,0.078838174,0.921161826,93.7007874,0.315789474,35,0.0,4,9,23,2.0,0,3,legitimate,0
4609.0,5,0.666666667,0.333333333,0.0,0.0,111,0.0,14,14,17,5.692307692000001,1,2,phishing,1
4698.0,0,0.153846154,0.846153846,0.0,0.0,33,0.0,3,10,14,4.0,1,3,phishing,1
5075.0,0,0.25,0.75,0.0,1.0,105,0.2,9,32,21,10.0,1,12,phishing,1
3393.0,0,0.616161616,0.383838384,63.63636364,0.081967213,26,0.0,2,10,18,0.0,1,4,legitimate,0
5075.0,0,0.191489362,0.808510638,100.0,0.0,51,0.0,4,11,42,0.0,1,0,phishing,1
4851.0,0,0.6,0.4,66.66666667,0.0,62,0.0,5,26,34,6.0,1,5,legitimate,0
7188.0,0,0.060606061,0.939393939,93.93939394,0.666666667,54,0.0,4,22,19,13.0,1,3,legitimate,0
7199.0,0,0.064102564,0.935897436,100.0,0.0,55,0.0,6,12,16,7.0,0,3,legitimate,0
287.0,0,0.0,0.0,0.0,0.0,53,0.0,8,7,15,4.166666667,1,4,legitimate,0
5797.0,0,0.272151899,0.727848101,22.22222222,0.069767442,79,0.088607595,13,10,14,3.833333333,1,0,legitimate,0
5075.0,0,0.230769231,0.7692307690000001,0.0,0.0,23,0.0,2,3,14,0.0,0,3,legitimate,0
3992.0,0,0.0,1.0,100.0,0.0,118,0.152542373,12,17,42,7.375,1,1,phishing,1
7133.0,0,0.05619499,0.94380501,73.89937107,0.373493976,46,0.0,6,9,16,4.5,0,0,legitimate,0
4456.0,0,0.955882353,0.044117647,3.370786517,0.1,64,0.0,8,10,18,5.333333333,0,3,phishing,1
5976.0,0,0.066666667,0.933333333,20.0,1.4444444440000002,32,0.0,2,16,24,0.0,0,3,legitimate,0
6381.0,1,0.0,1.0,100.0,0.0,40,0.0,5,7,11,4.5,1,3,phishing,1
158.0,0,0.0,0.0,0.0,0.0,22,0.045454545,2,7,15,0.0,1,3,phishing,1
98.0,0,0.0,1.0,0.0,0.0,82,0.0,11,11,12,5.1,1,3,phishing,1
5968.0,0,0.336734694,0.663265306,0.0,0.03030303,36,0.0,2,19,27,0.0,1,3,legitimate,0
5615.0,1,0.538461538,0.461538462,100.0,0.0,47,0.0,6,9,39,0.0,1,1,phishing,1
5064.0,0,0.201342282,0.798657718,26.66666667,0.066666667,26,0.0,2,9,17,0.0,0,4,legitimate,0
5616.0,2,0.80952381,0.19047619,25.0,0.176470588,66,0.03030303,8,18,35,4.75,1,3,phishing,1
134.0,1,0.471698113,0.528301887,20.0,0.16,107,0.074766355,10,44,17,9.25,1,2,phishing,1
3610.0,3,0.0,0.0,0.0,0.0,64,0.03125,9,9,10,4.875,1,0,phishing,1
155.0,4,0.806451613,0.193548387,0.0,0.0,80,0.0,11,14,18,4.5,1,0,phishing,1
5075.0,0,0.227272727,0.772727273,100.0,0.0,38,0.0,5,6,15,4.0,1,0,phishing,1
1604.0,0,0.222222222,0.7777777779999999,76.92307692,0.0,22,0.0,1,12,15,0.0,1,0,legitimate,0
5075.0,1,0.0,0.0,0.0,0.0,60,0.133333333,8,9,20,4.5,1,3,phishing,1
7447.0,0,0.528985507,0.471014493,16.66666667,0.0,34,0.0,2,11,25,0.0,1,2,legitimate,0
7986.0,0,0.056737589,0.943262411,100.0,0.25,33,0.0,3,11,19,5.0,1,3,legitimate,0
6844.0,0,0.067961165,0.932038835,0.0,0.285714286,35,0.057142857,2,17,27,0.0,1,4,phishing,1
1976.0,0,0.406976744,0.593023256,43.90243902,0.171428571,69,0.0,10,9,14,4.875,0,4,legitimate,0
5634.0,1,0.117647059,0.882352941,50.0,0.142857143,29,0.0,2,13,21,0.0,0,4,legitimate,0
3993.0,0,0.0,1.0,100.0,0.0,126,0.119047619,13,17,50,7.375,1,6,phishing,1
1526.0,0,0.004524887,0.995475113,66.66666667,1.0,26,0.0,2,8,18,0.0,1,3,legitimate,0
4089.0,4,0.0,0.0,0.0,0.0,114,0.096491228,12,13,29,7.666666667,1,5,phishing,1
7131.0,0,0.126373626,0.8736263740000001,54.90196078,0.304347826,40,0.1,5,9,16,4.333333333,1,1,legitimate,0
5075.0,0,0.0,1.0,100.0,0.0,45,0.022222222,5,13,9,6.0,1,0,phishing,1
7618.0,0,0.347368421,0.652631579,84.09090909,0.060606061,100,0.0,12,13,28,5.5,1,1,legitimate,0
8019.0,0,1.0,0.0,0.0,0.0,141,0.028368794,13,34,29,9.2,1,5,phishing,1
5233.0,0,0.0,0.0,0.0,0.0,73,0.315068493,5,32,14,11.75,1,4,phishing,1
101.0,2,0.0,1.0,0.0,0.0,121,0.132231405,12,18,57,6.857142857,1,5,phishing,1
5075.0,0,0.35,0.65,33.33333333,0.0,28,0.0,2,12,19,0.0,1,3,legitimate,0
11049.0,0,0.476923077,0.523076923,14.70588235,0.161290323,62,0.0806451609999999,7,10,14,7.2,0,2,legitimate,0
5595.0,0,0.003322259,0.996677741,93.33333333,0.0,59,0.0,9,8,20,4.333333333,1,3,legitimate,0
7521.0,0,0.12,0.88,14.28571429,0.5,48,0.0,6,8,17,5.0,0,0,legitimate,0
6581.0,0,0.411764706,0.588235294,25.0,0.0,58,0.0,6,10,25,7.0,1,3,legitimate,0
5075.0,0,0.0,1.0,0.0,0.0,54,0.0,6,13,16,6.5,1,4,phishing,1
2874.0,0,0.166666667,0.833333333,94.59459459,0.4166666670000001,40,0.0,4,8,12,5.666666667,0,0,legitimate,0
6070.0,0,0.639889197,0.360110803,50.0,0.073593074,54,0.0,8,7,12,4.666666667,0,3,legitimate,0
3993.0,0,0.0,1.0,100.0,0.0,126,0.150793651,13,17,50,7.375,1,2,phishing,1
3993.0,0,0.0,1.0,100.0,0.0,130,0.138461538,14,17,54,7.375,1,5,phishing,1
933.0,0,0.4166666670000001,0.583333333,75.0,0.0,30,0.0,2,13,21,0.0,1,4,phishing,1
3716.0,2,0.035714286,0.964285714,0.0,0.0,53,0.0,8,8,15,4.0,1,3,phishing,1
2703.0,0,0.0,0.0,0.0,0.0,56,0.0,4,17,21,8.333333332999999,1,1,phishing,1
6923.0,0,0.566666667,0.433333333,66.66666667,0.0,61,0.098360656,8,13,21,4.5,1,5,legitimate,0
1658.0,0,0.975,0.025,0.0,0.076923077,126,0.373015873,12,32,61,8.666666667000001,1,5,phishing,1
304.0,3,0.0,0.0,0.0,0.0,69,0.057971014,8,17,21,4.857142857,1,2,phishing,1
12031.0,0,0.128205128,0.871794872,86.04651163,0.4,50,0.0,6,11,13,6.5,1,0,legitimate,0
5075.0,1,0.409090909,0.590909091,33.33333333,0.0,45,0.0,4,13,24,5.5,1,3,phishing,1
8018.0,0,0.263157895,0.736842105,100.0,0.0,289,0.23183391,28,43,33,8.76,1,8,phishing,1
2110.0,0,1.0,0.0,0.0,0.333333333,45,0.0,6,6,16,4.25,1,1,phishing,1
1016.0,0,0.5,0.5,0.0,0.0,23,0.043478261,2,7,15,0.0,1,3,legitimate,0
467.0,0,0.6,0.4,0.0,0.0,50,0.2,5,13,42,0.0,1,0,phishing,1
5075.0,1,0.117647059,0.882352941,100.0,0.0,464,0.308189655,36,162,14,13.3125,1,14,phishing,1
6124.0,0,0.25,0.75,37.5,0.2,31,0.0,2,14,22,0.0,1,3,legitimate,0
84.0,0,0.142857143,0.857142857,0.0,1.0,106,0.41509434,14,16,29,5.9,1,5,phishing,1
6752.0,0,0.0,0.0,0.0,0.0,84,0.25,3,55,11,31.5,1,2,phishing,1
3993.0,0,0.0,1.0,100.0,0.0,68,0.147058824,6,15,42,8.5,1,2,phishing,1
2840.0,0,0.681818182,0.318181818,100.0,0.0,33,0.0,2,11,24,0.0,1,1,phishing,1
5648.0,0,0.014388489,0.985611511,0.0,0.0,39,0.0,5,8,19,5.5,1,3,legitimate,0
584.0,0,0.007330483,0.992669517,97.26027397,0.5,19,0.0,1,9,12,0.0,1,0,legitimate,0
5075.0,0,0.0,1.0,100.0,0.0,54,0.0,7,11,18,3.833333333,1,0,phishing,1
4821.0,0,0.090909091,0.909090909,25.0,0.666666667,35,0.0,3,12,20,7.0,0,4,legitimate,0
7616.0,0,0.38961039,0.61038961,70.96774194,0.1,46,0.0,5,10,21,5.0,1,0,legitimate,0
5720.0,0,0.225352113,0.774647887,42.10526316,0.1875,67,0.23880597,9,10,18,5.0,1,3,legitimate,0
3562.0,0,0.458333333,0.541666667,100.0,0.0,57,0.0,4,20,28,9.5,0,6,phishing,1
6073.0,0,0.221748401,0.7782515990000001,9.523809524,0.048076923,45,0.0,6,9,23,6.5,1,0,legitimate,0
13.0,0,0.090909091,0.909090909,0.0,0.0,29,0.344827586,2,15,19,2.0,1,0,phishing,1
5075.0,0,0.567741935,0.432258065,76.47058824,0.0,29,0.0,2,9,20,0.0,0,3,legitimate,0
4478.0,0,0.571428571,0.428571429,28.57142857,0.25,59,0.0,9,7,21,5.2,1,5,legitimate,0
5208.0,0,0.307692308,0.692307692,0.0,0.0,30,0.066666667,2,9,22,0.0,0,1,phishing,1
4732.0,0,0.0,0.0,0.0,0.0,21,0.0,2,5,14,0.0,1,0,legitimate,0
7083.0,0,1.0,0.0,0.0,0.0,40,0.0,2,16,32,0.0,1,0,phishing,1
4270.0,0,0.0,0.0,0.0,0.0,41,0.0,3,16,20,5.5,1,1,phishing,1
4609.0,4,0.666666667,0.333333333,0.0,0.0,107,0.0,15,14,21,5.076923077,1,11,phishing,1
5801.0,1,0.133333333,0.8666666670000001,60.0,0.0,62,0.0,8,12,44,4.0,1,1,phishing,1
7133.0,0,0.051612903,0.948387097,69.23076923,0.375,34,0.0,4,9,16,4.0,0,0,legitimate,0
1392.0,0,0.285714286,0.7142857140000001,0.0,0.0,28,0.0,2,11,19,0.0,1,3,legitimate,0
5075.0,0,0.020576132,0.979423868,33.33333333,0.0,32,0.0,2,16,23,0.0,1,3,legitimate,0
8205.0,0,0.296089385,0.703910615,13.95348837,0.0,27,0.0,2,8,18,0.0,1,4,legitimate,0
5616.0,0,0.80952381,0.19047619,25.0,0.176470588,41,0.048780488,5,9,24,9.0,1,1,phishing,1
7534.0,0,0.053191489,0.946808511,80.76923077,0.8,40,0.0,5,7,17,7.0,1,0,legitimate,0
5075.0,1,0.0,0.0,0.0,0.0,55,0.0,6,10,36,5.0,1,1,phishing,1
8161.0,0,0.291666667,0.708333333,20.0,0.428571429,28,0.0,2,12,20,0.0,1,3,legitimate,0
7296.0,0,0.0,0.0,0.0,0.0,79,0.088607595,8,21,29,6.166666667,1,7,legitimate,0
5047.0,0,0.067226891,0.932773109,60.0,0.25,58,0.0,6,14,22,6.25,0,3,legitimate,0
4091.0,0,0.0,1.0,0.0,0.0,152,0.256578947,7,100,18,24.4,1,9,phishing,1
2297.0,0,0.40625,0.59375,46.15384615,0.0,26,0.0,2,9,17,0.0,1,3,legitimate,0
3256.0,1,0.0625,0.9375,0.0,0.25,57,0.01754386,5,14,20,6.25,1,1,phishing,1
5075.0,1,0.0,1.0,100.0,0.0,45,0.0,4,17,28,4.0,1,3,phishing,1
5594.0,0,0.022099448,0.977900552,76.0,0.25,63,0.0,6,14,12,7.8,1,0,legitimate,0
1546.0,0,0.0,0.0,0.0,0.0,65,0.046153846,8,13,31,4.4,1,4,phishing,1
1845.0,0,0.227272727,0.772727273,58.33333333,0.0,30,0.0,2,11,21,0.0,1,3,phishing,1
7585.0,0,0.004524887,0.995475113,95.23809524,0.0,33,0.0,3,14,22,3.0,1,3,legitimate,0
7491.0,0,0.48,0.52,0.0,0.0,35,0.0,2,15,11,15.0,1,2,legitimate,0
5075.0,0,0.06097561,0.93902439,100.0,0.0,32,0.0,2,15,23,0.0,1,3,legitimate,0
6301.0,0,0.7777777779999999,0.222222222,50.0,0.142857143,79,0.0,9,10,13,6.25,1,1,phishing,1
8488.0,0,0.022573363,0.977426637,100.0,0.2,46,0.0,5,11,17,6.333333333,0,3,legitimate,0
1375.0,0,0.0,1.0,100.0,0.0,34,0.205882353,4,7,17,3.0,1,0,phishing,1
8614.0,0,0.050505051,0.949494949,57.14285714,0.0,55,0.0,7,9,17,5.0,1,3,legitimate,0
7295.0,0,0.9375,0.0625,14.28571429,0.8666666670000001,35,0.0,2,15,28,0.0,1,0,phishing,1
5075.0,0,0.225409836,0.774590164,20.0,0.218181818,35,0.0,2,16,27,0.0,1,4,legitimate,0
11.0,0,0.0,1.0,0.0,0.0,70,0.085714286,7,12,35,6.0,1,2,phishing,1
2561.0,0,0.0,0.0,0.0,0.0,67,0.28358209,6,18,40,18.0,1,0,phishing,1
977.0,2,0.0,1.0,0.0,0.0,84,0.142857143,9,15,24,6.142857143,0,3,phishing,1
10572.0,0,0.1692307689999999,0.8307692309999999,37.5,0.545454545,91,0.0,11,9,19,6.222222222,1,1,legitimate,0
7553.0,1,1.0,0.0,0.0,0.0,52,0.0,4,25,29,4.333333333,1,1,phishing,1
5075.0,0,0.0,0.0,0.0,0.0,85,0.364705882,6,50,18,19.0,1,5,phishing,1
3952.0,1,0.031007752,0.968992248,50.0,0.25,59,0.06779661,6,13,21,6.5,1,3,legitimate,0
2521.0,0,0.0,0.0,0.0,0.0,57,0.070175439,6,20,7,7.4,1,0,phishing,1
3993.0,0,0.0,1.0,100.0,0.0,128,0.1953125,13,17,54,8.142857142999999,1,7,phishing,1
4278.0,0,1.0,0.0,0.0,1.0,43,0.0,3,25,7,13.0,1,0,phishing,1
5075.0,0,0.068965517,0.931034483,0.0,0.142857143,29,0.0,2,13,20,0.0,1,4,legitimate,0
5963.0,1,0.0,1.0,0.0,0.0,156,0.1474358969999999,14,75,15,10.0,1,5,phishing,1
5075.0,0,0.0,0.0,0.0,0.0,61,0.081967213,8,9,16,5.333333333,1,0,legitimate,0
7295.0,0,0.928571429,0.071428571,14.28571429,0.846153846,36,0.027777778,2,16,29,0.0,1,2,phishing,1
3992.0,0,0.0,1.0,100.0,0.0,128,0.15625,13,17,50,7.375,1,2,phishing,1
8485.0,0,0.0,0.0,0.0,0.0,64,0.0,10,7,19,5.333333333,1,3,legitimate,0
5075.0,0,0.091463415,0.908536585,91.66666667,0.5,38,0.0,3,15,19,4.0,1,0,legitimate,0
1710.0,0,0.7459016390000001,0.254098361,18.42105263,0.076923077,61,0.393442623,4,32,12,12.66666667,1,3,phishing,1
7777.0,0,0.005769231,0.994230769,88.0,0.0,49,0.0,6,7,20,6.0,1,3,legitimate,0
5813.0,0,0.646341463,0.353658537,4.255319149,0.773584906,67,0.104477612,9,14,18,4.25,1,2,phishing,1
1458.0,0,0.615384615,0.384615385,33.33333333,0.0625,40,0.0,2,23,31,0.0,1,3,legitimate,0
3993.0,0,0.0,1.0,100.0,0.0,125,0.136,12,17,50,8.142857142999999,1,4,phishing,1
1825.0,0,0.096947935,0.903052065,82.14285714,0.018518519,22,0.0,2,6,13,0.0,0,3,legitimate,0
7791.0,0,0.75,0.25,60.0,0.0,117,0.051282051,17,11,19,5.0,0,3,legitimate,0
4325.0,4,0.086956522,0.913043478,25.0,0.25,133,0.037593985,14,15,23,7.5,1,8,phishing,1
3674.0,4,0.0,0.0,0.0,0.0,133,0.0,14,15,27,7.25,0,3,phishing,1
5075.0,0,0.0,1.0,100.0,0.0,39,0.282051282,10,12,14,4.5,1,2,phishing,1
5075.0,0,0.05,0.95,100.0,0.0,50,0.0,6,9,15,5.75,1,5,legitimate,0
837.0,1,0.083333333,0.916666667,100.0,0.0,114,0.00877193,14,29,37,4.75,1,5,phishing,1
5075.0,1,0.0,0.0,0.0,0.0,63,0.063492063,9,11,19,4.285714286,1,4,legitimate,0
5075.0,0,0.0,0.0,0.0,0.0,76,0.026315789,10,9,14,5.75,1,4,phishing,1
1813.0,0,0.288372093,0.711627907,37.5,0.032258065,31,0.032258065,2,14,22,0.0,1,3,legitimate,0
7295.0,0,0.928571429,0.071428571,14.28571429,0.230769231,30,0.0,2,9,22,0.0,1,0,phishing,1
7185.0,0,0.015384615,0.984615385,100.0,0.0,36,0.0,3,10,13,6.5,1,0,legitimate,0
5075.0,0,0.0,1.0,100.0,0.0,91,0.0,11,14,21,5.2,1,1,phishing,1
484.0,2,0.0,1.0,100.0,0.0,67,0.059701493,9,11,18,5.0,1,4,phishing,1
7296.0,0,0.752293578,0.247706422,26.86567164,0.414634146,40,0.0,2,19,32,0.0,1,1,legitimate,0
3800.0,0,0.666666667,0.333333333,0.0,0.0,43,0.0,5,10,18,4.666666667,1,3,legitimate,0
535.0,0,0.0,0.0,0.0,0.0,81,0.209876543,6,32,19,12.5,1,6,phishing,1
5058.0,0,0.227272727,0.772727273,0.0,0.0,121,0.231404959,8,23,24,13.83333333,1,4,phishing,1
6435.0,0,0.7173913040000001,0.282608696,20.83333333,0.060606061,17,0.058823529,1,5,9,0.0,1,0,legitimate,0
5075.0,0,0.576923077,0.423076923,0.0,0.4,22,0.0,1,11,14,0.0,1,1,phishing,1
2507.0,4,0.125,0.875,0.0,0.5,66,0.0,10,9,12,4.875,1,1,phishing,1
7986.0,1,0.666666667,0.333333333,0.0,0.0,39,0.0,5,6,15,4.333333333,1,1,phishing,1
8153.0,0,0.347826087,0.6521739129999999,50.0,0.25,24,0.0,2,7,15,0.0,1,3,legitimate,0
5075.0,3,0.0,1.0,100.0,0.0,56,0.0,6,14,15,7.5,0,4,phishing,1
5460.0,0,0.0,0.0,0.0,0.0,35,0.0,3,10,14,5.5,1,0,phishing,1
7617.0,0,0.393258427,0.606741573,74.35897436,0.028571429,86,0.0,7,22,37,7.4,1,0,legitimate,0
1015.0,0,0.0,1.0,100.0,0.0,26,0.0,2,7,11,7.0,1,11,phishing,1
2676.0,1,0.676829268,0.323170732,19.76744186,0.585585586,57,0.0,7,13,21,4.8,1,5,phishing,1
7827.0,0,0.513513514,0.486486486,16.66666667,0.013157895,25,0.0,3,5,13,2.0,0,3,legitimate,0
5075.0,0,0.052631579,0.947368421,0.0,0.0,21,0.0,2,7,14,0.0,0,3,legitimate,0
5075.0,0,0.163636364,0.836363636,12.5,0.444444444,34,0.0,3,11,25,0.0,1,3,legitimate,0
5075.0,1,0.516129032,0.483870968,0.0,0.4375,155,0.4,14,17,14,10.08333333,1,41,phishing,1
8130.0,0,0.7215189870000001,0.278481013,40.0,0.01754386,46,0.0,3,14,18,9.0,1,0,legitimate,0
5075.0,0,0.72972973,0.27027027,47.61904762,0.259259259,23,0.0,3,3,15,0.0,0,3,legitimate,0
8756.0,0,0.047619048,0.952380952,71.42857143,0.0,52,0.0,6,10,17,6.0,0,6,legitimate,0
5075.0,5,0.19047619,0.80952381,84.61538462,0.125,76,0.0,10,13,16,4.888888889,1,1,phishing,1
5613.0,0,0.0,0.0,0.0,0.0,79,0.291139241,9,32,60,2.333333333,1,2,phishing,1
7311.0,0,0.02484472,0.97515528,20.0,0.0,49,0.0,7,7,14,4.4,0,3,legitimate,0
5075.0,1,0.63803681,0.36196319,9.473684211,0.230769231,58,0.0,8,7,10,4.571428571,1,1,phishing,1
5075.0,1,0.272727273,0.727272727,0.0,0.5,54,0.111111111,9,7,9,3.75,1,0,phishing,1
1669.0,0,0.411764706,0.588235294,100.0,0.095238095,127,0.299212598,12,32,61,8.666666667000001,1,7,phishing,1
2931.0,0,0.0,0.0,0.0,0.0,58,0.0,6,14,18,5.4,1,0,phishing,1
1532.0,1,0.732919255,0.267080745,0.0,0.059322034,52,0.057692308,4,13,44,0.0,1,4,phishing,1
6129.0,0,0.019607843,0.980392157,50.0,1.0,24,0.0,2,8,15,0.0,0,3,legitimate,0
6777.0,0,0.111111111,0.8888888890000001,47.82608696,0.25,81,0.0,8,12,20,7.666666667,1,4,legitimate,0
6856.0,1,0.0,1.0,100.0,0.0,177,0.242937853,18,30,21,8.1875,1,6,phishing,1
5075.0,0,0.914634146,0.085365854,41.66666667,0.0,21,0.095238095,2,7,6,7.0,0,0,phishing,1
7296.0,0,0.941176471,0.058823529,0.0,0.0625,49,0.020408163,7,8,36,1.0,1,1,phishing,1
8146.0,0,0.359281437,0.640718563,84.61538462,0.133333333,52,0.0,7,10,17,4.6,0,4,legitimate,0
2769.0,0,0.0,0.0,0.0,0.0,23,0.0,2,8,12,2.0,1,2,phishing,1
7298.0,0,0.8028169009999999,0.197183099,22.72727273,0.1578947369999999,35,0.0,2,14,27,0.0,1,2,legitimate,0
7615.0,0,0.360294118,0.639705882,86.11111111,0.020408163,82,0.0,6,19,34,9.25,1,0,legitimate,0
5615.0,2,0.80952381,0.19047619,25.0,0.176470588,63,0.047619048,9,10,33,4.75,1,2,phishing,1
5075.0,1,0.0,1.0,0.0,0.0,91,0.296703297,16,25,14,6.083333333,1,4,phishing,1
6179.0,0,0.041666667,0.958333333,75.0,0.142857143,49,0.0,5,12,20,6.333333333,1,5,legitimate,0
5075.0,0,0.239543726,0.760456274,44.44444444,0.047619048,23,0.0,2,7,14,0.0,0,3,legitimate,0
325.0,0,0.965517241,0.034482759,2.43902439,0.119047619,41,0.0,4,12,16,4.666666667,1,1,phishing,1
7287.0,0,0.0,0.0,0.0,0.0,19,0.0,2,5,8,2.0,1,1,phishing,1
9637.0,1,0.314814815,0.685185185,8.333333332999999,0.1529411759999999,49,0.081632653,6,8,12,6.0,0,4,legitimate,0
5075.0,0,0.035714286,0.964285714,0.0,0.0,25,0.16,2,7,9,7.0,1,0,phishing,1
8347.0,1,0.56,0.44,0.0,0.0,113,0.07079646,10,56,15,10.25,1,2,phishing,1
7535.0,0,0.097560976,0.902439024,20.0,0.25,92,0.086956522,12,14,22,5.2,0,3,legitimate,0
5161.0,0,1.0,0.0,0.0,0.666666667,35,0.0,3,11,22,1.0,0,0,legitimate,0
7130.0,0,0.061403509,0.938596491,57.57575758,0.285714286,45,0.0,5,9,16,6.0,0,0,legitimate,0
5075.0,0,0.285714286,0.7142857140000001,4.761904762,0.95,69,0.0144927539999999,11,8,23,4.428571429,1,3,legitimate,0
3829.0,0,0.5555555560000001,0.444444444,42.85714286,0.3,41,0.073170732,3,17,21,5.5,1,1,legitimate,0
4003.0,0,0.0,1.0,100.0,0.0,126,0.134920635,13,17,50,7.375,1,2,phishing,1
553.0,1,0.0,0.0,0.0,0.0,52,0.0,6,13,19,4.2,1,0,phishing,1
5063.0,0,0.8857142859999999,0.114285714,25.0,0.032258065,41,0.0,2,24,32,0.0,1,3,legitimate,0
7391.0,0,0.0,0.0,0.0,0.0,37,0.0,4,8,16,5.5,0,0,phishing,1
6011.0,0,0.063260341,0.936739659,91.66666667,0.0,47,0.0,5,11,12,8.0,0,3,legitimate,0
5075.0,0,0.396226415,0.603773585,11.11111111,0.238095238,26,0.0,3,8,10,8.0,1,0,legitimate,0
2532.0,1,0.0,1.0,100.0,0.0,45,0.0,3,12,36,0.0,1,0,phishing,1
9286.0,0,0.741176471,0.258823529,6.315789474,0.642857143,58,0.0,8,10,15,4.833333333,1,4,legitimate,0
5075.0,0,0.277777778,0.7222222220000001,10.0,0.2,18,0.0,2,3,9,0.0,1,3,legitimate,0
8618.0,0,0.16,0.84,100.0,0.25,97,0.0,14,13,15,5.166666667,0,7,legitimate,0
7134.0,0,0.037037037,0.962962963,50.0,0.571428571,43,0.0,5,9,16,5.333333333,0,0,legitimate,0
4609.0,4,0.666666667,0.333333333,0.0,0.0,109,0.0,14,14,17,5.076923077,1,8,phishing,1
3466.0,0,0.034883721,0.965116279,75.0,0.333333333,25,0.0,3,6,9,3.0,0,0,phishing,1
4198.0,0,0.03125,0.96875,50.0,0.25,51,0.0,5,16,17,7.666666667,0,3,legitimate,0
7253.0,0,1.0,0.0,0.0,0.583333333,21,0.0,2,6,13,0.0,1,0,phishing,1
4860.0,1,0.295843521,0.7041564790000001,92.95154185,0.099173554,66,0.045454545,8,12,20,5.333333333,1,5,legitimate,0
1290.0,0,0.114285714,0.8857142859999999,0.0,0.25,64,0.0,6,17,27,6.0,1,5,legitimate,0
3038.0,0,0.7777777779999999,0.222222222,0.0,0.047619048,26,0.0,2,9,17,0.0,0,3,legitimate,0
3830.0,0,0.833333333,0.166666667,40.0,0.4,31,0.0,2,14,22,0.0,0,3,legitimate,0
6317.0,0,0.055155875,0.944844125,23.07692308,0.173913043,68,0.073529412,8,10,18,6.0,0,6,legitimate,0
5634.0,0,0.0,1.0,100.0,0.0,108,0.092592593,11,15,45,8.333333332999999,0,0,legitimate,0
5636.0,0,0.146341463,0.853658537,0.0,0.0,263,0.178707224,28,50,15,8.230769231,0,11,phishing,1
8933.0,0,0.12987013,0.87012987,36.36363636,0.5,40,0.025,3,15,16,15.0,1,3,legitimate,0
4608.0,4,0.666666667,0.333333333,0.0,0.0,100,0.0,13,14,21,5.545454545,1,5,phishing,1
7753.0,0,0.036923077,0.963076923,64.70588235,0.0,25,0.0,2,8,16,0.0,0,3,legitimate,0
1514.0,0,0.076923077,0.923076923,0.0,0.0,34,0.0,4,12,21,2.0,1,1,phishing,1
1905.0,0,0.173076923,0.826923077,4.545454545,0.111111111,19,0.0,2,3,11,0.0,0,3,legitimate,0
7134.0,0,0.0875,0.9125,52.27272727,0.523809524,49,0.0,5,12,16,7.333333333,0,0,legitimate,0
6855.0,0,0.582089552,0.417910448,7.407407407000001,0.256410256,48,0.0,5,11,24,7.5,1,3,legitimate,0
8346.0,1,0.677419355,0.322580645,0.0,0.0,113,0.079646018,10,56,15,10.25,1,1,phishing,1
5075.0,0,0.126482213,0.873517787,9.090909091,0.3125,29,0.0,2,13,20,0.0,1,5,legitimate,0
6950.0,1,0.0,0.0,0.0,0.0,96,0.0,12,13,16,6.2,1,5,phishing,1
1338.0,0,0.0,1.0,0.0,0.0,44,0.090909091,4,11,24,5.0,0,0,phishing,1
7921.0,0,0.1875,0.8125,0.0,0.0,26,0.0,2,11,19,0.0,0,3,legitimate,0
2254.0,0,0.0,0.0,0.0,0.0,35,0.057142857,4,9,24,1.0,1,1,phishing,1
8354.0,0,0.0,0.0,0.0,0.0,33,0.0,4,6,10,4.333333333,1,0,phishing,1
5075.0,2,0.158730159,0.8412698409999999,14.28571429,0.7,65,0.0,8,9,16,5.833333333,1,4,phishing,1
5075.0,2,0.02173913,0.97826087,33.33333333,0.0,57,0.192982456,11,17,14,6.142857143,1,2,phishing,1
1759.0,0,0.333333333,0.666666667,92.10526316,0.4,23,0.0,1,13,16,0.0,1,0,legitimate,0
2206.0,0,0.313953488,0.686046512,37.5,0.037037037,35,0.0,2,18,26,0.0,1,4,legitimate,0
4138.0,0,0.666666667,0.333333333,0.0,0.0,20,0.0,2,6,13,0.0,1,4,phishing,1
6841.0,0,0.009661836,0.990338164,50.0,1.5,56,0.0,6,13,21,5.75,0,3,legitimate,0
8543.0,1,0.222222222,0.7777777779999999,0.0,0.227272727,101,0.04950495,14,9,21,5.363636364,1,3,legitimate,0
5963.0,1,0.0,1.0,0.0,0.0,156,0.16025641,14,75,15,10.0,1,7,phishing,1
6134.0,0,0.2,0.8,50.0,0.058823529,49,0.0,8,8,16,3.333333333,1,4,legitimate,0
7253.0,0,0.875,0.125,0.0,0.642857143,35,0.0,3,11,16,11.0,1,0,phishing,1
5639.0,0,0.5,0.5,14.28571429,0.7857142859999999,56,0.0,6,12,15,7.5,1,3,legitimate,0
1824.0,2,0.0,1.0,0.0,0.0,46,0.02173913,4,18,22,4.0,1,0,phishing,1
4671.0,0,0.256756757,0.743243243,72.22222222,0.175438596,44,0.0,3,12,10,12.0,0,0,legitimate,0
4923.0,1,0.666666667,0.333333333,13.04347826,0.064516129,103,0.233009709,10,38,13,9.25,1,6,phishing,1
5075.0,0,0.05,0.95,85.71428571,0.0,24,0.0,2,8,15,0.0,0,3,legitimate,0
5075.0,0,0.239316239,0.7606837609999999,50.0,0.035714286,31,0.0,2,12,22,0.0,1,3,legitimate,0
4202.0,0,0.217391304,0.7826086959999999,100.0,0.0,39,0.0,4,8,32,0.0,1,4,phishing,1
8414.0,0,0.092819615,0.907180385,22.0,0.056603774,32,0.0,3,8,16,7.0,0,4,legitimate,0
5075.0,0,0.170212766,0.8297872340000001,100.0,0.0,22,0.0,2,5,14,0.0,1,0,phishing,1
5515.0,0,0.0,0.0,0.0,0.0,35,0.0,5,6,13,4.0,1,3,legitimate,0
125.0,1,0.375,0.625,100.0,0.0,169,0.023668639,21,15,10,6.894736842,0,6,phishing,1
1868.0,0,0.0,0.0,0.0,0.0,46,0.02173913,4,15,19,5.666666667,1,2,phishing,1
2403.0,0,0.0,1.0,0.0,0.0,74,0.0,10,9,16,5.125,1,5,phishing,1
5075.0,0,0.0,0.0,0.0,0.0,159,0.125786164,32,13,13,3.566666667,1,2,legitimate,0
5627.0,1,0.818181818,0.181818182,25.0,0.277777778,73,0.04109589,9,17,40,7.666666667,1,3,phishing,1
7615.0,0,0.363636364,0.636363636,86.11111111,0.03125,68,0.0,5,23,38,6.666666667,1,1,legitimate,0
2941.0,0,0.0,1.0,0.0,0.0,73,0.0,7,21,29,6.4,1,5,phishing,1
2641.0,0,1.0,0.0,0.0,0.266666667,42,0.0,5,9,34,0.0,1,0,phishing,1
4801.0,0,0.152542373,0.847457627,0.0,0.277777778,44,0.0,2,28,36,0.0,1,3,legitimate,0
6750.0,0,0.0,0.0,0.0,0.0,123,0.138211382,16,12,17,6.0,1,4,legitimate,0
8346.0,0,0.2,0.8,27.27272727,0.5,41,0.0,5,7,18,3.666666667,0,2,legitimate,0
4322.0,0,0.0,1.0,0.0,0.0,47,0.0,3,16,20,9.0,1,0,phishing,1
5756.0,0,0.033333333,0.966666667,100.0,0.0,77,0.25974026,4,32,23,14.66666667,1,4,phishing,1
4382.0,1,0.076923077,0.923076923,0.0,0.0,37,0.0,4,9,19,4.5,1,0,phishing,1
8020.0,0,0.230769231,0.7692307690000001,63.63636364,0.333333333,76,0.105263158,13,13,17,3.25,0,0,legitimate,0
8043.0,0,0.142857143,0.857142857,40.0,0.0,50,0.0,6,12,20,4.5,1,3,legitimate,0
3689.0,1,0.0,1.0,100.0,0.0,43,0.0,6,10,12,5.0,1,3,phishing,1
3076.0,0,0.0,0.0,0.0,0.0,31,0.129032258,4,5,8,4.0,1,2,phishing,1
4911.0,0,0.518072289,0.481927711,37.5,0.0,31,0.0,2,15,23,0.0,0,3,legitimate,0
7869.0,1,0.274590164,0.725409836,8.510638298,0.179104478,51,0.0,5,11,19,7.333333333,1,4,legitimate,0
5626.0,0,0.818181818,0.181818182,25.0,0.277777778,62,0.112903226,7,17,29,7.666666667,1,2,phishing,1
5075.0,0,0.029166667,0.970833333,80.0,0.571428571,20,0.0,2,4,11,0.0,0,3,legitimate,0
3993.0,0,0.0,1.0,100.0,0.0,128,0.203125,13,17,50,7.375,1,10,phishing,1
5075.0,0,0.0,1.0,100.0,0.0,62,0.290322581,4,32,10,14.0,1,6,phishing,1
2304.0,0,0.481481481,0.518518519,80.95238095,0.076923077,35,0.0,2,17,26,0.0,1,4,legitimate,0
5707.0,0,0.01369863,0.98630137,0.0,1.0,37,0.0,4,9,16,6.0,1,1,phishing,1
5075.0,2,0.0,0.0,0.0,0.0,47,0.063829787,6,10,15,5.25,1,3,phishing,1
8546.0,0,0.01754386,0.98245614,100.0,0.0,53,0.0,7,9,16,5.0,1,3,legitimate,0
11317.0,0,0.0,0.0,0.0,0.0,72,0.138888889,11,9,14,5.375,1,4,legitimate,0
5075.0,0,0.53125,0.46875,0.0,0.235294118,126,0.253968254,11,32,31,8.777777777999999,1,4,phishing,1
7339.0,0,0.023255814,0.976744186,0.0,0.0,73,0.0,8,10,15,7.333333333,1,3,legitimate,0
2100.0,0,0.0,0.0,0.0,0.0,50,0.08,5,16,16,7.666666667,1,6,phishing,1
5075.0,0,0.085106383,0.914893617,0.0,0.5,22,0.0,1,10,15,0.0,1,0,legitimate,0
7925.0,0,0.465116279,0.534883721,21.42857143,0.0625,63,0.365079365,10,8,16,3.875,1,4,legitimate,0
8346.0,0,0.103174603,0.8968253970000001,11.11111111,0.384615385,71,0.0,10,15,15,5.0,0,2,legitimate,0
11566.0,0,0.086538462,0.913461538,83.33333333,0.333333333,87,0.137931034,12,9,21,5.555555556,0,12,legitimate,0
1953.0,0,0.875,0.125,0.0,0.0,42,0.214285714,4,10,23,10.0,1,1,phishing,1
8675.0,0,0.05952381,0.94047619,20.0,0.75,21,0.0,2,3,13,0.0,0,4,legitimate,0
1825.0,0,0.625,0.375,100.0,0.0,38,0.0,2,14,18,10.0,1,0,phishing,1
3992.0,0,0.0,1.0,100.0,0.0,125,0.176,12,17,50,8.142857142999999,1,6,phishing,1
7588.0,0,0.0,1.0,100.0,0.0,48,0.041666667,4,21,29,5.0,1,3,legitimate,0
1547.0,1,0.727272727,0.272727273,4.347826087,0.125,52,0.057692308,5,13,35,4.0,1,5,phishing,1
1856.0,0,0.0,0.0,0.0,0.0,62,0.0,7,19,27,4.6,1,0,phishing,1
3104.0,0,0.071428571,0.928571429,100.0,0.0,79,0.050632911,12,12,23,4.222222222,1,6,legitimate,0
5887.0,0,0.071428571,0.928571429,89.41798942,0.476190476,61,0.0,8,9,15,5.5,1,3,legitimate,0
3993.0,0,0.0,1.0,100.0,0.0,118,0.152542373,12,17,42,7.375,1,2,phishing,1
6495.0,0,0.2,0.8,20.0,0.0,58,0.0,7,9,14,6.4,0,5,legitimate,0
2035.0,0,0.0,0.0,0.0,0.0,38,0.0,2,20,24,4.0,1,2,phishing,1
5075.0,0,0.0,0.0,0.0,0.0,52,0.0,7,9,16,4.8,1,1,legitimate,0
7011.0,0,0.067961165,0.932038835,0.0,0.285714286,38,0.0,5,8,30,0.0,1,1,phishing,1
5913.0,0,0.421052632,0.578947368,75.0,0.1875,52,0.0,7,8,16,6.25,1,4,legitimate,0
837.0,0,0.0,0.0,0.0,0.0,49,0.0,6,9,11,5.2,1,0,legitimate,0
8831.0,0,0.149253731,0.850746269,20.0,0.0,47,0.0,7,7,15,4.0,0,3,legitimate,0
10.0,0,0.0,0.0,0.0,0.0,43,0.0,7,6,12,3.6,1,1,phishing,1
5075.0,2,0.452380952,0.5476190479999999,78.57142857,0.052631579,75,0.08,9,12,16,5.25,1,1,legitimate,0
978.0,1,0.0,1.0,0.0,0.0,611,0.116202946,8,507,21,115.4,1,19,phishing,1
7866.0,0,0.729166667,0.270833333,12.5,0.028571429,25,0.0,2,9,16,0.0,0,3,legitimate,0
3291.0,0,0.333333333,0.666666667,12.5,0.024390244,28,0.0,2,11,19,0.0,1,3,legitimate,0
1194.0,2,0.181818182,0.818181818,100.0,0.0,72,0.013888889,9,17,16,6.0,1,1,phishing,1
5075.0,2,0.142857143,0.857142857,0.0,1.0,50,0.0,6,15,17,7.666666667,1,4,phishing,1
6438.0,0,0.136460554,0.863539446,82.05128205,0.0625,67,0.089552239,9,9,17,5.0,1,6,legitimate,0
4014.0,0,0.318181818,0.681818182,0.0,0.285714286,29,0.0,2,13,21,0.0,1,4,legitimate,0
6339.0,0,0.1328125,0.8671875,36.84210526,0.235294118,75,0.0,11,11,16,4.555555556,0,4,legitimate,0
1341.0,0,0.40625,0.59375,20.0,0.230769231,42,0.023809524,4,10,14,5.666666667,1,2,phishing,1
5075.0,4,0.0,1.0,100.0,0.0,88,0.159090909,12,15,22,4.8,1,0,phishing,1
5231.0,0,0.03125,0.96875,100.0,0.0,40,0.0,2,20,31,0.0,1,1,legitimate,0
7134.0,0,0.046979866,0.953020134,56.25,0.428571429,48,0.0,6,9,16,5.0,1,1,legitimate,0
2781.0,2,0.0,0.0,0.0,0.0,41,0.0,5,15,18,3.0,1,0,phishing,1
8288.0,1,0.666666667,0.333333333,0.0,0.666666667,232,0.379310345,15,64,13,15.30769231,1,10,phishing,1
7157.0,0,0.05483871,0.94516129,79.6875,0.529411765,42,0.119047619,6,8,14,4.25,1,0,legitimate,0
3992.0,0,0.0,1.0,100.0,0.0,115,0.208695652,11,17,42,8.142857142999999,1,1,phishing,1
2433.0,0,0.65625,0.34375,77.77777778,0.047619048,40,0.0,4,19,27,2.0,1,0,phishing,1
1052.0,0,0.0,1.0,0.0,0.0,32,0.0,3,8,24,0.0,1,0,phishing,1
5075.0,2,0.6,0.4,0.0,0.666666667,38,0.0,5,6,13,5.0,1,4,phishing,1
3993.0,0,0.0,1.0,100.0,0.0,127,0.141732283,13,17,50,7.375,1,6,phishing,1
896.0,1,0.545454545,0.454545455,0.0,0.166666667,39,0.0,5,6,18,5.0,1,3,phishing,1
7558.0,0,0.172297297,0.8277027029999999,75.0,0.490196078,55,0.090909091,5,11,19,8.0,0,4,legitimate,0
7530.0,0,0.046153846,0.953846154,50.0,0.666666667,105,0.0,8,20,28,10.5,1,3,legitimate,0
5075.0,2,1.0,0.0,0.0,0.0,129,0.124031008,19,21,6,5.388888889,1,6,phishing,1
1609.0,0,0.0,1.0,100.0,0.0,46,0.02173913,7,9,17,3.4,1,5,phishing,1
5075.0,0,0.090909091,0.909090909,0.0,0.0,98,0.010204082,15,12,22,4.076923077,1,1,phishing,1
5075.0,0,0.25,0.75,100.0,0.0,38,0.0,5,10,17,3.666666667,0,3,legitimate,0
5186.0,0,0.0,1.0,100.0,0.0,89,0.056179775,10,30,15,7.125,0,3,phishing,1
5075.0,2,0.333333333,0.666666667,0.0,0.25,72,0.0,8,24,31,3.714285714,1,1,phishing,1
3992.0,0,0.0,1.0,100.0,0.0,124,0.225806452,13,17,46,7.375,1,6,phishing,1
5159.0,0,0.0,0.0,0.0,0.0,46,0.0,5,7,37,0.0,1,1,phishing,1
2.0,0,0.086956522,0.913043478,46.15384615,0.625,30,0.0,1,19,23,0.0,1,1,phishing,1
3993.0,0,0.0,1.0,100.0,0.0,127,0.118110236,13,17,50,7.375,1,4,phishing,1
2837.0,0,0.0,0.0,0.0,0.0,34,0.0,3,11,25,0.0,1,1,phishing,1
8349.0,2,0.517241379,0.482758621,11.11111111,0.0,45,0.0,4,14,16,9.0,1,1,phishing,1
1408.0,0,0.392523364,0.607476636,14.28571429,0.261904762,25,0.0,2,7,17,0.0,1,4,legitimate,0
5075.0,0,0.0,1.0,0.0,0.0,20,0.0,2,5,12,0.0,0,4,phishing,1
9754.0,0,0.142857143,0.857142857,36.36363636,0.285714286,25,0.0,3,4,12,4.0,0,3,legitimate,0
6257.0,0,0.043831169,0.956168831,55.17241379,0.37037037,40,0.0,3,17,25,7.0,1,5,legitimate,0
4447.0,0,0.219512195,0.780487805,0.0,0.111111111,84,0.0,11,12,9,5.7,1,0,legitimate,0
4915.0,0,0.104166667,0.895833333,66.66666667,0.0,70,0.0,8,10,14,7.166666667,0,6,legitimate,0
4934.0,0,0.0,0.0,0.0,0.0,32,0.0,2,12,16,7.0,1,1,phishing,1
797.0,0,0.0,0.0,0.0,0.0,33,0.0,2,15,24,0.0,1,0,phishing,1
5075.0,0,0.0,0.0,0.0,0.0,133,0.233082707,15,14,18,7.230769231,1,5,legitimate,0
5075.0,0,0.010810811,0.989189189,0.0,0.0,16,0.0,1,6,9,0.0,0,0,legitimate,0
4913.0,0,0.019417476,0.980582524,95.23809524,0.5,29,0.0,1,16,22,0.0,1,0,legitimate,0
5075.0,0,1.0,0.0,0.0,0.0,22,0.0,2,6,7,6.0,1,0,phishing,1
4308.0,1,0.943925234,0.056074766,15.2173913,0.198019802,84,0.0,11,13,21,5.1111111110000005,1,5,legitimate,0
3567.0,0,0.0,1.0,100.0,0.0,41,0.0,6,6,10,3.2,1,0,phishing,1
7677.0,0,0.377192982,0.6228070179999999,0.0,0.0,44,0.0,4,12,18,8.0,0,2,legitimate,0
8346.0,1,1.0,0.0,0.0,0.0,99,0.111111111,7,56,15,14.2,0,4,phishing,1
5075.0,4,0.5,0.5,0.0,0.0,219,0.388127854,14,64,12,14.30769231,1,13,phishing,1
3821.0,0,0.288888889,0.7111111109999999,100.0,0.0,24,0.0,2,7,15,0.0,0,3,legitimate,0
462.0,0,0.357142857,0.642857143,75.0,0.0,48,0.0625,3,22,18,22.0,1,3,phishing,1
4884.0,0,0.040229885,0.959770115,50.0,0.0,21,0.0,2,6,13,0.0,1,3,legitimate,0
2380.0,0,0.428571429,0.571428571,100.0,1.0,51,0.0,6,12,21,4.5,1,0,legitimate,0
8517.0,0,0.605263158,0.394736842,100.0,0.0,39,0.0,3,14,16,14.0,0,4,legitimate,0
8348.0,2,1.0,0.0,0.0,0.0,42,0.0,4,11,16,7.5,0,3,phishing,1
6.0,0,0.387096774,0.612903226,0.0,0.0,31,0.0,3,8,12,4.0,1,0,phishing,1
3993.0,0,0.0,1.0,100.0,0.0,76,0.1710526319999999,7,15,50,8.5,1,3,phishing,1
3993.0,0,0.0,1.0,100.0,0.0,123,0.146341463,13,17,46,7.375,1,4,phishing,1
9638.0,0,0.55483871,0.44516129,35.0,0.093023256,46,0.02173913,7,8,17,3.2,0,0,legitimate,0
7155.0,0,0.112195122,0.887804878,77.64705882,0.739130435,42,0.119047619,6,8,14,4.25,1,0,legitimate,0
5615.0,2,0.80952381,0.19047619,25.0,0.176470588,68,0.088235294,11,7,37,3.8,1,1,phishing,1
2570.0,0,0.918367347,0.081632653,66.66666667,0.6740740740000001,23,0.0,1,8,14,0.0,0,1,legitimate,0
7206.0,0,0.351851852,0.648148148,100.0,0.0,20,0.0,2,4,12,0.0,1,3,legitimate,0
5075.0,0,0.048780488,0.951219512,66.66666667,0.5,29,0.068965517,2,11,15,5.0,1,1,phishing,1
9040.0,0,0.052631579,0.947368421,23.07692308,0.0,20,0.0,2,3,11,0.0,0,3,legitimate,0
5397.0,0,0.27027027,0.72972973,40.0,0.1,80,0.0,10,20,28,4.625,1,5,legitimate,0
1547.0,0,0.0,0.0,0.0,0.0,66,0.060606061,6,13,19,6.8,1,0,phishing,1
5075.0,0,0.196428571,0.8035714290000001,83.33333333,0.181818182,42,0.047619048,6,9,9,5.5,0,2,legitimate,0
1871.0,0,0.129032258,0.870967742,100.0,0.0,85,0.0,12,10,26,4.555555556,1,1,phishing,1
7741.0,1,0.0,0.0,0.0,0.0,48,0.0,6,7,15,5.25,1,3,phishing,1
5075.0,0,0.1,0.9,100.0,0.0,46,0.0,6,10,8,5.2,0,0,phishing,1
8347.0,1,1.0,0.0,0.0,0.0,82,0.085365854,8,33,16,8.666666667000001,0,3,phishing,1
7618.0,0,0.38961039,0.61038961,81.48148148,0.033333333,66,0.0,8,13,28,4.166666667,1,1,legitimate,0
1984.0,0,0.1472868219999999,0.852713178,57.14285714,0.0,24,0.0,1,14,17,0.0,1,0,legitimate,0
7133.0,0,0.093425606,0.906574394,64.0,0.5555555560000001,47,0.085106383,6,10,18,6.0,0,1,legitimate,0
5509.0,0,0.042553191,0.957446809,20.0,0.75,63,0.0,7,13,21,5.8,0,4,legitimate,0
2101.0,0,0.0,1.0,100.0,0.0,58,0.0,6,15,25,5.0,1,7,phishing,1
1016.0,0,0.967741935,0.032258065,0.0,0.1,104,0.221153846,9,32,28,12.8,0,3,phishing,1
8340.0,0,0.121212121,0.8787878790000001,46.15384615,0.583333333,24,0.0,2,7,15,0.0,1,3,legitimate,0
5075.0,0,0.035714286,0.964285714,0.0,0.0,30,0.0,2,9,16,4.0,1,0,phishing,1
4763.0,0,0.5,0.5,40.0,0.25,84,0.0,10,9,32,6.5,1,4,legitimate,0
5075.0,0,0.051282051,0.948717949,75.0,0.0,46,0.0,7,6,14,4.0,0,5,legitimate,0
5075.0,0,0.0,0.0,0.0,0.0,32,0.0,2,14,17,7.0,1,1,phishing,1
118.0,0,0.0,0.0,0.0,0.0,48,0.0,6,9,41,0.0,1,0,phishing,1
7618.0,0,0.421052632,0.578947368,64.28571429,0.0625,70,0.0,5,21,36,8.0,1,1,legitimate,0
7449.0,0,0.381443299,0.618556701,0.0,0.054054054,104,0.115384615,12,17,31,5.4,1,2,legitimate,0
7453.0,0,0.040712468,0.959287532,50.0,0.125,32,0.0,2,15,23,0.0,1,3,legitimate,0
11021.0,0,0.013262599,0.986737401,91.80327869,0.2,92,0.0,12,13,16,5.9,0,3,legitimate,0
5075.0,0,0.25,0.75,0.0,1.0,57,0.192982456,5,18,25,5.0,1,3,phishing,1
5371.0,0,0.297297297,0.7027027029999999,5.263157895,0.318181818,89,0.134831461,12,8,15,5.5,0,5,legitimate,0
3787.0,0,0.452380952,0.5476190479999999,45.83333333,0.052631579,28,0.0,2,12,20,0.0,1,4,legitimate,0
1407.0,1,0.333333333,0.666666667,0.0,0.0,45,0.0,5,15,19,3.5,1,1,phishing,1
3828.0,0,0.5555555560000001,0.444444444,42.85714286,0.3,52,0.076923077,3,18,21,11.0,1,2,legitimate,0
5075.0,3,0.84,0.16,30.76923077,0.428571429,206,0.174757282,28,22,12,7.333333333,1,4,phishing,1
254.0,3,0.048387097,0.951612903,88.0,0.0,96,0.208333333,9,32,14,8.375,1,0,phishing,1
2375.0,0,0.6333333329999999,0.3666666670000001,46.66666667,0.736842105,69,0.0,7,11,11,7.333333333,1,1,legitimate,0
9268.0,0,0.004319654,0.995680346,100.0,1.0,32,0.125,4,5,14,4.0,1,1,legitimate,0
7130.0,0,0.051660517,0.948339483,79.10447761,0.214285714,48,0.0,6,9,18,6.333333333,0,2,legitimate,0
8706.0,0,0.354545455,0.645454545,0.0,0.153846154,60,0.0,8,9,23,5.0,1,4,legitimate,0
7795.0,2,0.7483189240000001,0.251681076,71.42857143,0.0,111,0.099099099,13,11,19,6.6363636360000005,0,6,legitimate,0
5974.0,0,0.028985507,0.971014493,0.0,0.0,59,0.0,7,12,20,5.2,0,3,legitimate,0
8569.0,0,0.0,0.0,0.0,0.0,118,0.016949153,15,10,12,6.538461538,1,4,legitimate,0
5904.0,0,1.0,0.0,0.0,0.0,37,0.0,4,10,18,4.5,0,3,legitimate,0
6705.0,0,0.304166667,0.6958333329999999,100.0,0.0,59,0.050847458,8,9,17,4.833333333,0,6,legitimate,0
2415.0,0,0.19047619,0.80952381,100.0,0.5,26,0.0,3,5,18,0.0,1,3,legitimate,0
7336.0,0,0.017857143,0.982142857,96.77419355,0.0,73,0.0,9,10,15,6.142857143,1,3,legitimate,0
6111.0,0,0.5066666670000001,0.493333333,42.85714286,0.0,69,0.0,9,14,19,5.0,0,3,legitimate,0
1338.0,0,0.111111111,0.8888888890000001,0.0,0.0,37,0.216216216,3,11,25,3.0,0,1,phishing,1
4004.0,0,0.0,1.0,100.0,0.0,129,0.170542636,13,17,54,8.142857142999999,1,8,phishing,1
5075.0,0,0.115384615,0.884615385,21.42857143,0.133333333,128,0.0,19,12,18,4.666666667,1,2,phishing,1
5075.0,0,0.126637555,0.873362445,87.5,0.0,25,0.0,2,9,16,0.0,0,3,legitimate,0
2298.0,0,0.553191489,0.446808511,30.303030300000003,0.384615385,33,0.0,2,16,24,0.0,1,3,legitimate,0
2135.0,0,0.4166666670000001,0.583333333,58.62068966,0.05,71,0.0,7,18,26,6.4,1,3,legitimate,0
9794.0,0,0.75,0.25,50.0,0.095238095,109,0.055045872,15,9,7,5.714285714,1,1,legitimate,0
12795.0,0,0.0,1.0,0.0,0.0,71,0.14084507,10,7,18,5.571428571,1,5,legitimate,0
4897.0,0,0.333333333,0.666666667,0.0,1.0,67,0.044776119,8,15,18,6.0,1,3,legitimate,0
7296.0,0,0.571428571,0.428571429,0.0,0.0,58,0.137931034,6,11,49,0.0,1,2,phishing,1
4917.0,0,0.132075472,0.867924528,50.0,0.0,60,0.033333333,6,13,22,6.75,1,4,legitimate,0
6070.0,2,0.461538462,0.538461538,60.0,0.0,86,0.093023256,11,15,28,4.666666667,0,2,phishing,1
5075.0,0,0.0,1.0,100.0,0.0,159,0.163522013,13,33,40,13.0,1,4,phishing,1
244.0,3,0.048387097,0.951612903,88.0,0.0,96,0.197916667,9,32,14,8.375,1,4,phishing,1
3268.0,0,0.054545455,0.945454545,96.07843137,0.333333333,24,0.0,2,8,16,0.0,0,4,legitimate,0
2842.0,0,0.230769231,0.7692307690000001,0.0,0.0,110,0.154545455,9,32,23,10.42857143,1,5,phishing,1
6932.0,0,0.369863014,0.630136986,20.0,0.037037037,89,0.0,13,10,24,4.181818182,1,1,phishing,1
5615.0,0,0.772727273,0.227272727,100.0,0.0,55,0.290909091,4,30,47,0.0,1,1,phishing,1
6977.0,2,0.35483871,0.64516129,0.0,0.0,67,0.0,9,10,18,5.0,1,3,phishing,1
2290.0,0,1.0,0.0,0.0,0.0,26,0.038461538,3,4,13,4.0,1,3,phishing,1
7050.0,1,0.067961165,0.932038835,0.0,0.285714286,42,0.0,4,16,25,4.0,1,1,phishing,1
5075.0,0,0.022900763,0.977099237,66.66666667,0.333333333,31,0.0,3,11,18,4.0,0,3,legitimate,0
5228.0,0,0.0172413789999999,0.982758621,0.0,0.25,53,0.0,6,9,24,6.333333333,1,1,legitimate,0
5565.0,0,0.6785714290000001,0.321428571,0.0,0.105263158,75,0.0,8,12,16,6.285714286,1,1,phishing,1
7587.0,0,0.005263158,0.994736842,95.45454545,0.0,43,0.0,4,14,22,6.0,1,3,legitimate,0
5075.0,1,0.0,1.0,0.0,0.0,35,0.0,3,11,18,4.0,1,0,phishing,1
5636.0,0,0.442307692,0.557692308,0.0,0.0,43,0.046511628,5,11,15,5.666666667,0,3,legitimate,0
5075.0,0,0.0,1.0,100.0,0.0,59,0.186440678,4,34,51,0.0,1,0,phishing,1
2996.0,0,0.083333333,0.916666667,0.0,0.0,93,0.215053763,6,32,14,13.4,1,1,phishing,1
5075.0,1,0.516129032,0.483870968,0.0,0.4375,166,0.373493976,14,17,10,10.38461538,1,14,phishing,1
7559.0,0,0.196125908,0.803874092,60.41666667,0.5555555560000001,56,0.107142857,5,11,19,8.333333332999999,0,3,legitimate,0
5749.0,0,0.0,0.0,0.0,0.0,68,0.0,9,14,22,4.571428571,1,5,legitimate,0
431.0,0,0.153846154,0.846153846,0.0,0.0,71,0.0,8,23,27,4.285714286,1,1,phishing,1
9018.0,1,0.048275862,0.951724138,42.85714286,0.142857143,58,0.0,9,7,15,3.714285714,1,4,phishing,1
7767.0,0,0.0,0.0,0.0,0.0,33,0.0,4,6,10,4.333333333,1,0,phishing,1
11.0,0,0.0,1.0,0.0,0.0,71,0.0845070419999999,7,12,35,6.0,1,1,phishing,1
1448.0,0,0.051724138,0.948275862,0.0,0.666666667,26,0.115384615,1,9,13,0.0,1,0,legitimate,0
1546.0,1,0.727272727,0.272727273,4.347826087,0.125,55,0.054545455,4,20,38,4.0,1,4,phishing,1
4623.0,0,0.0,0.0,0.0,0.0,32,0.0,3,10,14,4.5,1,1,phishing,1
5075.0,0,0.02173913,0.97826087,25.0,0.25,19,0.0,1,5,12,0.0,1,0,legitimate,0
361.0,0,0.75,0.25,0.0,0.0,45,0.177777778,5,9,34,3.0,1,1,phishing,1
2390.0,0,0.181818182,0.818181818,72.22222222,0.3,38,0.0,5,8,16,4.0,0,3,legitimate,0
12766.0,0,0.0,0.0,0.0,0.0,75,0.093333333,11,9,17,5.375,1,3,legitimate,0
5075.0,1,0.031578947,0.968421053,81.48148148,0.166666667,62,0.0,6,11,16,8.5,0,4,legitimate,0
90.0,1,0.272727273,0.727272727,100.0,0.0,60,0.0,9,10,12,4.857142857,1,4,phishing,1
845.0,0,1.0,0.0,0.0,0.5,46,0.0,3,21,25,5.5,1,4,phishing,1
379.0,0,0.333333333,0.666666667,0.0,0.4,31,0.0,2,11,23,0.0,0,1,phishing,1
2295.0,0,0.0,1.0,0.0,0.0,43,0.0,2,20,35,0.0,0,0,phishing,1
4489.0,1,0.071428571,0.928571429,0.0,0.0,55,0.0,6,10,46,0.0,1,0,phishing,1
4759.0,3,0.021084337,0.978915663,57.89473684,0.142857143,292,0.27739726,24,64,11,10.86956522,1,11,phishing,1
1905.0,2,0.0,1.0,0.0,0.0,141,0.007092199,17,11,13,6.5,1,3,phishing,1
3370.0,0,0.086956522,0.913043478,0.0,0.0,32,0.0,2,17,25,0.0,1,5,legitimate,0
5053.0,0,0.263888889,0.7361111109999999,94.11764706,0.0,46,0.195652174,7,8,14,3.8,1,4,legitimate,0
5075.0,2,0.0,1.0,0.0,0.0,212,0.160377358,26,29,12,6.64,1,2,phishing,1
5075.0,0,0.916666667,0.083333333,50.0,0.0,29,0.0,3,7,20,0.0,1,3,legitimate,0
2660.0,1,0.0,1.0,100.0,0.0,267,0.179775281,18,29,213,6.666666667,1,5,phishing,1
8907.0,0,0.052356021,0.947643979,63.15789474,0.6,56,0.0,4,12,16,9.333333333,1,0,legitimate,0
5075.0,0,0.109589041,0.8904109590000001,100.0,0.0,55,0.0,6,8,14,7.0,1,4,legitimate,0
8186.0,1,0.331818182,0.668181818,69.76744186,0.04109589,106,0.056603774,16,10,24,4.285714286,0,2,legitimate,0
3198.0,0,0.47826087,0.52173913,75.0,0.0,26,0.0,2,10,18,0.0,1,3,legitimate,0
5616.0,0,0.80952381,0.19047619,25.0,0.176470588,64,0.21875,6,18,35,9.5,1,1,phishing,1
8872.0,0,0.2,0.8,81.81818182,0.0,75,0.0,8,17,18,7.166666667,1,4,legitimate,0
2758.0,0,0.150862069,0.8491379309999999,0.0,0.171428571,51,0.078431373,4,28,8,10.66666667,0,1,legitimate,0
8766.0,0,0.799418605,0.200581395,11.70731707,0.058181818,34,0.0,2,17,25,0.0,1,4,legitimate,0
6260.0,0,0.117886179,0.8821138209999999,51.61290323,0.103448276,40,0.0,3,17,25,7.0,1,4,legitimate,0
5075.0,0,0.004761905,0.995238095,100.0,0.0,24,0.0,3,5,15,0.0,1,4,legitimate,0
3195.0,0,0.7888888890000001,0.211111111,0.0,0.042253521,30,0.0,2,14,22,0.0,0,3,legitimate,0
9.0,0,0.013157895,0.986842105,98.41897233,0.5,101,0.198019802,10,18,24,7.625,1,21,phishing,1
4609.0,4,0.666666667,0.333333333,0.0,0.0,113,0.0,15,14,17,5.285714286,1,2,phishing,1
5075.0,0,0.363636364,0.636363636,100.0,0.166666667,39,0.205128205,4,10,10,6.0,1,0,legitimate,0
5075.0,1,0.0,1.0,0.0,0.0,46,0.0,6,13,17,6.0,1,5,phishing,1
3992.0,0,0.0,1.0,100.0,0.0,124,0.1693548389999999,13,17,46,7.375,1,6,phishing,1
8604.0,0,0.0,1.0,0.0,0.0,64,0.0,8,9,17,5.666666667,1,3,legitimate,0
8591.0,2,0.7142857140000001,0.285714286,11.11111111,0.3,177,0.242937853,9,61,23,19.85714286,1,10,phishing,1
7298.0,0,0.5395189,0.4604811,56.27530364,0.579617834,40,0.0,2,19,32,0.0,1,0,legitimate,0
13.0,0,0.0,1.0,0.0,0.0,75,0.08,8,12,39,6.0,1,4,phishing,1
3570.0,0,0.695652174,0.304347826,60.0,0.125,36,0.0,4,10,14,4.0,1,0,phishing,1
7309.0,0,0.785046729,0.214953271,19.51219512,0.488095238,88,0.079545455,11,16,36,4.625,1,2,phishing,1
2485.0,0,0.057142857,0.942857143,91.66666667,0.0,22,0.0,2,6,13,0.0,0,3,legitimate,0
9766.0,0,0.01,0.99,100.0,0.0,52,0.076923077,5,11,21,6.666666667,1,3,legitimate,0
2742.0,0,0.0681818179999999,0.931818182,22.22222222,0.0,68,0.0,7,12,20,7.2,0,3,legitimate,0
6634.0,0,0.327102804,0.672897196,2.222222222,0.119047619,48,0.0,4,13,18,10.0,1,5,legitimate,0
3841.0,0,0.340909091,0.659090909,98.48484848,0.044444444,68,0.0,10,12,19,4.125,1,6,legitimate,0
4205.0,0,0.0,1.0,100.0,0.0,21,0.0,1,9,13,0.0,0,0,phishing,1
4299.0,0,0.3470319629999999,0.6529680370000001,42.85714286,0.210526316,57,0.087719298,7,8,16,5.4,1,3,legitimate,0
8487.0,0,0.344262295,0.655737705,45.45454545,0.047619048,32,0.0,2,15,23,0.0,1,3,legitimate,0
2421.0,0,0.0,1.0,0.0,0.0,55,0.018181818,6,10,14,5.4,1,1,phishing,1
1819.0,0,0.0,0.0,0.0,0.0,45,0.133333333,3,12,26,9.0,1,4,phishing,1
1953.0,0,0.909090909,0.090909091,0.0,0.0,33,0.060606061,3,10,14,10.0,1,2,phishing,1
5314.0,0,0.333333333,0.666666667,100.0,0.0,48,0.0,5,11,14,7.666666667,0,3,legitimate,0
7817.0,0,0.0,1.0,0.0,0.0,36,0.0,3,10,14,6.5,1,0,phishing,1
804.0,0,0.0,1.0,100.0,0.0,48,0.083333333,4,11,39,0.0,1,0,phishing,1
870.0,1,1.0,0.0,0.0,0.0,148,0.222972973,17,43,16,7.066666667000001,1,5,phishing,1
7083.0,0,1.0,0.0,0.0,0.0,58,0.0,6,11,30,6.0,1,5,phishing,1
5075.0,0,0.067226891,0.932773109,33.33333333,0.0,19,0.105263158,2,6,12,0.0,1,1,legitimate,0
5627.0,0,0.0,0.0,0.0,0.0,86,0.104651163,7,36,69,8.0,1,4,phishing,1
7616.0,0,0.402597403,0.597402597,65.625,0.064516129,96,0.0,10,16,31,6.25,1,2,legitimate,0
2122.0,0,0.071428571,0.928571429,75.0,0.75,47,0.0,4,21,29,3.5,1,4,phishing,1
3992.0,0,0.0,1.0,100.0,0.0,124,0.153225806,13,17,46,7.375,1,4,phishing,1
7119.0,0,0.505882353,0.4941176470000001,81.94444444,0.069767442,49,0.040816327,6,10,24,3.25,1,0,legitimate,0
8348.0,2,1.0,0.0,0.0,0.0,48,0.041666667,4,17,16,10.5,0,2,phishing,1
5660.0,0,0.578947368,0.421052632,100.0,0.0,164,0.201219512,20,22,30,6.0,1,11,phishing,1
6168.0,0,0.1,0.9,21.42857143,0.363636364,77,0.038961039,9,10,17,6.428571429,0,0,legitimate,0
759.0,3,0.59375,0.40625,5.263157895,0.421052632,75,0.0,10,12,16,4.777777778,1,3,phishing,1
1736.0,0,0.166666667,0.833333333,0.0,0.0,40,0.0,6,7,24,3.5,1,0,phishing,1
2402.0,0,0.0,1.0,100.0,0.0,32,0.0,2,16,24,0.0,1,3,phishing,1
7295.0,0,0.928571429,0.071428571,14.28571429,0.846153846,43,0.023255814,2,23,36,0.0,1,0,phishing,1
5075.0,0,0.0,0.0,0.0,0.0,25,0.0,2,6,13,3.0,1,0,phishing,1
4003.0,0,0.0,1.0,100.0,0.0,118,0.194915254,12,17,42,7.375,1,1,phishing,1
1876.0,0,0.0,0.0,0.0,0.0,28,0.0,2,12,20,0.0,0,3,legitimate,0
1407.0,1,0.333333333,0.666666667,0.0,0.0,69,0.057971014,8,15,23,5.5,1,4,phishing,1
2642.0,0,0.0,0.0,0.0,0.0,27,0.0,3,5,19,0.0,1,11,phishing,1
8915.0,0,1.0,0.0,0.0,0.0,80,0.025,10,9,17,5.875,1,3,legitimate,0
8346.0,1,1.0,0.0,0.0,0.0,70,0.142857143,7,31,16,8.2,0,1,phishing,1
5075.0,0,0.025,0.975,50.0,1.5,24,0.0,2,9,16,0.0,1,3,legitimate,0
5075.0,0,0.625,0.375,9.375,0.726315789,25,0.0,2,5,16,0.0,1,3,legitimate,0
3928.0,0,0.338235294,0.661764706,100.0,0.0,49,0.0,5,11,19,6.333333333,1,6,legitimate,0
6715.0,0,0.0,0.0,0.0,0.0,38,0.0,3,17,21,4.0,1,2,phishing,1
6072.0,0,0.360784314,0.639215686,10.71428571,0.086956522,50,0.0,6,8,15,6.0,1,1,legitimate,0
2837.0,0,0.0,0.0,0.0,0.0,38,0.0,4,11,29,0.0,1,1,phishing,1
5075.0,0,0.027586207,0.972413793,100.0,0.0,27,0.0,2,9,19,0.0,0,3,legitimate,0
1834.0,0,0.0,1.0,100.0,0.0,84,0.119047619,5,28,47,28.0,1,3,phishing,1
6828.0,0,0.0,0.0,0.0,0.0,114,0.0,15,11,11,6.384615385,1,4,legitimate,0
5640.0,1,0.230769231,0.7692307690000001,0.0,1.0,88,0.0,9,22,26,5.875,1,1,legitimate,0
8050.0,0,0.321428571,0.6785714290000001,18.75,0.611111111,54,0.092592593,6,10,14,5.4,0,3,legitimate,0
5657.0,1,0.0,1.0,0.0,0.0,23,0.0,2,7,10,5.0,0,0,phishing,1
7872.0,1,0.274590164,0.725409836,8.510638298,0.179104478,65,0.123076923,9,11,19,4.571428571,1,6,legitimate,0
5075.0,0,0.009049774,0.990950226,100.0,0.0,26,0.0,2,9,17,0.0,1,4,legitimate,0
5075.0,0,0.175609756,0.824390244,40.0,0.083333333,31,0.0,2,13,23,0.0,1,3,legitimate,0
1535.0,0,0.142857143,0.857142857,0.0,0.0,38,0.1578947369999999,2,13,29,0.0,1,4,phishing,1
8146.0,0,0.36,0.64,44.44444444,0.142857143,74,0.0,9,10,17,6.142857143,0,3,legitimate,0
7021.0,0,0.067961165,0.932038835,0.0,0.285714286,37,0.0,2,17,29,0.0,1,1,phishing,1
9229.0,0,0.0,0.0,0.0,0.0,66,0.090909091,10,8,17,4.25,1,1,legitimate,0
7087.0,0,1.0,0.0,0.0,0.0,38,0.026315789,2,13,29,0.0,1,0,phishing,1
5232.0,0,0.016666667,0.983333333,100.0,0.0,45,0.0,2,25,36,0.0,1,2,phishing,1
5075.0,0,0.428571429,0.571428571,12.5,0.0,28,0.0,3,10,20,0.0,1,4,legitimate,0
9237.0,0,0.147058824,0.852941176,100.0,0.0,27,0.0,3,5,13,5.0,0,3,legitimate,0
731.0,0,0.428571429,0.571428571,0.0,0.0,67,0.104477612,2,40,17,40.0,1,0,phishing,1
7441.0,1,0.111111111,0.8888888890000001,25.0,0.0,42,0.19047619,6,9,17,3.5,1,4,legitimate,0
10.0,0,0.0,0.0,0.0,0.0,44,0.0,7,6,12,3.6,1,1,phishing,1
12125.0,0,0.0,0.0,0.0,0.0,123,0.0081300809999999,25,13,13,3.47826087,1,4,legitimate,0
7861.0,0,0.0,1.0,0.0,0.0,35,0.0,4,8,27,0.0,1,3,phishing,1
5075.0,0,0.0,0.0,0.0,0.0,120,0.0,12,13,21,8.1,1,3,legitimate,0
31.0,1,0.96969697,0.03030303,0.0,0.21875,54,0.018518519,5,17,21,5.25,1,1,phishing,1
8907.0,0,0.0,1.0,0.0,0.0,120,0.075,19,10,13,5.25,1,3,legitimate,0
7574.0,0,0.0,0.0,0.0,0.0,63,0.0,8,9,18,6.4,1,0,legitimate,0
5547.0,0,0.953703704,0.046296296,0.0,0.019417476,30,0.0,3,7,22,0.0,1,3,legitimate,0
2.0,0,0.444444444,0.5555555560000001,25.0,0.625,39,0.205128205,4,7,19,4.0,1,4,phishing,1
2032.0,0,0.988071571,0.011928429,4.166666667,0.016096579,20,0.0,2,6,6,6.0,1,0,phishing,1
4654.0,0,0.689655172,0.310344828,42.85714286,0.05,86,0.023255814,13,9,11,4.666666667,1,0,legitimate,0
2634.0,0,1.0,0.0,0.0,0.0,39,0.0,4,7,31,0.0,1,1,phishing,1
1338.0,0,0.0,1.0,0.0,0.0,28,0.071428571,2,11,20,0.0,0,0,phishing,1
6863.0,0,0.121212121,0.8787878790000001,40.0,0.083333333,31,0.064516129,2,13,20,0.0,1,3,legitimate,0
8147.0,0,0.363095238,0.636904762,57.14285714,0.147540984,40,0.0,6,9,17,3.0,0,3,legitimate,0
6079.0,0,0.75,0.25,0.0,0.916666667,39,0.0,3,11,20,11.0,1,2,phishing,1
8516.0,0,0.635135135,0.364864865,100.0,0.0,36,0.0,3,10,16,10.0,0,4,legitimate,0
8046.0,0,0.087912088,0.912087912,70.0,0.0,45,0.0,6,12,20,3.25,1,3,legitimate,0
5075.0,0,0.0,1.0,100.0,0.0,33,0.0,4,7,14,3.0,1,3,phishing,1
1079.0,0,0.0,1.0,0.0,0.0,70,0.0,9,16,7,5.625,1,2,phishing,1
5767.0,0,0.033333333,0.966666667,100.0,0.0,77,0.311688312,4,32,23,14.66666667,1,1,phishing,1
5075.0,4,0.0,1.0,100.0,0.0,88,0.1363636359999999,12,15,22,4.8,1,1,phishing,1
1364.0,0,0.052631579,0.947368421,99.09090909,0.0,61,0.0,7,13,21,5.2,1,5,legitimate,0
819.0,0,0.155172414,0.844827586,58.82352941,0.222222222,22,0.0,2,4,11,2.0,0,1,phishing,1
5075.0,1,0.106741573,0.893258427,93.93939394,0.026315789,31,0.032258065,5,6,13,2.333333333,0,3,legitimate,0
3992.0,0,0.0,1.0,100.0,0.0,76,0.092105263,7,15,50,8.5,1,3,phishing,1
9338.0,0,0.0,0.0,0.0,0.0,102,0.1372549019999999,9,22,17,10.0,1,3,phishing,1
9284.0,0,0.211409396,0.788590604,73.68421053,0.079365079,43,0.0,6,9,15,4.0,0,4,legitimate,0
5075.0,0,0.105263158,0.894736842,50.0,0.0,50,0.0,7,7,14,4.8,1,4,legitimate,0
4004.0,0,0.0,1.0,100.0,0.0,125,0.112,12,17,50,8.142857142999999,1,2,phishing,1
3047.0,0,0.565789474,0.434210526,21.42857143,0.139534884,76,0.078947368,10,12,16,5.625,1,4,legitimate,0
1597.0,0,0.388888889,0.611111111,33.33333333,0.095238095,27,0.0,2,10,18,0.0,0,3,legitimate,0
7420.0,0,0.098765432,0.901234568,38.46153846,0.0,47,0.0,6,8,14,5.25,0,3,legitimate,0
7616.0,0,0.390243902,0.609756098,80.64516129,0.03125,58,0.0,5,13,28,6.666666667,1,0,legitimate,0
8017.0,0,0.098696462,0.901303538,23.07692308,0.339622642,31,0.0,3,9,17,6.0,1,3,legitimate,0
317.0,0,0.333333333,0.666666667,0.0,0.0,46,0.065217391,2,19,38,0.0,1,0,phishing,1
5075.0,0,0.0,1.0,0.0,0.0,155,0.3935483870000001,14,45,14,9.076923077,1,9,phishing,1
4177.0,0,0.139240506,0.8607594940000001,0.0,0.0,27,0.0,3,5,19,0.0,1,3,legitimate,0
7582.0,0,0.7560975609999999,0.243902439,0.0,0.64516129,38,0.0,3,14,27,3.0,1,0,legitimate,0
6831.0,0,0.067961165,0.932038835,0.0,0.285714286,59,0.033898305,5,17,33,17.0,1,3,phishing,1
1016.0,0,0.967741935,0.032258065,0.0,0.1,94,0.234042553,7,32,28,18.33333333,0,3,phishing,1
5863.0,1,0.0,0.0,0.0,0.0,40,0.0,2,26,29,2.0,1,0,phishing,1
7295.0,0,0.928571429,0.071428571,14.28571429,0.846153846,31,0.0,2,9,22,0.0,1,0,phishing,1
3659.0,0,0.021052632,0.978947368,100.0,0.0,23,0.130434783,1,7,10,0.0,1,0,legitimate,0
5626.0,0,0.444444444,0.5555555560000001,25.0,0.625,66,0.257575758,8,14,41,5.0,1,4,phishing,1
2618.0,4,0.0,1.0,100.0,0.0,79,0.139240506,12,15,13,4.8,1,6,phishing,1
5075.0,0,0.0,1.0,100.0,0.0,12,0.0,1,2,5,0.0,1,0,legitimate,0
1024.0,0,0.333333333,0.666666667,75.0,0.0,29,0.0,3,8,21,0.0,1,3,legitimate,0
3993.0,0,0.0,1.0,100.0,0.0,123,0.195121951,13,17,46,7.375,1,5,phishing,1
1872.0,0,0.129032258,0.870967742,100.0,0.0,84,0.0,12,10,26,4.555555556,1,1,phishing,1
5075.0,3,0.0,1.0,0.0,0.0,92,0.152173913,7,32,22,9.333333333,1,2,phishing,1
6432.0,0,0.071428571,0.928571429,76.11940299,0.25,35,0.0,4,10,17,4.0,0,0,legitimate,0
9047.0,0,0.020895522,0.979104478,14.28571429,0.142857143,93,0.010752688,13,13,20,5.0,0,3,legitimate,0
5205.0,0,0.0,0.0,0.0,0.0,51,0.0,6,10,44,0.0,1,3,phishing,1
8346.0,2,1.0,0.0,0.0,0.0,46,0.0,4,16,16,10.0,0,1,phishing,1
3417.0,0,0.615384615,0.384615385,45.45454545,0.625,31,0.0,2,15,23,0.0,1,3,legitimate,0
5075.0,0,0.005263158,0.994736842,0.0,0.0,79,0.0,10,13,21,5.375,1,10,legitimate,0
1.0,0,0.111111111,0.8888888890000001,50.0,0.0,59,0.0,8,19,33,2.6,1,4,phishing,1
418.0,0,0.0,0.0,0.0,0.0,45,0.0,5,9,16,6.0,1,3,legitimate,0
3726.0,2,0.0,1.0,0.0,0.0,64,0.0,8,19,16,5.833333333,1,4,phishing,1
9437.0,0,0.190283401,0.809716599,50.0,0.127659574,29,0.0,2,12,20,0.0,1,4,legitimate,0
3083.0,0,0.0,1.0,100.0,0.0,57,0.0,8,11,12,5.166666667,0,5,phishing,1
7149.0,0,0.012195122,0.987804878,100.0,0.0,22,0.0,2,6,13,0.0,0,3,legitimate,0
4872.0,2,0.4,0.6,0.0,0.0,235,0.425531915,15,64,22,14.84615385,1,9,phishing,1
1891.0,0,0.65625,0.34375,70.0,0.05952381,23,0.0,2,8,16,0.0,0,3,legitimate,0
5826.0,0,0.0,0.0,0.0,0.0,85,0.282352941,8,32,22,13.0,1,5,phishing,1
7456.0,0,0.459459459,0.540540541,12.5,0.058823529,31,0.0,2,15,22,0.0,0,3,legitimate,0
7121.0,0,0.207142857,0.792857143,76.92307692,0.172413793,60,0.033333333,6,11,24,6.0,1,0,legitimate,0
7252.0,0,1.0,0.0,0.0,0.583333333,23,0.0,2,9,16,0.0,1,0,phishing,1
4429.0,0,0.007633588,0.992366412,85.71428571,0.0,25,0.16,2,7,10,7.0,1,3,phishing,1
5075.0,0,0.019607843,0.980392157,87.5,1.0,22,0.0,1,6,13,0.0,0,0,phishing,1
2328.0,0,0.0,0.0,0.0,0.0,34,0.029411765,5,8,6,4.25,1,0,phishing,1
2525.0,0,0.0,0.0,0.0,0.0,27,0.0,2,12,19,0.0,1,3,legitimate,0
5075.0,0,0.166666667,0.833333333,91.66666667,0.0,23,0.0,1,9,16,0.0,1,0,legitimate,0
1944.0,0,0.25974026,0.74025974,56.25,0.05,25,0.0,2,5,16,0.0,1,3,legitimate,0
7480.0,0,0.121212121,0.8787878790000001,71.79487179,0.333333333,54,0.0,6,9,14,7.0,1,4,legitimate,0
5658.0,0,0.0,0.0,0.0,0.0,44,0.0,5,10,22,3.666666667,1,1,phishing,1
805.0,0,0.5,0.5,0.0,0.0,78,0.320512821,11,21,39,3.285714286,1,7,phishing,1
3848.0,0,0.0625,0.9375,100.0,0.0,56,0.0,6,13,21,6.0,1,3,phishing,1
4309.0,0,0.7857142859999999,0.214285714,24.13793103,0.681818182,38,0.0,4,7,15,6.5,0,3,legitimate,0
759.0,3,0.8848920859999999,0.115107914,4.04040404,0.048780488,70,0.0,9,12,20,5.0,1,5,phishing,1
4140.0,0,0.027624309,0.972375691,90.0,0.4,138,0.028985507,15,25,11,7.428571429,0,2,phishing,1
5627.0,2,0.818181818,0.181818182,25.0,0.277777778,53,0.056603774,7,9,40,5.0,1,3,phishing,1
2198.0,0,0.451612903,0.548387097,0.0,0.428571429,163,0.306748466,15,15,19,9.538461538,1,4,phishing,1
1355.0,0,0.5,0.5,50.0,0.0,41,0.0,4,9,23,9.0,1,1,phishing,1
3123.0,0,0.0,1.0,0.0,0.0,50,0.0,6,10,18,5.0,1,4,phishing,1
7296.0,0,0.928571429,0.071428571,14.28571429,0.230769231,34,0.0,2,12,25,0.0,1,0,phishing,1
7445.0,0,0.604938272,0.395061728,86.36363636,0.0,72,0.013888889,9,9,23,4.714285714,1,2,legitimate,0
5075.0,0,0.0,0.0,0.0,0.0,55,0.109090909,9,8,18,4.0,1,1,legitimate,0
8044.0,0,0.07079646,0.92920354,50.0,0.0,37,0.0,4,12,20,3.5,1,3,legitimate,0
7912.0,1,0.333333333,0.666666667,40.0,0.12,35,0.0,2,19,27,0.0,0,3,legitimate,0
6437.0,0,0.144578313,0.855421687,30.0,0.25,24,0.0,2,8,15,0.0,0,3,legitimate,0
7295.0,0,0.928571429,0.071428571,14.28571429,0.230769231,38,0.0,3,10,29,0.0,1,1,phishing,1
7296.0,0,1.0,0.0,0.0,0.0,39,0.0,2,17,30,0.0,1,0,phishing,1
6954.0,0,0.444444444,0.5555555560000001,14.28571429,0.21875,22,0.0,2,5,13,0.0,0,3,legitimate,0
5767.0,0,0.033333333,0.966666667,100.0,0.0,77,0.25974026,4,32,23,14.66666667,1,1,phishing,1
3557.0,0,0.732876712,0.267123288,26.92307692,0.028037383,64,0.296875,3,32,16,19.5,1,5,phishing,1
5062.0,4,0.0,1.0,0.0,0.0,95,0.0,12,18,26,5.1,1,4,phishing,1
7966.0,0,0.011494253,0.988505747,100.0,0.0,35,0.114285714,4,7,15,5.0,1,0,phishing,1
8145.0,0,0.32967033,0.67032967,66.66666667,0.15,82,0.0,9,12,17,7.285714286,0,4,legitimate,0
1852.0,1,0.0,1.0,100.0,0.0,81,0.061728395,9,10,12,6.625,1,2,phishing,1
4839.0,0,0.121212121,0.8787878790000001,23.07692308,0.1875,31,0.0,2,14,24,0.0,1,4,legitimate,0
1464.0,0,0.441176471,0.558823529,71.42857143,0.066666667,25,0.0,1,14,17,0.0,1,0,phishing,1
5807.0,0,0.181102362,0.8188976379999999,11.76470588,0.347826087,32,0.0,2,16,24,0.0,1,3,legitimate,0
5075.0,0,0.967741935,0.032258065,0.0,0.1,37,0.0,4,7,23,5.0,0,5,phishing,1
5075.0,0,0.459459459,0.540540541,0.0,0.470588235,21,0.047619048,2,5,7,5.0,0,0,phishing,1
359.0,1,0.0,0.0,0.0,0.0,89,0.258426966,8,32,22,10.6,1,2,phishing,1
2585.0,2,0.363636364,0.636363636,44.44444444,0.1,82,0.256097561,7,32,16,10.8,1,8,phishing,1
3608.0,0,0.0,0.0,0.0,0.0,38,0.026315789,4,14,22,3.5,1,6,phishing,1
7061.0,0,0.320754717,0.679245283,5.8823529410000015,0.470588235,25,0.08,2,9,16,0.0,1,3,legitimate,0
6302.0,2,0.0,0.0,0.0,0.0,41,0.0,5,10,17,4.333333333,1,3,phishing,1
8019.0,1,0.263157895,0.736842105,100.0,0.0,141,0.04964539,14,34,36,7.636363636,1,0,phishing,1
3205.0,0,0.921875,0.078125,27.27272727,0.118644068,87,0.229885057,6,32,21,10.8,1,0,phishing,1
4011.0,1,0.428571429,0.571428571,0.0,0.0,416,0.122596154,4,383,16,194.5,1,8,phishing,1
5075.0,0,0.0,1.0,0.0,0.0,58,0.0862068969999999,6,18,24,5.25,1,0,phishing,1
5158.0,0,0.6,0.4,0.0,0.666666667,96,0.041666667,12,33,14,6.4,0,4,legitimate,0
4870.0,1,0.085106383,0.914893617,79.48717949,0.166666667,32,0.0,3,8,23,0.0,1,1,phishing,1
3685.0,0,0.197368421,0.802631579,12.5,0.533333333,23,0.0,2,7,15,0.0,0,4,legitimate,0
954.0,0,0.0066666669999999,0.993333333,96.55172414,1.0,17,0.0,1,6,9,0.0,0,1,legitimate,0
7295.0,0,0.928571429,0.071428571,14.28571429,0.846153846,42,0.0,2,21,34,0.0,1,0,phishing,1
1083.0,0,0.0,0.0,0.0,0.0,72,0.0,10,11,19,4.625,1,6,phishing,1
4886.0,0,0.0,0.0,0.0,0.0,33,0.0,3,10,11,5.5,1,2,phishing,1
7087.0,0,1.0,0.0,0.0,0.0,41,0.0,3,13,32,0.0,1,0,phishing,1
2729.0,0,0.0,0.0,0.0,0.0,25,0.0,2,10,14,2.0,1,0,phishing,1
168.0,0,0.0,1.0,0.0,0.0,105,0.152380952,5,22,21,18.25,1,2,phishing,1
994.0,1,0.494252874,0.505747126,37.5,0.0,47,0.0,5,8,15,7.0,0,4,phishing,1
5075.0,0,0.0,1.0,0.0,0.0,110,0.236363636,4,75,19,40.5,1,4,phishing,1
7295.0,0,0.928571429,0.071428571,14.28571429,0.230769231,33,0.03030303,2,13,26,0.0,1,1,phishing,1
8970.0,0,0.017094017,0.982905983,95.0,0.0,60,0.016666667,7,10,15,6.6,0,3,legitimate,0
70.0,0,0.0,0.0,0.0,0.0,26,0.076923077,2,10,18,0.0,1,3,phishing,1
1080.0,0,0.026315789,0.973684211,50.0,1.0,23,0.0,2,8,15,0.0,1,4,phishing,1
5495.0,0,0.0,0.0,0.0,0.0,27,0.0,3,7,11,2.5,1,1,phishing,1
4673.0,0,0.313253012,0.686746988,98.61111111,0.153846154,43,0.0,4,10,10,7.333333333,0,0,legitimate,0
4397.0,2,0.0,0.0,0.0,0.0,88,0.011363636,10,17,21,5.666666667,1,2,phishing,1
2772.0,0,0.40625,0.59375,81.25,0.0,46,0.0,3,20,24,6.0,1,0,legitimate,0
5075.0,1,0.485714286,0.514285714,22.22222222,0.129411765,27,0.0,2,7,11,7.0,1,0,legitimate,0
4078.0,0,0.0,0.0,0.0,0.0,35,0.057142857,4,11,19,3.5,1,3,legitimate,0
3605.0,1,0.761904762,0.238095238,16.66666667,0.145833333,40,0.0,3,10,16,7.5,1,0,phishing,1
7160.0,0,0.0763116059999999,0.923688394,73.33333333,0.645833333,41,0.097560976,6,8,14,4.0,1,0,legitimate,0
5075.0,0,0.027586207,0.972413793,76.47058824,0.0,71,0.0,7,11,19,7.8,1,5,legitimate,0
12.0,0,0.0,0.0,0.0,0.0,145,0.206896552,17,20,24,6.0,1,5,phishing,1
2204.0,0,0.263157895,0.736842105,0.0,0.0,126,0.03968254,14,19,10,7.307692307999999,1,5,phishing,1
2271.0,0,0.4,0.6,62.5,0.25,31,0.0,2,16,23,0.0,1,3,legitimate,0
5075.0,0,0.13559322,0.86440678,42.85714286,0.25,27,0.0,2,10,18,0.0,1,4,legitimate,0
3080.0,0,0.0,0.0,0.0,0.0,106,0.301886792,16,32,17,4.857142857,1,5,phishing,1
5088.0,0,0.7142857140000001,0.285714286,100.0,0.0,45,0.0,5,10,18,5.666666667,1,4,phishing,1
3822.0,1,0.0,1.0,100.0,0.0,39,0.025641026,6,5,15,4.333333333,1,4,phishing,1
4019.0,0,0.0,1.0,0.0,0.0,55,0.0,5,14,13,7.5,1,0,phishing,1
5075.0,0,0.144,0.856,37.93103448,0.0,40,0.075,4,12,21,4.5,1,4,legitimate,0
7846.0,0,0.8,0.2,29.41176471,0.327586207,46,0.0,5,11,21,7.5,1,3,legitimate,0
3887.0,0,0.015748031,0.984251969,100.0,0.0,24,0.0,2,8,16,0.0,1,3,legitimate,0
261.0,0,0.0,0.0,0.0,0.0,32,0.0,2,10,24,0.0,1,0,phishing,1
5075.0,0,0.072,0.928,68.42105263,0.0,26,0.0,2,10,17,0.0,0,3,legitimate,0
1535.0,0,0.0,1.0,0.0,0.0,73,0.04109589,7,13,25,7.2,1,9,phishing,1
3291.0,0,0.0,0.0,0.0,0.0,27,0.0,3,10,17,2.0,0,3,legitimate,0
2358.0,0,0.028846154,0.971153846,95.34883721,0.666666667,54,0.0,8,7,11,4.0,1,0,legitimate,0
5636.0,0,0.197674419,0.802325581,37.5,0.0,48,0.0,4,16,24,7.5,0,3,legitimate,0
5075.0,0,0.107142857,0.892857143,92.72727273,0.222222222,25,0.04,2,6,16,0.0,1,3,legitimate,0
1639.0,3,0.0,0.0,0.0,0.0,74,0.054054054,10,10,21,5.428571429,1,4,phishing,1
10262.0,0,0.0,1.0,0.0,0.0,53,0.132075472,9,7,15,3.428571429,1,1,legitimate,0
7295.0,0,0.928571429,0.071428571,14.28571429,0.846153846,35,0.028571429,2,15,28,0.0,1,1,phishing,1
7531.0,0,0.5,0.5,0.0,0.1,28,0.0,2,10,19,0.0,1,0,phishing,1
1905.0,3,0.0,1.0,100.0,0.0,68,0.0,9,13,21,4.714285714,1,3,phishing,1
214.0,0,0.0,0.0,0.0,0.0,39,0.0,3,10,19,10.0,1,0,phishing,1
2521.0,0,0.0,0.0,0.0,0.0,48,0.104166667,5,13,7,7.25,1,1,phishing,1
467.0,1,0.0,0.0,0.0,0.0,92,0.0,10,12,73,3.0,1,2,phishing,1
8756.0,0,0.050632911,0.949367089,50.0,0.333333333,96,0.083333333,14,11,19,4.75,1,5,legitimate,0
82.0,0,0.121212121,0.8787878790000001,100.0,0.0,66,0.0,8,13,19,4.714285714,1,0,phishing,1
5075.0,0,0.0,0.0,0.0,0.0,27,0.0,1,12,19,0.0,1,0,phishing,1
5075.0,0,0.116959064,0.8830409359999999,33.33333333,0.25,25,0.0,2,6,17,0.0,0,3,legitimate,0
5075.0,0,1.0,0.0,0.0,0.0,35,0.0,2,16,27,0.0,1,0,phishing,1
5075.0,1,0.0,1.0,0.0,0.0,162,0.209876543,17,29,15,8.133333333,1,2,phishing,1
5075.0,1,0.362068966,0.637931034,60.0,0.0,52,0.0,10,5,12,2.666666667,1,0,phishing,1
8188.0,0,0.044067797,0.955932203,73.33333333,0.076923077,44,0.0,4,17,25,4.5,0,5,legitimate,0
5075.0,0,0.13559322,0.86440678,0.0,0.5,62,0.0,9,10,18,5.0,1,4,phishing,1
1681.0,3,0.301886792,0.698113208,20.0,0.1875,74,0.0,9,16,18,7.166666667,1,4,phishing,1
7838.0,0,0.071090047,0.928909953,33.33333333,0.0,65,0.0,8,9,16,6.0,0,3,legitimate,0
3150.0,1,0.0,1.0,100.0,0.0,75,0.16,11,9,16,4.777777778,1,6,legitimate,0
2194.0,0,0.674698795,0.325301205,89.05472637,0.053571429,129,0.007751938,19,13,16,5.176470588,0,5,legitimate,0
7491.0,0,0.48,0.52,0.0,0.0,29,0.0,2,9,11,9.0,1,1,legitimate,0
5075.0,0,0.0,1.0,100.0,0.0,68,0.029411765,7,17,40,4.25,1,2,phishing,1
152.0,0,0.109589041,0.8904109590000001,87.80487805,0.375,80,0.325,5,32,27,14.0,1,8,phishing,1
5133.0,0,0.320512821,0.6794871790000001,80.0,0.22,82,0.012195122,13,9,17,4.181818182,1,5,legitimate,0
5075.0,2,0.0,1.0,0.0,0.0,85,0.023529412,12,8,11,5.090909091,1,1,phishing,1
8416.0,0,0.356435644,0.6435643560000001,58.49056604,0.166666667,24,0.0,2,8,15,0.0,0,3,legitimate,0
274.0,0,0.0,1.0,100.0,0.0,106,0.047169811,9,17,20,10.14285714,1,0,phishing,1
2105.0,0,0.212121212,0.787878788,71.42857143,0.0,101,0.198019802,6,32,37,13.0,1,7,phishing,1
8360.0,0,0.564814815,0.435185185,79.16666667,0.049180328,25,0.0,2,9,17,0.0,0,3,legitimate,0
7847.0,0,0.0,0.0,0.0,0.0,43,0.11627907,5,10,27,3.5,1,1,phishing,1
5075.0,0,0.124087591,0.8759124090000001,60.86956522,0.176470588,27,0.0,2,10,18,0.0,1,4,legitimate,0
5075.0,0,0.0,1.0,100.0,0.0,37,0.0,2,17,29,0.0,1,0,phishing,1
4366.0,0,0.533333333,0.466666667,40.0,0.0625,28,0.0,2,11,19,0.0,1,4,legitimate,0
133.0,0,0.086956522,0.913043478,100.0,0.0,83,0.048192771,9,31,17,7.285714286,1,0,phishing,1
7130.0,1,0.046979866,0.953020134,58.82352941,0.428571429,54,0.0,6,9,16,6.5,1,0,legitimate,0
4544.0,0,0.264367816,0.7356321840000001,69.23076923,0.0,26,0.0,1,13,19,0.0,1,1,legitimate,0
7463.0,0,0.142857143,0.857142857,0.0,0.0,80,0.0375,14,7,35,4.428571429,1,1,legitimate,0
9104.0,0,0.079136691,0.920863309,53.33333333,0.454545455,62,0.0,8,11,19,4.833333333,1,6,legitimate,0
12126.0,0,0.0,0.0,0.0,0.0,119,0.0,14,15,17,6.666666667,0,0,legitimate,0
7230.0,0,0.134328358,0.865671642,58.51063829999999,0.622222222,65,0.0,7,16,24,5.8,1,6,legitimate,0
736.0,0,0.1,0.9,0.0,0.0,153,0.45751634,25,17,25,4.173913043,1,11,phishing,1
3992.0,0,0.0,1.0,100.0,0.0,124,0.129032258,13,17,46,7.375,1,4,phishing,1
7835.0,0,0.235294118,0.764705882,25.0,0.283333333,56,0.035714286,6,10,23,7.333333333,0,4,legitimate,0
7295.0,1,0.8125,0.1875,14.28571429,0.846153846,41,0.0,2,21,34,0.0,1,1,phishing,1
5075.0,0,0.203389831,0.796610169,50.0,0.25,23,0.0,2,7,14,0.0,1,3,legitimate,0
7529.0,0,0.0,1.0,100.0,0.0,52,0.115384615,5,12,25,8.5,1,5,phishing,1
260.0,0,0.0,0.0,0.0,0.0,25,0.08,2,10,18,0.0,1,3,phishing,1
2114.0,1,0.4,0.6,83.33333333,0.222222222,26,0.076923077,3,7,14,3.0,1,4,phishing,1
4349.0,0,0.079207921,0.920792079,33.33333333,0.0,28,0.0,2,12,20,0.0,1,3,legitimate,0
5075.0,1,0.333333333,0.666666667,0.0,0.2,67,0.089552239,8,11,11,5.857142857,1,1,phishing,1
1953.0,0,0.875,0.125,0.0,0.0,33,0.242424242,3,10,14,10.0,1,1,phishing,1
7838.0,0,0.071090047,0.928909953,0.0,0.0,63,0.0,8,8,16,5.666666667,0,3,legitimate,0
9256.0,0,0.0,0.0,0.0,0.0,46,0.086956522,7,8,7,4.166666667,1,3,legitimate,0
5075.0,0,0.0,1.0,0.0,0.0,58,0.068965517,6,15,50,0.0,1,2,phishing,1
1770.0,0,0.246153846,0.7538461540000001,0.0,0.25,31,0.0,2,15,22,0.0,1,3,legitimate,0
5075.0,3,0.8941176470000001,0.105882353,100.0,0.0,68,0.044117647,9,9,10,5.375,1,15,phishing,1
8232.0,0,0.081967213,0.918032787,42.85714286,0.4,92,0.043478261,8,18,27,8.666666667000001,1,1,legitimate,0
5075.0,0,0.005882353,0.994117647,100.0,0.0,45,0.111111111,6,8,14,5.0,0,2,legitimate,0
8922.0,0,0.5,0.5,0.0,0.0,37,0.0,5,6,15,4.0,1,0,phishing,1
5613.0,0,0.25,0.75,0.0,0.0,71,0.0845070419999999,11,10,62,0.0,1,3,phishing,1
7296.0,0,0.875,0.125,57.14285714,0.214285714,31,0.0,2,10,23,0.0,1,0,legitimate,0
8346.0,2,0.368421053,0.6315789470000001,100.0,0.0,43,0.0,4,12,16,8.0,1,1,phishing,1
922.0,0,0.087719298,0.912280702,20.0,0.0,23,0.0,2,7,7,7.0,0,3,phishing,1
5075.0,0,0.064516129,0.935483871,100.0,1.5,35,0.0,3,15,23,3.0,1,3,legitimate,0
5883.0,0,0.070422535,0.929577465,91.4893617,0.0,48,0.0,7,8,15,4.2,1,3,legitimate,0
4310.0,0,0.7650602409999999,0.234939759,29.24528302,0.212598425,29,0.0,2,9,21,0.0,1,1,phishing,1
5075.0,0,0.021459227,0.978540773,63.63636364,0.0,24,0.0,2,5,16,0.0,1,3,legitimate,0
3992.0,0,0.0,1.0,100.0,0.0,76,0.105263158,7,15,50,8.5,1,2,phishing,1
9285.0,0,0.21799308,0.78200692,73.68421053,0.079365079,54,0.0,7,10,15,5.2,0,3,legitimate,0
6073.0,0,0.324626866,0.6753731340000001,7.843137255,0.091954023,35,0.0,5,5,15,3.333333333,1,0,legitimate,0
8590.0,0,0.564417178,0.435582822,63.15789474,0.032608696,28,0.0,2,11,19,0.0,0,5,legitimate,0
8433.0,0,0.160392799,0.839607201,31.57894737,0.102040816,22,0.0,2,6,14,0.0,0,3,legitimate,0
7772.0,0,0.7905405409999999,0.209459459,25.35211268,0.017094017,28,0.035714286,2,11,19,0.0,0,0,legitimate,0
3459.0,0,0.075630252,0.924369748,54.54545455,0.5555555560000001,36,0.0,2,20,28,0.0,1,3,legitimate,0
7295.0,0,0.928571429,0.071428571,14.28571429,0.230769231,35,0.0,2,13,26,0.0,1,0,phishing,1
7802.0,2,0.916666667,0.083333333,0.0,0.454545455,71,0.0,10,10,20,5.285714286,1,1,phishing,1
5158.0,1,0.0,0.0,0.0,0.0,29,0.0,2,9,20,0.0,1,1,phishing,1
5065.0,0,0.0625,0.9375,66.66666667,0.428571429,31,0.0,3,8,22,0.0,1,3,legitimate,0
804.0,0,0.0,1.0,100.0,0.0,373,0.131367292,10,300,35,53.83333333,1,13,phishing,1
6474.0,0,0.022779043,0.977220957,98.40764331,0.3,37,0.081081081,3,16,20,3.5,1,1,legitimate,0
6670.0,0,0.0,0.0,0.0,0.0,84,0.047619048,11,12,19,5.444444444,1,4,legitimate,0
7126.0,0,0.155172414,0.844827586,83.33333333,0.111111111,26,0.038461538,2,10,18,0.0,0,4,legitimate,0
3992.0,0,0.0,1.0,100.0,0.0,128,0.171875,13,17,50,7.375,1,2,phishing,1
7131.0,0,0.056206089,0.943793911,61.29032258,0.333333333,41,0.0,5,9,16,4.666666667,0,0,legitimate,0
144.0,0,0.0,1.0,0.0,0.0,80,0.2625,6,32,15,10.6,1,1,phishing,1
2421.0,0,0.045977011,0.954022989,81.25,0.0,19,0.0,1,7,10,0.0,0,0,legitimate,0
5075.0,0,0.25,0.75,47.36842105,0.235294118,79,0.0,11,9,16,5.222222222,1,5,legitimate,0
1137.0,0,0.471428571,0.528571429,31.57894737,0.060606061,32,0.0,2,15,23,0.0,1,4,legitimate,0
2389.0,0,0.0,1.0,100.0,0.0,21,0.0,2,6,13,0.0,1,3,legitimate,0
4396.0,0,0.875,0.125,6.666666667,0.5,52,0.0,6,12,20,5.25,1,3,phishing,1
5075.0,1,0.0,1.0,0.0,0.0,98,0.316326531,18,25,14,5.571428571,1,1,phishing,1
7423.0,0,1.0,0.0,0.0,0.0,73,0.0,9,13,13,6.428571429,0,4,legitimate,0
2300.0,2,0.454545455,0.545454545,60.0,0.0,65,0.092307692,9,10,26,4.166666667,1,4,phishing,1
7371.0,0,0.258064516,0.7419354840000001,72.15189873,0.71875,50,0.0,6,12,15,6.0,1,3,legitimate,0
7838.0,0,0.25,0.75,25.0,0.242424242,57,0.035087719,6,10,23,7.666666667,0,4,legitimate,0
5075.0,0,0.0,0.0,0.0,0.0,77,0.311688312,5,32,14,17.33333333,1,7,phishing,1
2105.0,0,0.212121212,0.787878788,71.42857143,0.0,101,0.178217822,6,32,37,13.0,1,6,phishing,1
1015.0,1,0.0,1.0,100.0,0.0,162,0.265432099,16,30,11,8.466666667,1,15,phishing,1
1707.0,0,0.0,1.0,0.0,0.0,52,0.0,5,17,25,5.666666667,1,5,phishing,1
2687.0,0,0.380952381,0.6190476189999999,0.0,0.0625,22,0.0,2,6,13,0.0,0,4,legitimate,0
5075.0,0,0.7551020409999999,0.244897959,30.95238095,0.567567568,91,0.0,8,17,21,7.857142857,1,1,legitimate,0
5075.0,0,0.4166666670000001,0.583333333,53.84615385,0.2,20,0.0,2,8,13,0.0,0,1,legitimate,0
7300.0,0,0.0,1.0,0.0,0.0,55,0.072727273,4,14,23,8.5,1,1,phishing,1
2105.0,0,0.212121212,0.787878788,71.42857143,0.0,101,0.148514851,6,32,37,13.0,1,10,phishing,1
2024.0,2,0.0,1.0,0.0,0.0,68,0.014705882,11,9,9,4.1,1,2,phishing,1
5636.0,0,0.442307692,0.557692308,0.0,0.0,43,0.069767442,5,11,15,5.666666667,0,3,legitimate,0
5075.0,0,0.031830239,0.968169761,27.27272727,0.083333333,24,0.0,2,8,16,0.0,1,6,legitimate,0
7298.0,0,0.7692307690000001,0.230769231,75.0,0.3,44,0.0,2,22,35,0.0,1,1,legitimate,0
1829.0,0,0.169811321,0.830188679,0.0,0.333333333,23,0.0,3,3,15,0.0,1,3,legitimate,0
7448.0,0,0.695652174,0.304347826,15.2,0.298611111,37,0.0,2,14,28,0.0,1,1,legitimate,0
5938.0,0,0.074889868,0.925110132,66.66666667,0.176470588,24,0.0,2,7,15,0.0,0,3,legitimate,0
3993.0,0,0.0,1.0,100.0,0.0,125,0.144,12,17,50,8.142857142999999,1,3,phishing,1
1639.0,4,0.315789474,0.684210526,40.0,0.166666667,164,0.201219512,21,24,21,6.555555556,1,7,phishing,1
7211.0,0,0.026047565,0.973952435,55.55555556,0.130434783,83,0.012048193,10,11,16,6.375,1,3,legitimate,0
7295.0,0,0.928571429,0.071428571,14.28571429,0.846153846,34,0.0,2,14,27,0.0,1,0,phishing,1
7449.0,0,0.8035714290000001,0.196428571,100.0,0.0,41,0.0,2,18,32,0.0,1,2,legitimate,0
199.0,0,0.0,0.0,0.0,0.0,45,0.222222222,5,12,10,8.333333332999999,1,0,phishing,1
7295.0,0,0.928571429,0.071428571,14.28571429,0.230769231,32,0.1875,2,10,23,0.0,1,0,phishing,1
59.0,0,0.0,1.0,0.0,0.0,77,0.012987013,10,14,18,4.666666667,1,2,phishing,1
7448.0,0,0.375,0.625,100.0,0.0,87,0.091954023,11,16,21,5.333333333,1,2,legitimate,0
7295.0,0,0.928571429,0.071428571,14.28571429,0.846153846,33,0.03030303,2,13,26,0.0,1,1,phishing,1
5555.0,0,0.0,1.0,100.0,0.0,42,0.0,4,13,21,5.5,1,3,legitimate,0
7298.0,0,0.8205128209999999,0.179487179,15.38461538,0.25,95,0.126315789,10,30,43,4.625,1,6,phishing,1
7371.0,0,0.0047169809999999,0.995283019,75.0,0.0,22,0.0,2,7,14,0.0,1,3,legitimate,0
5444.0,0,0.6219780220000001,0.378021978,37.40648379,0.038869258,74,0.081081081,9,12,24,5.0,1,2,legitimate,0
9328.0,0,0.126436782,0.8735632179999999,54.54545455,0.363636364,30,0.0,3,8,16,5.0,0,3,legitimate,0
5075.0,0,0.4,0.6,50.0,0.25,54,0.0,8,12,14,5.6,1,0,phishing,1
12539.0,0,0.227586207,0.772413793,35.29411765,0.0,97,0.051546392,12,11,13,6.7,1,2,legitimate,0
7296.0,0,1.0,0.0,0.0,0.0,34,0.117647059,2,13,26,0.0,1,0,phishing,1
9318.0,0,0.118644068,0.8813559320000001,50.0,0.285714286,58,0.0,7,12,16,6.0,1,1,legitimate,0
1953.0,0,0.875,0.125,0.0,0.0,33,0.151515152,3,10,14,10.0,1,1,phishing,1
5075.0,0,0.111111111,0.8888888890000001,0.0,0.0,30,0.0,3,9,22,0.0,1,3,legitimate,0
3263.0,0,0.5844155839999999,0.415584416,72.72727273,0.022222222,58,0.0,5,13,17,7.25,1,1,legitimate,0
7156.0,0,0.093333333,0.906666667,100.0,0.0,58,0.0862068969999999,7,11,25,7.666666667,1,2,legitimate,0
6640.0,0,0.93129771,0.06870229,75.67567568,0.024590164,25,0.0,2,9,16,0.0,0,3,legitimate,0
3052.0,1,0.125,0.875,0.0,0.25,160,0.2625,22,11,20,5.55,1,2,phishing,1
5075.0,0,0.084210526,0.915789474,90.56603774,0.125,39,0.307692308,3,12,13,8.0,1,1,legitimate,0
4491.0,0,0.0625,0.9375,72.72727273,0.0,91,0.0,12,10,18,5.6,1,4,legitimate,0
3993.0,0,0.0,1.0,100.0,0.0,123,0.178861789,13,17,46,7.375,1,4,phishing,1
5075.0,0,0.0,0.0,0.0,0.0,31,0.0,3,9,13,3.5,1,0,phishing,1
1853.0,2,0.0,1.0,0.0,0.0,62,0.0161290319999999,8,9,13,4.714285714,1,0,phishing,1
5075.0,0,0.708333333,0.291666667,75.0,0.029411765,22,0.0,2,6,14,0.0,0,3,legitimate,0
5075.0,1,0.666666667,0.333333333,0.0,0.375,67,0.059701493,5,14,19,9.25,1,0,phishing,1
798.0,0,0.988071571,0.011928429,4.166666667,0.016096579,118,0.237288136,11,40,12,8.7,1,8,phishing,1
7448.0,0,0.0,0.0,0.0,0.0,83,0.108433735,11,9,28,4.875,1,3,legitimate,0
2391.0,0,0.145454545,0.854545455,72.22222222,0.375,41,0.0,4,14,16,8.0,0,3,legitimate,0
6302.0,0,0.025423729,0.974576271,0.0,0.0,55,0.0,6,12,20,5.75,1,3,legitimate,0
11556.0,0,0.0,1.0,100.0,0.0,62,0.241935484,10,6,15,3.875,0,0,legitimate,0
1891.0,0,0.363636364,0.636363636,0.0,0.0,19,0.0,1,7,11,0.0,0,0,legitimate,0
817.0,0,0.25,0.75,100.0,0.0,20,0.0,1,7,13,0.0,0,0,legitimate,0
10674.0,0,0.118644068,0.8813559320000001,67.85714286,0.142857143,54,0.0,5,9,19,7.666666667,0,0,legitimate,0
8927.0,0,0.0,1.0,0.0,0.0,45,0.066666667,5,9,23,3.333333333,1,4,phishing,1
5075.0,0,0.051724138,0.948275862,62.5,0.166666667,17,0.0,2,3,10,0.0,1,3,legitimate,0
4165.0,0,0.363636364,0.636363636,0.0,1.0,29,0.0,3,7,15,5.0,1,3,phishing,1
4648.0,0,0.0625,0.9375,100.0,0.0,49,0.0,5,12,20,6.0,1,6,phishing,1
5075.0,0,0.0,1.0,0.0,0.0,21,0.047619048,2,7,6,7.0,1,0,phishing,1
1338.0,0,0.111111111,0.8888888890000001,0.0,0.0,42,0.047619048,4,11,20,6.0,0,0,phishing,1
5075.0,0,0.027027027,0.972972973,50.0,0.0,35,0.314285714,11,5,14,3.142857143,1,0,phishing,1
8019.0,0,0.884615385,0.115384615,0.0,0.0,140,0.071428571,13,31,33,8.7,1,4,phishing,1
2301.0,0,0.05511811,0.94488189,100.0,0.0,32,0.0,2,11,23,0.0,0,0,phishing,1
7174.0,0,1.0,0.0,0.0,0.333333333,28,0.0,2,14,21,0.0,1,0,phishing,1
3993.0,0,0.0,1.0,100.0,0.0,76,0.065789474,7,15,50,8.5,1,4,phishing,1
5616.0,0,0.80952381,0.19047619,25.0,0.176470588,51,0.274509804,6,18,35,3.5,1,1,phishing,1
2022.0,0,0.0,1.0,100.0,0.0,50,0.0,6,9,12,6.75,1,3,phishing,1
6257.0,0,0.132420091,0.867579909,51.61290323,0.068965517,40,0.0,3,17,25,7.0,1,5,legitimate,0
5075.0,0,0.0,1.0,0.0,0.0,15,0.0,1,5,8,0.0,0,0,legitimate,0
7519.0,0,0.196969697,0.803030303,60.0,0.038461538,66,0.0,6,18,26,7.25,0,4,legitimate,0
959.0,3,0.0,0.0,0.0,0.0,100,0.28,9,32,20,9.285714286,1,2,phishing,1
7623.0,0,0.576208178,0.423791822,0.64516129,0.664516129,32,0.125,3,9,20,4.0,1,0,legitimate,0
5257.0,0,0.7777777779999999,0.222222222,84.61538462,0.142857143,97,0.0,10,11,21,7.625,1,2,legitimate,0
5075.0,3,0.846153846,0.153846154,100.0,0.0,67,0.044776119,9,8,10,5.25,1,15,phishing,1
5157.0,0,0.011560694,0.988439306,96.15384615,0.75,45,0.044444444,5,7,14,6.666666667,0,3,legitimate,0
1847.0,1,0.2,0.8,0.0,0.0,226,0.469026549,13,64,21,17.0,1,15,phishing,1
3271.0,0,0.0,1.0,0.0,0.0,57,0.0,5,14,18,7.0,1,1,phishing,1
5001.0,0,0.458333333,0.541666667,73.4375,0.318181818,73,0.109589041,10,9,12,4.888888889,1,1,legitimate,0
5615.0,2,0.80952381,0.19047619,25.0,0.176470588,62,0.177419355,6,27,44,4.5,1,1,phishing,1
5075.0,0,0.03960396,0.96039604,72.72727273,0.625,23,0.0,2,3,14,0.0,1,3,legitimate,0
5075.0,2,0.0,0.0,0.0,0.0,55,0.0,7,12,13,6.0,1,0,phishing,1
9186.0,0,0.221864952,0.778135048,1.470588235,0.0144927539999999,42,0.0,4,10,17,8.0,0,3,legitimate,0
7446.0,0,1.0,0.0,0.0,0.583333333,21,0.0,2,7,14,0.0,1,0,phishing,1
5612.0,0,0.368421053,0.6315789470000001,100.0,0.0,149,0.120805369,9,67,32,20.6,1,5,phishing,1
7298.0,0,0.795454545,0.204545455,21.42857143,0.2,30,0.1,2,9,22,0.0,1,3,legitimate,0
8519.0,0,0.621621622,0.378378378,100.0,0.0,34,0.0,3,9,16,9.0,0,4,legitimate,0
7134.0,0,0.04,0.96,63.63636364,0.5,46,0.0,5,9,16,6.333333333,1,0,legitimate,0
4846.0,1,0.666666667,0.333333333,0.0,0.0,47,0.0,5,12,16,4.75,1,1,phishing,1
2614.0,0,0.428571429,0.571428571,0.0,0.0,202,0.118811881,5,92,18,57.66666667,1,5,phishing,1
597.0,2,0.0,0.0,0.0,0.0,65,0.123076923,6,20,24,5.4,1,2,phishing,1
7805.0,0,0.489051095,0.510948905,8.571428571,0.044776119,99,0.0,11,17,24,6.555555556,1,7,legitimate,0
3320.0,0,0.010416667,0.989583333,100.0,0.0,47,0.042553191,5,14,22,4.333333333,1,1,phishing,1
1792.0,0,0.0,1.0,0.0,0.0,57,0.035087719,5,16,20,6.5,1,1,phishing,1
2300.0,2,0.454545455,0.545454545,60.0,0.0,98,0.255102041,10,32,26,8.142857142999999,1,7,phishing,1
5075.0,0,0.865,0.135,7.142857143,0.034682081,22,0.0,1,10,13,0.0,1,0,phishing,1
8075.0,0,0.021604938,0.978395062,57.14285714,0.142857143,93,0.0,10,13,21,7.0,1,3,legitimate,0
5375.0,0,0.0,0.0,0.0,0.0,58,0.103448276,5,15,19,6.5,1,3,phishing,1
8348.0,2,1.0,0.0,0.0,0.0,55,0.163636364,4,24,16,14.0,0,2,phishing,1
3032.0,0,0.0,0.0,0.0,0.0,73,0.0821917809999999,8,18,21,5.428571429,1,1,phishing,1
7446.0,0,0.387096774,0.612903226,100.0,0.041666667,94,0.095744681,13,10,24,4.545454545,1,5,legitimate,0
3403.0,3,0.0,1.0,100.0,0.0,155,0.025806452,18,15,22,6.8125,1,4,phishing,1
1496.0,1,0.035714286,0.964285714,97.46835443,0.0,202,0.376237624,12,64,13,15.45454545,0,17,phishing,1
5749.0,0,0.238683128,0.761316872,60.0,0.103448276,49,0.0,5,11,19,6.666666667,1,3,legitimate,0
6472.0,0,0.615384615,0.384615385,100.0,0.0,43,0.0,5,8,16,5.333333333,0,3,legitimate,0
8001.0,0,0.9,0.1,0.0,1.0,26,0.0,2,10,18,0.0,1,3,legitimate,0
3734.0,0,0.445945946,0.554054054,84.61538462,0.0,32,0.0,2,16,24,0.0,1,4,legitimate,0
4174.0,0,0.311111111,0.688888889,58.82352941,0.285714286,79,0.101265823,9,17,25,5.571428571,1,4,legitimate,0
9204.0,0,0.233333333,0.7666666670000001,24.24242424,0.357142857,41,0.0,4,10,18,7.0,0,4,legitimate,0
5075.0,0,0.074074074,0.925925926,0.0,0.0,28,0.0,2,12,20,0.0,1,3,legitimate,0
5767.0,0,0.033333333,0.966666667,100.0,0.0,81,0.271604938,5,32,27,14.66666667,1,6,phishing,1
5075.0,0,0.0,1.0,0.0,0.0,67,0.0,6,18,25,7.5,1,4,phishing,1
2058.0,4,0.19047619,0.80952381,20.0,0.5,118,0.042372881,13,18,26,6.6363636360000005,1,8,phishing,1
7133.0,0,0.031666667,0.968333333,70.76923077,0.526315789,57,0.0,6,10,16,7.25,0,3,legitimate,0
77.0,0,0.533333333,0.466666667,100.0,0.0,23,0.0,2,6,16,0.0,0,0,phishing,1
4235.0,0,0.0,0.0,0.0,0.0,124,0.0,14,13,29,7.0,1,6,legitimate,0
104.0,0,0.0,1.0,0.0,0.0,25,0.0,2,6,17,0.0,1,0,phishing,1
167.0,0,0.0,0.0,0.0,0.0,38,0.0,4,11,25,5.0,1,1,phishing,1
5311.0,0,0.081967213,0.918032787,0.0,0.0,43,0.0,4,11,19,7.5,1,3,legitimate,0
3100.0,1,0.933333333,0.066666667,50.0,0.071428571,35,0.0,2,13,27,0.0,1,0,phishing,1
4335.0,0,0.055555556,0.944444444,0.0,0.0,38,0.052631579,6,5,13,3.5,1,4,legitimate,0
5075.0,0,0.3,0.7,0.0,0.5555555560000001,28,0.0,3,7,13,3.0,1,0,phishing,1
5885.0,0,0.0830039529999999,0.916996047,88.23529412,0.238095238,53,0.0,7,9,15,5.2,0,4,legitimate,0
2837.0,0,1.0,0.0,0.0,1.0,34,0.0,3,11,25,0.0,1,1,phishing,1
4284.0,2,0.217391304,0.7826086959999999,20.0,0.0,169,0.153846154,13,43,21,11.63636364,1,9,phishing,1
5075.0,0,0.0,0.0,0.0,0.0,102,0.362745098,16,21,6,4.866666667,1,3,phishing,1
3339.0,1,0.0,0.0,0.0,0.0,65,0.030769231,7,11,17,7.0,1,4,phishing,1
5075.0,0,0.01863354,0.98136646,57.14285714,0.0,31,0.0,2,11,22,0.0,1,3,legitimate,0
9684.0,1,0.315384615,0.684615385,78.57142857,0.024390244,71,0.0,9,8,15,6.0,1,4,legitimate,0
6667.0,0,0.9,0.1,0.0,0.222222222,49,0.0,6,7,16,5.25,1,4,phishing,1
7701.0,0,0.152777778,0.8472222220000001,0.0,0.0,29,0.0,2,12,20,0.0,1,3,legitimate,0
5088.0,0,0.7027027029999999,0.297297297,10.25641026,0.076923077,40,0.025,5,10,18,4.0,1,4,phishing,1
4966.0,2,0.0,0.0,0.0,0.0,52,0.0,6,9,17,5.75,1,4,phishing,1
4609.0,4,0.666666667,0.333333333,0.0,0.0,97,0.0,12,14,17,5.545454545,1,2,phishing,1
7841.0,0,0.070422535,0.929577465,0.0,0.066666667,99,0.0,12,11,16,6.6,0,5,legitimate,0
9619.0,1,0.0,0.0,0.0,0.0,70,0.0,9,10,15,5.857142857,1,3,legitimate,0
7412.0,0,1.0,0.0,0.0,1.166666667,29,0.0,2,9,22,0.0,0,0,phishing,1
4492.0,1,0.096774194,0.903225806,0.0,0.0,35,0.0,3,11,26,0.0,1,1,phishing,1
4250.0,0,0.0,1.0,0.0,0.0,58,0.034482759,7,8,22,6.0,1,1,phishing,1
7197.0,0,0.065789474,0.934210526,100.0,0.0,65,0.0,6,16,16,9.5,0,5,legitimate,0
7295.0,0,0.928571429,0.071428571,14.28571429,0.846153846,44,0.022727273,2,24,37,0.0,1,0,phishing,1
5075.0,0,0.0,0.0,0.0,0.0,20,0.0,2,4,11,0.0,1,3,legitimate,0
4505.0,2,0.142857143,0.857142857,100.0,0.0,81,0.0,7,18,20,8.0,1,2,phishing,1
7133.0,0,0.052173913,0.947826087,53.84615385,0.5,37,0.0,5,9,16,3.333333333,0,0,legitimate,0
5379.0,0,0.013859275,0.986140725,91.22807018,0.076923077,77,0.0779220779999999,8,15,23,6.833333333,1,7,legitimate,0
5345.0,0,0.0,1.0,100.0,0.0,74,0.0,7,15,23,7.6,1,3,legitimate,0
5616.0,1,0.818181818,0.181818182,25.0,0.166666667,73,0.04109589,10,9,41,4.75,1,3,phishing,1
7253.0,0,1.0,0.0,0.0,0.583333333,25,0.08,2,11,18,0.0,1,1,phishing,1
7159.0,0,0.15,0.85,73.80952381,0.533333333,45,0.177777778,6,8,14,5.0,1,1,legitimate,0
6512.0,0,0.663043478,0.336956522,0.0,0.032786885,51,0.0,6,8,18,5.5,0,2,legitimate,0
2078.0,0,0.0625,0.9375,100.0,2.0,28,0.107142857,3,10,21,0.0,1,0,phishing,1
5075.0,1,0.75,0.25,0.0,0.0,43,0.0,5,8,11,5.25,0,0,phishing,1
5075.0,0,0.0,1.0,100.0,0.0,62,0.290322581,4,32,10,14.0,1,2,phishing,1
691.0,0,0.863013699,0.136986301,1.666666667,0.126984127,38,0.0,2,13,30,0.0,1,0,phishing,1
9261.0,0,0.008298755,0.991701245,95.0,0.25,68,0.0,9,12,20,4.857142857,1,3,legitimate,0
1072.0,1,0.465388711,0.534611289,0.0,1.922196796,26,0.0,2,10,18,0.0,1,4,legitimate,0
5075.0,0,0.130434783,0.869565217,25.0,0.0,32,0.0,3,14,22,2.0,1,3,phishing,1
1138.0,0,0.5,0.5,95.45454545,0.0,32,0.0,2,15,23,0.0,1,4,legitimate,0
9227.0,1,0.0,0.0,0.0,0.0,93,0.010752688,13,9,17,5.181818182,1,5,legitimate,0
229.0,0,0.0,0.0,0.0,0.0,31,0.0,3,8,23,0.0,1,3,phishing,1
5075.0,0,0.833333333,0.166666667,0.0,0.5,27,0.0,2,6,19,0.0,1,1,phishing,1
254.0,3,0.0,1.0,100.0,0.0,91,0.164835165,8,32,18,10.0,1,5,phishing,1
7295.0,0,0.928571429,0.071428571,14.28571429,0.230769231,34,0.029411765,2,14,27,0.0,1,1,phishing,1
9184.0,0,0.44516129,0.55483871,1.470588235,0.028985507,38,0.0,4,9,17,6.0,0,3,legitimate,0
134.0,0,0.372093023,0.627906977,58.33333333,0.3125,91,0.120879121,8,40,19,9.666666667,1,1,phishing,1
3129.0,0,0.0,0.0,0.0,0.0,34,0.0,3,9,13,5.5,1,0,phishing,1
1850.0,0,0.8877551020000001,0.112244898,3.333333333,0.931034483,39,0.0,3,17,25,5.0,1,3,phishing,1
1596.0,0,0.041791045,0.958208955,20.0,0.0,34,0.0,4,8,15,4.5,0,4,legitimate,0
5232.0,0,0.102564103,0.897435897,0.0,0.25,23,0.043478261,2,6,16,0.0,1,1,legitimate,0
6091.0,0,0.3,0.7,83.33333333,0.2,20,0.0,2,5,12,0.0,0,3,legitimate,0
6615.0,0,0.0,0.0,0.0,0.0,37,0.0,3,10,10,9.0,1,1,phishing,1
5075.0,0,0.0,1.0,100.0,0.0,54,0.0,6,11,18,4.8,1,1,phishing,1
8869.0,0,0.130434783,0.869565217,76.92307692,0.0,35,0.0,3,11,19,7.0,1,3,legitimate,0
3724.0,0,0.193548387,0.806451613,100.0,0.333333333,42,0.0,4,14,22,5.0,1,4,legitimate,0
6989.0,0,0.027027027,0.972972973,90.0,0.333333333,46,0.0,3,19,27,10.0,1,3,legitimate,0
1773.0,0,0.020833333,0.979166667,79.16666667,0.625,34,0.0,2,17,21,5.0,1,1,legitimate,0
2494.0,0,0.775510204,0.224489796,16.66666667,0.052631579,88,0.079545455,13,20,28,3.818181818,1,5,legitimate,0
8733.0,0,0.0,0.0,0.0,0.0,87,0.091954023,9,17,12,8.714285713999999,1,6,legitimate,0
4377.0,0,0.125,0.875,0.0,0.0,56,0.0,4,20,28,9.0,1,4,phishing,1
1882.0,0,0.894736842,0.105263158,28.57142857,0.058823529,29,0.0,2,13,21,0.0,1,3,legitimate,0
7086.0,0,1.0,0.0,0.0,0.0,40,0.025,2,16,32,0.0,1,0,phishing,1
6232.0,0,0.058823529,0.941176471,50.0,0.142857143,26,0.0,2,9,17,0.0,1,4,legitimate,0
8349.0,2,0.233333333,0.7666666670000001,100.0,0.0,45,0.0,4,16,16,10.0,1,3,phishing,1
1925.0,0,0.134328358,0.865671642,33.33333333,0.0,70,0.0,9,9,17,5.428571429,0,4,legitimate,0
10127.0,0,0.153846154,0.846153846,83.33333333,0.0,76,0.078947368,9,12,12,7.0,1,3,legitimate,0
7055.0,0,0.067961165,0.932038835,0.0,0.285714286,30,0.0,2,13,22,0.0,1,1,phishing,1
4003.0,0,0.0,1.0,100.0,0.0,128,0.15625,13,17,50,7.375,1,6,phishing,1
3630.0,0,0.0,0.0,0.0,0.0,61,0.049180328,7,9,13,5.833333333,1,1,phishing,1
5075.0,0,0.454545455,0.545454545,66.66666667,0.0,83,0.096385542,12,9,12,4.727272727,0,0,legitimate,0
8019.0,0,0.884615385,0.115384615,0.0,0.0,102,0.117647059,9,46,27,9.833333333,1,2,phishing,1
5075.0,0,0.0,1.0,0.0,0.0,200,0.025,12,31,19,14.72727273,1,8,phishing,1
5075.0,0,0.119496855,0.880503145,0.0,0.052631579,33,0.0,2,13,24,0.0,1,3,legitimate,0
3621.0,0,0.158415842,0.841584158,0.0,0.625,24,0.0,2,9,16,0.0,1,4,legitimate,0
8519.0,0,0.436363636,0.563636364,75.0,0.0,39,0.0,3,13,16,13.0,0,5,legitimate,0
12561.0,0,0.12849162,0.87150838,28.57142857,0.47826087,73,0.0,10,10,22,5.285714286,1,3,legitimate,0
1385.0,0,0.166666667,0.833333333,11.11111111,0.6,32,0.0,2,15,23,0.0,1,4,legitimate,0
3993.0,0,0.0,1.0,100.0,0.0,76,0.118421053,7,15,50,8.5,1,5,phishing,1
5075.0,0,0.034031414,0.965968586,72.72727273,0.692307692,119,0.0,15,12,11,6.214285714,0,0,legitimate,0
3993.0,0,0.0,1.0,100.0,0.0,127,0.125984252,13,17,50,7.375,1,2,phishing,1
1426.0,0,0.0,0.0,0.0,0.0,53,0.188679245,5,13,17,8.666666667000001,1,0,phishing,1
5075.0,0,0.6984126979999999,0.301587302,18.18181818,0.045454545,43,0.023255814,4,10,12,5.666666667,1,1,phishing,1
2146.0,0,0.105263158,0.894736842,83.33333333,0.0,47,0.0,4,13,17,6.0,1,0,legitimate,0
6752.0,0,0.090909091,0.909090909,0.0,1.0,148,0.060810811,15,54,15,8.461538462,1,4,phishing,1
2379.0,0,0.285714286,0.7142857140000001,0.0,0.333333333,24,0.041666667,2,8,15,0.0,0,3,legitimate,0
5159.0,0,0.516129032,0.483870968,0.0,0.625,30,0.0,3,7,23,0.0,1,0,legitimate,0
2790.0,0,0.213114754,0.786885246,0.0,0.153846154,29,0.0,2,12,20,0.0,1,3,legitimate,0
6246.0,0,0.5,0.5,66.66666667,0.5,87,0.0,12,9,17,5.3,1,3,legitimate,0
9115.0,0,0.978723404,0.021276596,1.369863014,0.097826087,144,0.291666667,10,32,46,14.0,1,3,phishing,1
7199.0,0,0.057471264,0.942528736,100.0,0.0,54,0.0,6,10,16,6.75,0,3,legitimate,0
5075.0,0,0.0,1.0,0.0,0.0,18,0.055555556,2,5,4,5.0,1,1,phishing,1
7520.0,0,0.232142857,0.767857143,41.17647059,0.038461538,58,0.0,5,18,26,7.333333333,0,4,legitimate,0
7768.0,0,0.333333333,0.666666667,15.38461538,0.142857143,30,0.0,3,7,15,6.0,1,3,legitimate,0
4609.0,4,0.666666667,0.333333333,0.0,0.0,105,0.0,15,14,17,4.785714286,1,8,phishing,1
5660.0,0,0.0,0.0,0.0,0.0,147,0.142857143,20,19,30,5.055555556,1,4,phishing,1
7159.0,0,0.02484472,0.97515528,100.0,1.0,45,0.0,5,9,21,4.333333333,1,0,legitimate,0
5075.0,0,0.858823529,0.141176471,41.66666667,0.04109589,31,0.0,2,16,20,2.0,1,2,phishing,1
4003.0,0,0.0,1.0,100.0,0.0,69,0.15942029,6,15,42,8.5,1,1,phishing,1
6974.0,0,0.340909091,0.659090909,100.0,0.0,44,0.022727273,5,9,13,6.666666667,1,0,legitimate,0
12122.0,0,0.12,0.88,33.33333333,0.0,124,0.032258065,17,13,13,5.933333332999999,0,8,legitimate,0
7298.0,0,0.872340426,0.127659574,18.18181818,0.341463415,31,0.0,2,10,23,0.0,1,0,legitimate,0
243.0,3,0.0,1.0,100.0,0.0,100,0.21,10,32,18,8.375,1,6,phishing,1
7356.0,0,0.5,0.5,43.75,0.2,41,0.0,3,10,33,0.0,1,3,legitimate,0
1960.0,0,0.247058824,0.752941176,44.44444444,0.428571429,30,0.0,2,13,21,0.0,1,4,legitimate,0
5615.0,3,0.818181818,0.181818182,25.0,0.166666667,58,0.051724138,8,9,40,4.5,1,3,phishing,1
3751.0,0,0.058823529,0.941176471,85.71428571,0.333333333,58,0.0,7,9,25,5.5,1,4,legitimate,0
5075.0,0,0.423728814,0.576271186,69.76744186,0.32,28,0.0,2,13,20,0.0,1,3,legitimate,0
1669.0,0,1.0,0.0,0.0,0.027027027,126,0.285714286,12,32,61,8.666666667000001,1,5,phishing,1
3992.0,0,0.0,1.0,100.0,0.0,115,0.173913043,11,17,42,8.142857142999999,1,5,phishing,1
2047.0,3,0.102272727,0.897727273,85.71428571,0.5555555560000001,107,0.186915888,10,32,19,9.0,1,10,phishing,1
7129.0,0,0.09406953,0.90593047,71.77914109999998,0.586956522,44,0.0,6,9,18,5.0,0,0,legitimate,0
4093.0,0,0.0080645159999999,0.991935484,100.0,1.0,63,0.0,6,11,16,8.75,1,5,legitimate,0
7.0,1,0.0,0.0,0.0,0.0,36,0.0,4,6,27,0.0,1,3,phishing,1
5075.0,0,0.057692308,0.942307692,94.73684211,0.0,51,0.039215686,5,11,15,8.333333332999999,1,4,legitimate,0
7765.0,0,1.0,0.0,0.0,0.0,132,0.03030303,8,43,16,16.83333333,1,39,phishing,1
253.0,0,0.210526316,0.7894736840000001,0.0,0.5,89,0.112359551,8,40,17,9.666666667,1,2,phishing,1
5132.0,0,0.484536082,0.515463918,59.52380952,0.170212766,63,0.0,8,9,17,5.333333333,1,3,legitimate,0
5075.0,0,0.036281179,0.963718821,99.12536443,0.0625,21,0.047619048,1,9,14,0.0,1,0,legitimate,0
7040.0,0,0.0,0.0,0.0,0.0,46,0.043478261,3,23,30,2.0,1,4,phishing,1
5720.0,0,0.0,1.0,0.0,0.0,26,0.076923077,2,7,18,0.0,1,0,phishing,1
5075.0,0,0.299492386,0.7005076140000001,22.72727273,0.305084746,51,0.0,5,11,17,7.666666667,0,3,legitimate,0
5909.0,0,0.0,0.0,0.0,0.0,21,0.0,2,5,13,0.0,0,3,legitimate,0
1478.0,0,0.052287582,0.947712418,57.89473684,0.125,49,0.0,5,9,13,5.75,1,1,legitimate,0
171.0,0,0.472222222,0.5277777779999999,42.85714286,0.117647059,37,0.054054054,2,20,28,0.0,1,3,phishing,1
5075.0,2,0.136690647,0.863309353,88.57142857,0.0,49,0.0,6,7,17,5.0,1,4,phishing,1
6605.0,0,0.120689655,0.879310345,0.0,0.214285714,43,0.0,4,11,24,4.0,0,0,phishing,1
3378.0,0,0.0,0.0,0.0,0.0,254,0.181102362,8,149,29,35.16666667,1,2,phishing,1
70.0,1,0.787878788,0.212121212,14.28571429,0.115384615,58,0.0,6,15,32,5.333333333,1,3,phishing,1
5075.0,1,0.609756098,0.390243902,12.5,0.2,38,0.0,2,15,22,6.0,1,0,phishing,1
6156.0,0,0.114114114,0.885885886,61.53846154,0.026315789,45,0.0,4,17,25,5.0,1,3,legitimate,0
2738.0,0,0.002204262,0.997795738,90.47619048,0.333333333,48,0.041666667,7,13,21,3.0,1,5,legitimate,0
8018.0,0,0.263157895,0.736842105,100.0,0.0,144,0.0625,15,40,33,7.416666667,1,4,phishing,1
254.0,3,0.0,1.0,100.0,0.0,100,0.2,10,32,18,8.375,1,3,phishing,1
7131.0,0,0.056285178,0.943714822,75.40983607,0.233333333,49,0.0,5,12,16,7.333333333,0,1,legitimate,0
41.0,0,0.16,0.84,0.0,0.0,109,0.027522936,10,42,27,9.571428571,1,2,phishing,1
3718.0,0,0.5,0.5,62.5,0.166666667,44,0.022727273,4,15,21,4.333333333,1,1,phishing,1
1546.0,0,0.533333333,0.466666667,0.0,0.083333333,40,0.075,3,13,31,0.0,1,4,phishing,1
7159.0,0,0.103658537,0.896341463,74.0,0.647058824,43,0.139534884,6,8,14,4.5,1,0,legitimate,0
5075.0,0,0.033670034,0.966329966,86.2745098,0.5,33,0.0,5,5,12,3.333333333,1,3,legitimate,0
5613.0,0,0.5301204820000001,0.469879518,56.92307692,0.363636364,43,0.0,6,8,25,4.0,1,2,phishing,1
2139.0,0,0.0,0.0,0.0,0.0,25,0.0,2,8,12,4.0,1,0,phishing,1
5075.0,0,0.541666667,0.458333333,100.0,0.0,38,0.052631579,4,9,16,4.0,1,1,phishing,1
7765.0,0,0.1,0.9,100.0,0.0,31,0.0,3,6,23,0.0,1,0,phishing,1
784.0,0,0.0,0.0,0.0,0.0,33,0.0,3,8,25,0.0,1,2,phishing,1
1198.0,0,0.0,0.0,0.0,0.0,36,0.0,2,12,19,8.0,1,0,phishing,1
8153.0,0,0.1363636359999999,0.8636363640000001,20.0,0.083333333,29,0.0,2,12,20,0.0,0,3,legitimate,0
2157.0,2,0.144067797,0.855932203,0.0,0.529411765,91,0.0,10,12,16,6.555555556,1,1,legitimate,0
5000.0,0,0.1875,0.8125,50.0,0.0,54,0.0,6,10,12,5.8,1,0,legitimate,0
7962.0,0,0.055555556,0.944444444,100.0,0.0,28,0.0,1,16,20,0.0,1,1,legitimate,0
5445.0,0,0.307692308,0.692307692,0.0,0.0,26,0.0,2,7,17,0.0,0,1,legitimate,0
6858.0,0,0.155279503,0.8447204970000001,17.85714286,0.04,50,0.02,6,15,23,4.0,1,3,legitimate,0
4562.0,0,0.0,1.0,0.0,0.0,41,0.0,4,10,16,4.666666667,1,0,phishing,1
1547.0,1,0.684210526,0.315789474,80.0,0.0,43,0.069767442,4,13,26,4.0,1,4,phishing,1
5075.0,0,0.026315789,0.973684211,50.0,1.0,43,0.0,4,12,16,8.5,1,1,legitimate,0
5046.0,0,0.056,0.944,91.52542373,0.142857143,58,0.0,6,14,22,6.25,0,4,legitimate,0
3815.0,0,0.75,0.25,0.0,1.0,406,0.169950739,12,143,26,36.3,1,17,phishing,1
4487.0,0,0.063829787,0.936170213,70.0,0.0,61,0.0,6,13,18,8.0,1,3,legitimate,0
1298.0,0,0.9,0.1,0.0,0.5555555560000001,27,0.0,2,12,19,0.0,1,0,phishing,1
5075.0,0,0.204379562,0.7956204379999999,10.0,0.0,31,0.0,2,16,23,0.0,1,4,legitimate,0
5075.0,0,0.0,1.0,0.0,0.0,89,0.258426966,5,32,35,14.66666667,1,3,phishing,1
118.0,2,0.666666667,0.333333333,0.0,1.0,59,0.0,7,13,10,6.0,0,0,phishing,1
6342.0,0,0.133333333,0.8666666670000001,0.0,0.0,45,0.0,4,11,36,0.0,1,0,phishing,1
3360.0,0,0.0,0.0,0.0,0.0,33,0.0,2,18,22,2.0,1,1,phishing,1
7967.0,0,0.0,1.0,0.0,0.0,41,0.0,4,9,13,5.666666667,1,0,phishing,1
8018.0,0,0.727272727,0.272727273,0.0,0.0,294,0.183673469,27,33,34,9.416666667,1,5,phishing,1
4216.0,3,0.0,0.0,0.0,0.0,34,0.0,4,12,15,3.0,0,0,phishing,1
9320.0,0,0.301369863,0.698630137,0.0,0.090909091,32,0.0,5,7,17,1.666666667,0,1,legitimate,0
4316.0,0,0.408163265,0.591836735,21.42857143,0.075,24,0.0,2,7,15,0.0,1,3,legitimate,0
1841.0,0,0.88,0.12,0.0,0.0,46,0.0,4,11,19,8.5,1,5,phishing,1
7810.0,0,0.074576271,0.925423729,10.0,0.090909091,22,0.0,2,6,14,0.0,0,3,legitimate,0
419.0,0,0.634146341,0.365853659,66.66666667,0.076923077,264,0.242424242,11,74,18,22.7,1,25,phishing,1
5075.0,0,0.033333333,0.966666667,60.0,1.0,20,0.1,1,10,13,0.0,1,0,legitimate,0
5075.0,0,0.0,0.0,0.0,0.0,31,0.0,2,11,18,5.0,1,1,phishing,1
5826.0,0,0.0845070419999999,0.915492958,0.0,0.166666667,62,0.0806451609999999,8,9,16,5.166666667,1,6,legitimate,0
5075.0,0,0.0,1.0,100.0,0.0,58,0.068965517,6,11,17,7.25,1,4,legitimate,0
9802.0,0,0.541176471,0.458823529,100.0,0.0,69,0.115942029,10,10,15,4.75,0,2,legitimate,0
3768.0,1,0.105263158,0.894736842,33.33333333,1.0,159,0.06918239,9,91,33,18.83333333,1,3,phishing,1
8355.0,0,0.02247191,0.97752809,100.0,0.0,51,0.0,6,9,17,5.75,0,4,legitimate,0
8618.0,0,0.0,1.0,0.0,0.0,41,0.0,5,9,17,4.666666667,1,3,legitimate,0
1238.0,0,0.0,0.0,0.0,0.0,81,0.0,10,11,14,5.666666667,1,0,phishing,1
251.0,0,0.307692308,0.692307692,100.0,0.0,18,0.055555556,1,5,11,0.0,0,0,legitimate,0
7119.0,0,0.260416667,0.739583333,65.78947368,0.46,103,0.116504854,11,11,24,6.888888889,1,4,legitimate,0
5075.0,5,0.0,1.0,100.0,0.0,89,0.0,12,12,18,4.818181818,1,1,phishing,1
5075.0,1,0.833333333,0.166666667,100.0,0.0,54,0.018518519,7,11,12,4.833333333,1,0,phishing,1
5908.0,0,0.120481928,0.879518072,32.14285714,0.1,39,0.025641026,6,8,22,2.333333333,1,4,legitimate,0
3992.0,0,0.0,1.0,100.0,0.0,118,0.203389831,11,17,42,8.142857142999999,1,12,phishing,1
384.0,2,0.433333333,0.566666667,50.0,0.076923077,86,0.081395349,12,9,11,5.090909091,0,3,phishing,1
6494.0,0,1.0,0.0,91.30434783,0.0,39,0.128205128,5,6,16,4.333333333,1,1,legitimate,0
7721.0,0,0.264900662,0.7350993379999999,25.0,0.075,42,0.0,4,11,19,7.0,0,3,legitimate,0
5075.0,0,0.0,0.0,0.0,0.0,18,0.0,1,4,10,0.0,1,0,legitimate,0
5639.0,0,0.442307692,0.557692308,0.0,0.0,43,0.069767442,6,7,15,3.75,0,3,legitimate,0
5884.0,0,0.0704845809999999,0.929515419,88.88888889,0.125,50,0.0,6,9,15,6.0,0,4,legitimate,0
2303.0,0,0.428571429,0.571428571,57.14285714,0.0,24,0.0,2,9,16,0.0,0,3,phishing,1
5075.0,0,0.488372093,0.511627907,17.64705882,0.380952381,24,0.0,2,6,16,0.0,0,3,legitimate,0
5075.0,0,0.0,0.0,0.0,0.0,17,0.117647059,2,3,5,3.0,0,0,phishing,1
7477.0,0,0.404761905,0.595238095,36.36363636,0.117647059,45,0.0,6,8,19,5.0,1,3,phishing,1
6483.0,0,0.119047619,0.880952381,12.5,0.5,34,0.0,2,17,25,0.0,1,4,legitimate,0
5075.0,0,0.0,0.0,0.0,0.0,33,0.0,3,11,13,11.0,1,3,legitimate,0
3934.0,0,0.0,0.0,0.0,0.0,41,0.0,4,16,27,5.0,1,3,phishing,1
5160.0,0,0.153846154,0.846153846,0.0,0.0,35,0.0,3,8,28,0.0,1,2,legitimate,0
8252.0,0,0.3,0.7,75.0,0.0,38,0.0,3,11,19,11.0,1,3,legitimate,0
7986.0,0,0.52,0.48,83.33333333,0.115384615,50,0.0,5,9,17,7.666666667,0,0,legitimate,0
2273.0,0,0.5,0.5,44.44444444,0.375,49,0.0,5,11,19,6.333333333,1,3,legitimate,0
5075.0,0,0.0,1.0,100.0,0.0,35,0.0,3,13,13,13.0,1,3,phishing,1
5158.0,0,0.212121212,0.787878788,74.07407407,0.0,38,0.0,4,11,25,1.0,1,1,legitimate,0
10055.0,0,0.0,0.0,0.0,0.0,50,0.0,5,10,14,8.333333332999999,1,3,legitimate,0
9111.0,0,0.226415094,0.773584906,38.46153846,0.583333333,75,0.16,10,11,19,4.875,1,4,legitimate,0
7830.0,0,0.0,1.0,100.0,0.0,54,0.0,7,8,17,4.8,0,0,legitimate,0
7160.0,0,0.113772455,0.886227545,75.80645161,0.894736842,45,0.177777778,6,8,14,5.0,1,1,legitimate,0
5075.0,0,0.7222222220000001,0.277777778,100.0,0.0,21,0.0,1,11,14,0.0,1,0,phishing,1
7083.0,0,1.0,0.0,0.0,0.0,268,0.145522388,9,200,26,32.42857143,1,10,phishing,1
1424.0,0,0.255555556,0.7444444440000001,22.22222222,0.043478261,25,0.0,2,8,16,0.0,0,3,legitimate,0
340.0,3,0.045454545,0.954545455,100.0,0.0,202,0.336633663,13,64,11,14.33333333,1,5,phishing,1
7295.0,0,0.928571429,0.071428571,14.28571429,0.846153846,33,0.0,2,11,24,0.0,1,0,phishing,1
5075.0,0,0.681818182,0.318181818,26.66666667,0.0,26,0.0,3,7,14,2.0,0,3,legitimate,0
9635.0,0,0.613496933,0.386503067,15.38461538,0.15,67,0.28358209,10,8,17,4.375,0,5,legitimate,0
5075.0,1,0.083333333,0.916666667,100.0,0.0,77,0.012987013,10,16,20,4.444444444,1,2,phishing,1
6919.0,0,0.1365187709999999,0.863481229,0.0,0.05,27,0.0,2,11,18,0.0,0,3,legitimate,0
5075.0,0,0.0,0.0,0.0,0.0,65,0.184615385,8,10,19,5.333333333,1,1,legitimate,0
7276.0,0,0.040322581,0.959677419,80.0,0.4,34,0.0,4,7,14,5.5,0,0,legitimate,0
6362.0,1,0.0,1.0,0.0,0.0,35,0.0,2,14,20,3.0,1,1,phishing,1
1899.0,1,0.1707317069999999,0.8292682929999999,0.0,0.142857143,42,0.047619048,6,9,13,3.4,1,0,phishing,1
6325.0,0,0.772413793,0.227586207,6.451612902999999,0.1607142859999999,34,0.0,2,15,27,0.0,1,1,legitimate,0
5075.0,0,0.1,0.9,20.0,0.111111111,56,0.0,7,14,22,4.4,1,4,legitimate,0
4003.0,0,0.0,1.0,100.0,0.0,120,0.2,12,17,42,7.375,1,1,phishing,1
5075.0,0,0.068965517,0.931034483,0.0,1.0,18,0.111111111,2,5,5,5.0,1,1,phishing,1
8348.0,1,1.0,0.0,0.0,0.0,84,0.071428571,9,33,16,7.571428571,0,1,phishing,1
5075.0,0,0.076923077,0.923076923,100.0,0.0,40,0.35,9,18,14,5.8,1,2,phishing,1
7970.0,0,0.309734513,0.690265487,35.0,0.228571429,28,0.0,2,11,19,0.0,1,3,legitimate,0
385.0,0,0.125,0.875,50.0,1.0,41,0.0,4,14,22,4.5,0,7,phishing,1
3851.0,2,0.7142857140000001,0.285714286,0.0,0.8,57,0.0,5,17,20,9.0,1,0,phishing,1
562.0,1,0.0,1.0,0.0,0.0,39,0.0,3,14,20,4.5,1,0,phishing,1
3515.0,0,0.358974359,0.641025641,64.28571429,0.5,59,0.0,7,10,18,5.6,0,3,legitimate,0
8348.0,2,1.0,0.0,0.0,0.0,59,0.0,8,8,16,4.666666667,0,1,phishing,1
5588.0,0,0.0,1.0,0.0,0.0,53,0.0,5,12,28,8.0,1,3,legitimate,0
7765.0,0,1.0,0.0,0.0,0.0,132,0.045454545,7,80,16,20.6,1,42,phishing,1
5075.0,0,0.0,1.0,0.0,0.0,38,0.026315789,4,10,21,3.5,1,0,phishing,1
4172.0,0,0.037313433,0.962686567,30.76923077,0.1,31,0.0,3,10,18,3.0,0,3,legitimate,0
6882.0,0,0.229166667,0.770833333,18.18181818,0.0,56,0.0,7,9,13,6.0,0,5,legitimate,0
4003.0,0,0.0,1.0,100.0,0.0,119,0.159663866,12,17,42,7.375,1,1,phishing,1
5075.0,0,0.153846154,0.846153846,0.0,0.0,35,0.085714286,4,8,15,4.5,1,4,phishing,1
12710.0,1,0.095238095,0.904761905,20.0,0.75,57,0.052631579,6,10,21,6.25,1,1,legitimate,0
3744.0,0,0.346938776,0.653061224,0.0,0.470588235,27,0.0,2,10,18,0.0,1,4,legitimate,0
5075.0,0,0.117647059,0.882352941,33.33333333,0.0,30,0.0,2,14,21,0.0,0,3,legitimate,0
5626.0,0,0.80952381,0.19047619,25.0,0.294117647,65,0.153846154,7,17,31,7.666666667,1,1,phishing,1
5075.0,0,0.0,1.0,100.0,0.0,31,0.0,2,13,9,13.0,1,0,phishing,1
8896.0,0,0.123076923,0.876923077,87.27272727,0.75,34,0.0,5,7,15,2.666666667,0,3,legitimate,0
5075.0,0,0.0,0.0,0.0,0.0,75,0.04,8,12,27,5.833333333,1,0,legitimate,0
12207.0,0,0.403846154,0.596153846,57.14285714,0.095238095,62,0.161290323,10,11,16,3.75,1,3,legitimate,0
3746.0,0,0.161290323,0.838709677,86.36363636,0.1,56,0.0,5,13,21,8.333333332999999,1,7,legitimate,0
8347.0,1,0.666666667,0.333333333,0.0,0.0,99,0.070707071,8,54,15,11.66666667,1,2,phishing,1
5627.0,0,0.80952381,0.19047619,25.0,0.294117647,40,0.25,4,14,31,0.0,1,1,phishing,1
6244.0,1,0.6476190479999999,0.352380952,6.666666667,0.279411765,79,0.0,8,13,21,7.333333333,1,3,legitimate,0
7133.0,0,0.07518797,0.92481203,61.53846154,0.6,77,0.051948052,9,10,16,6.571428571,0,1,legitimate,0
8268.0,0,0.147540984,0.852459016,23.52941176,0.0,22,0.0,2,5,13,0.0,0,3,legitimate,0
9229.0,0,0.0,0.0,0.0,0.0,84,0.095238095,11,8,17,5.666666667,1,2,legitimate,0
7295.0,0,0.928571429,0.071428571,14.28571429,0.230769231,36,0.0,2,16,29,0.0,1,1,phishing,1
2128.0,0,0.403061224,0.596938776,66.66666667,0.037974684,43,0.0,4,10,31,3.0,1,0,legitimate,0
3992.0,0,0.0,1.0,100.0,0.0,117,0.222222222,11,17,42,8.142857142999999,1,1,phishing,1
6256.0,0,0.043010753,0.956989247,93.93939394,0.0,84,0.05952381,9,17,27,5.857142857,1,4,legitimate,0
3386.0,0,0.0,0.0,0.0,0.0,47,0.234042553,7,10,12,3.5,1,1,phishing,1
62.0,0,0.4,0.6,50.0,0.25,52,0.019230769,7,16,14,6.75,1,2,phishing,1
177.0,0,0.0,0.0,0.0,0.0,33,0.03030303,3,10,19,6.0,1,0,phishing,1
204.0,0,0.0,1.0,100.0,0.0,63,0.0,7,12,20,6.2,1,4,phishing,1
3738.0,0,0.267015707,0.732984293,6.25,0.647058824,22,0.0,2,6,13,0.0,0,3,legitimate,0
6686.0,0,0.177570093,0.8224299070000001,20.0,0.473684211,31,0.0,3,8,16,7.0,0,3,legitimate,0
6311.0,0,0.097142857,0.902857143,70.0,0.235294118,28,0.0,2,11,19,0.0,0,3,legitimate,0
5307.0,0,0.55,0.45,46.66666667,0.181818182,23,0.0,2,6,14,0.0,0,3,legitimate,0
339.0,2,0.0,1.0,0.0,0.0,63,0.0,5,23,27,6.0,1,1,phishing,1
6302.0,1,0.0,0.0,0.0,0.0,35,0.0,4,10,17,4.0,1,3,phishing,1
5184.0,0,0.102564103,0.897435897,20.0,0.75,36,0.0,3,9,18,9.0,0,0,legitimate,0
7448.0,0,0.0,0.0,0.0,0.0,56,0.035714286,8,11,12,5.0,1,4,legitimate,0
7295.0,0,0.928571429,0.071428571,14.28571429,0.846153846,33,0.121212121,2,13,26,0.0,1,0,phishing,1
6108.0,0,0.230769231,0.7692307690000001,0.0,0.0,30,0.0,2,14,22,0.0,1,3,legitimate,0
3102.0,0,0.443548387,0.556451613,0.0,0.0,37,0.0,2,20,28,0.0,1,4,legitimate,0
2668.0,3,0.0,1.0,100.0,0.0,163,0.27607362,14,40,15,9.846153846,1,6,phishing,1
495.0,2,0.470588235,0.529411765,50.0,0.125,177,0.186440678,15,43,11,10.21428571,1,9,phishing,1
5443.0,0,0.843537415,0.156462585,11.95652174,0.024193548,84,0.095238095,11,18,30,4.222222222,1,1,legitimate,0
3306.0,0,0.0681818179999999,0.931818182,0.0,0.0,35,0.0,2,19,27,0.0,1,3,legitimate,0
7087.0,0,1.0,0.0,0.0,0.0,40,0.0,3,11,32,0.0,1,1,phishing,1
9714.0,0,0.520958084,0.479041916,12.76595745,0.218390805,42,0.0,6,7,11,4.75,0,3,legitimate,0
7134.0,0,0.113756614,0.886243386,66.92307692,0.395348837,43,0.0,5,9,16,5.333333333,0,0,legitimate,0
2761.0,0,0.105263158,0.894736842,100.0,0.0,77,0.0,8,13,17,6.428571429,1,1,legitimate,0
7410.0,0,0.0,0.0,0.0,0.0,33,0.0,3,13,17,2.5,1,0,phishing,1
7519.0,0,0.179310345,0.820689655,60.0,0.038461538,60,0.0,5,18,26,8.0,0,4,legitimate,0
9006.0,0,0.033333333,0.966666667,76.47058824,0.75,55,0.0,7,10,11,6.4,0,5,legitimate,0
5308.0,0,0.25,0.75,80.0,0.1,49,0.020408163,7,7,15,4.4,1,3,legitimate,0
5075.0,0,0.5,0.5,12.5,1.0,31,0.0,3,9,23,0.0,0,3,legitimate,0
5075.0,0,0.0,0.0,0.0,0.0,57,0.0,7,13,20,5.0,1,4,phishing,1
3530.0,0,0.504807692,0.495192308,2.564102564,0.1619047619999999,83,0.048192771,11,16,24,4.777777778,1,3,legitimate,0
246.0,0,0.225806452,0.774193548,100.0,0.0,34,0.0,3,13,27,0.0,1,3,phishing,1
1.0,0,0.0,0.0,0.0,0.0,42,0.0,3,19,33,0.0,1,4,phishing,1
2364.0,3,0.0,1.0,0.0,0.0,61,0.0,8,15,23,4.166666667,1,3,phishing,1
7764.0,0,1.0,0.0,0.0,0.0,132,0.060606061,7,80,16,20.6,1,41,phishing,1
293.0,1,0.25,0.75,100.0,0.0,94,0.021276596,11,15,7,6.9,0,1,phishing,1
5158.0,0,0.6,0.4,0.0,0.666666667,80,0.05,12,17,14,4.8,0,4,legitimate,0
6314.0,0,0.125,0.875,100.0,0.0,38,0.0,2,21,29,0.0,1,4,legitimate,0
1549.0,0,0.147727273,0.852272727,84.61538462,0.307692308,33,0.0,2,17,25,0.0,1,5,legitimate,0
5075.0,0,0.142857143,0.857142857,0.0,1.0,51,0.098039216,4,12,16,6.333333333,1,1,phishing,1
7834.0,2,0.0,0.0,0.0,0.0,45,0.0,5,8,19,5.0,1,0,phishing,1
2403.0,0,0.0,1.0,0.0,0.0,73,0.123287671,11,9,16,4.333333333,1,6,phishing,1
5075.0,0,0.032786885,0.967213115,55.55555556,0.25,31,0.0,3,7,12,5.0,0,1,phishing,1
6723.0,2,0.0,0.0,0.0,0.0,57,0.0,7,10,19,5.0,1,0,phishing,1
7867.0,0,0.060483871,0.939516129,22.22222222,0.2,50,0.0,7,9,11,5.2,0,3,legitimate,0
7491.0,0,0.48,0.52,0.0,0.0,28,0.0,2,8,11,8.0,1,2,legitimate,0
2300.0,2,0.454545455,0.545454545,60.0,0.0,93,0.301075269,9,32,22,8.0,1,3,phishing,1
5075.0,0,0.055172414,0.944827586,72.72727273,0.75,27,0.0,1,13,20,0.0,1,0,legitimate,0
6070.0,0,0.194444444,0.805555556,0.0,0.75,22,0.0,2,7,14,0.0,1,3,legitimate,0
5075.0,0,0.004811548,0.995188452,50.0,0.333333333,22,0.0,2,6,14,0.0,0,3,legitimate,0
8199.0,0,0.290322581,0.709677419,66.66666667,0.0,55,0.0,5,18,14,10.33333333,0,4,legitimate,0
1546.0,0,0.928571429,0.071428571,0.0,0.076923077,45,0.066666667,4,13,30,2.5,1,4,phishing,1
5075.0,1,1.0,0.0,0.0,0.0,110,0.145454545,18,14,6,4.588235294,1,5,phishing,1
1949.0,0,0.571428571,0.428571429,0.0,0.0,47,0.0,4,12,26,12.0,1,3,phishing,1
7296.0,0,0.875,0.125,33.33333333,0.285714286,49,0.0,2,27,40,0.0,1,0,phishing,1
5075.0,0,0.0,1.0,0.0,0.0,29,0.0,4,7,10,3.0,1,2,phishing,1
2480.0,0,0.096774194,0.903225806,0.0,0.0,25,0.0,3,5,11,5.0,1,4,phishing,1
7134.0,0,0.036312849,0.963687151,71.11111111,0.307692308,54,0.0,6,10,16,6.5,0,0,legitimate,0
6197.0,0,0.236842105,0.763157895,43.75,0.222222222,22,0.0,2,5,13,0.0,1,4,legitimate,0
539.0,0,0.0,0.0,0.0,0.0,29,0.0,2,12,16,3.0,1,0,phishing,1
5001.0,0,0.285714286,0.7142857140000001,0.0,0.0,24,0.0,2,8,16,0.0,1,3,legitimate,0
8175.0,0,0.048231511,0.951768489,89.28571429,0.133333333,31,0.0,4,9,17,2.0,0,3,legitimate,0
4478.0,0,0.983333333,0.016666667,13.63636364,0.13559322,62,0.096774194,9,9,17,4.428571429,0,6,legitimate,0
3489.0,0,0.0,0.0,0.0,0.0,30,0.0,3,8,19,2.0,1,0,phishing,1
2770.0,0,0.40625,0.59375,81.25,0.0,47,0.0,3,20,24,6.5,1,1,legitimate,0
1797.0,2,0.0,1.0,100.0,0.0,94,0.042553191,12,15,23,5.4,1,6,phishing,1
3993.0,0,0.0,1.0,100.0,0.0,127,0.204724409,13,17,50,7.375,1,9,phishing,1
4202.0,0,0.217391304,0.7826086959999999,100.0,0.0,43,0.0,4,8,36,0.0,1,1,phishing,1
7634.0,0,0.25,0.75,0.0,0.0,29,0.172413793,2,9,21,0.0,1,2,phishing,1
3735.0,0,0.301075269,0.698924731,33.33333333,0.107142857,30,0.0,2,13,21,0.0,0,4,legitimate,0
4486.0,0,0.063829787,0.936170213,70.0,0.0,65,0.0,7,10,18,7.0,1,6,legitimate,0
4003.0,0,0.0,1.0,100.0,0.0,126,0.166666667,13,17,50,7.375,1,2,phishing,1
5075.0,0,0.9,0.1,44.44444444,0.0,27,0.0,2,10,18,0.0,0,3,legitimate,0
2346.0,0,0.5,0.5,0.0,1.0,51,0.0,4,10,26,7.5,1,0,legitimate,0
6890.0,0,0.0,1.0,0.0,0.0,47,0.085106383,6,8,10,5.0,1,3,legitimate,0
5075.0,0,0.7307692309999999,0.269230769,0.0,0.052631579,57,0.0,5,22,30,5.666666667,1,3,phishing,1
5626.0,0,0.80952381,0.19047619,25.0,0.294117647,45,0.2,5,11,28,9.0,1,1,phishing,1
4863.0,0,0.9609375,0.0390625,0.0,0.056910569,36,0.0,3,10,12,7.0,0,0,legitimate,0
1661.0,0,0.0,1.0,100.0,0.0,32,0.0,3,14,22,1.0,1,3,phishing,1
5075.0,0,0.0,0.0,0.0,0.0,36,0.0,2,13,20,7.0,1,0,phishing,1
5198.0,0,0.015625,0.984375,0.0,0.0,66,0.0,10,10,18,4.125,1,4,legitimate,0
6763.0,0,0.023041475,0.976958525,20.0,0.6,27,0.0,2,11,18,0.0,1,3,legitimate,0
8346.0,1,1.0,0.0,0.0,0.0,238,0.155462185,29,19,19,6.666666667,0,11,phishing,1
8600.0,0,0.203125,0.796875,4.0,0.615384615,18,0.0,2,3,10,0.0,1,3,legitimate,0
1969.0,0,0.062084257,0.937915743,0.0,0.214285714,25,0.0,1,9,16,0.0,1,0,legitimate,0
2095.0,0,0.272727273,0.727272727,69.23076923,0.277777778,59,0.0,7,11,15,5.0,1,0,legitimate,0
5075.0,1,0.0,1.0,0.0,0.0,94,0.074468085,7,38,26,11.2,1,5,phishing,1
3567.0,0,0.0,1.0,100.0,0.0,42,0.0,6,6,10,3.2,1,0,phishing,1
8347.0,1,0.417808219,0.582191781,80.76923077,0.081967213,44,0.0,5,10,16,5.333333333,1,1,legitimate,0
5639.0,0,0.442307692,0.557692308,0.0,0.0,43,0.0,5,11,15,5.666666667,0,3,legitimate,0
1576.0,1,0.571428571,0.428571429,0.0,0.75,68,0.014705882,7,15,19,6.0,1,0,phishing,1
5075.0,0,0.0,0.0,0.0,0.0,26,0.0,2,8,18,0.0,1,1,phishing,1
5075.0,4,0.189655172,0.810344828,86.36363636,0.0,74,0.0,8,13,12,6.714285714,1,2,phishing,1
7131.0,0,0.033962264,0.966037736,64.0,0.5555555560000001,45,0.0,5,9,16,6.0,0,1,legitimate,0
5075.0,0,0.0,1.0,0.0,0.0,19,0.421052632,8,3,11,2.0,1,4,phishing,1
3993.0,0,0.0,1.0,100.0,0.0,69,0.086956522,6,15,42,8.5,1,2,phishing,1
2521.0,0,0.0,0.0,0.0,0.0,47,0.14893617,3,29,7,15.0,1,0,phishing,1
5075.0,0,0.153846154,0.846153846,0.0,1.0,51,0.176470588,11,20,12,5.428571429,1,1,phishing,1
1017.0,0,0.296296296,0.703703704,50.0,0.1875,38,0.026315789,4,8,30,0.0,1,1,phishing,1
11271.0,0,0.0,0.0,0.0,0.0,59,0.033898305,8,13,12,5.666666667,1,3,legitimate,0
1547.0,1,0.727272727,0.272727273,4.347826087,0.125,40,0.075,5,13,23,4.0,1,5,phishing,1
4823.0,0,0.333333333,0.666666667,0.0,0.0,38,0.0,2,13,30,0.0,1,1,phishing,1
1297.0,0,0.892561983,0.107438017,16.66666667,0.4074074070000001,27,0.0,2,12,19,0.0,1,3,legitimate,0
6073.0,0,0.302405498,0.6975945020000001,51.0,0.102272727,49,0.0,5,15,25,4.666666667,1,0,legitimate,0
5075.0,0,0.0,0.0,0.0,0.0,50,0.06,6,8,25,4.666666667,1,0,phishing,1
5027.0,0,0.156716418,0.843283582,22.22222222,0.0,28,0.0,2,12,19,0.0,1,3,legitimate,0
7309.0,0,0.928571429,0.071428571,14.28571429,0.230769231,31,0.0,3,8,23,0.0,1,0,phishing,1
6438.0,0,0.333333333,0.666666667,66.66666667,0.4,34,0.029411765,5,5,7,3.75,1,0,legitimate,0
3992.0,0,0.0,1.0,100.0,0.0,131,0.122137405,14,17,54,7.375,1,5,phishing,1
1536.0,0,0.238095238,0.761904762,27.27272727,0.85,74,0.175675676,7,13,32,7.25,1,5,phishing,1
1547.0,1,0.727272727,0.272727273,4.347826087,0.125,48,0.0625,4,13,31,4.0,1,4,phishing,1
2105.0,0,0.212121212,0.787878788,71.42857143,0.0,68,0.0,5,29,37,6.666666667,1,4,phishing,1
5075.0,0,0.464285714,0.535714286,42.85714286,0.153846154,36,0.0,2,19,27,0.0,1,3,legitimate,0
1801.0,0,0.0,1.0,100.0,0.0,28,0.0,2,11,19,0.0,1,3,legitimate,0
5075.0,0,0.459459459,0.540540541,0.0,0.470588235,21,0.142857143,2,5,7,5.0,0,0,phishing,1
834.0,0,0.0,0.0,0.0,0.0,39,0.0,3,18,22,3.0,1,0,phishing,1
4594.0,0,0.291666667,0.708333333,33.33333333,0.285714286,31,0.0,2,15,23,0.0,1,4,legitimate,0
7295.0,0,0.928571429,0.071428571,14.28571429,0.846153846,33,0.090909091,2,10,23,0.0,1,1,phishing,1
5992.0,0,0.204081633,0.7959183670000001,100.0,0.0,50,0.08,7,9,42,0.0,1,0,phishing,1
2950.0,2,0.48,0.52,27.77777778,0.041666667,57,0.0,5,19,27,6.333333333,1,4,legitimate,0
1333.0,0,0.327102804,0.672897196,0.0,0.028571429,18,0.0,1,7,11,0.0,1,0,legitimate,0
896.0,1,0.545454545,0.454545455,0.0,0.166666667,35,0.0,4,8,18,8.0,1,3,phishing,1
35.0,0,0.4166666670000001,0.583333333,0.0,0.0,86,0.023255814,11,14,15,5.4,1,1,phishing,1
4774.0,0,0.1417624519999999,0.858237548,85.71428571,0.027027027,26,0.0,2,9,17,0.0,1,3,legitimate,0
3993.0,0,0.0,1.0,100.0,0.0,126,0.222222222,12,17,50,8.142857142999999,1,2,phishing,1
3992.0,0,0.0,1.0,100.0,0.0,124,0.193548387,13,17,46,7.375,1,6,phishing,1
5636.0,0,0.442307692,0.557692308,0.0,0.0,43,0.069767442,5,11,15,5.666666667,0,4,legitimate,0
7160.0,0,0.059701493,0.940298507,100.0,1.0,44,0.159090909,6,8,14,4.75,1,0,legitimate,0
7155.0,0,0.344827586,0.655172414,10.0,0.4,38,0.0,2,16,31,0.0,1,0,legitimate,0
86.0,0,0.141414141,0.8585858590000001,0.0,0.0,22,0.045454545,2,6,14,0.0,1,3,legitimate,0
5387.0,0,0.935483871,0.064516129,6.976744186,0.655172414,23,0.0,3,5,6,4.0,1,0,phishing,1
2795.0,0,1.0,0.0,0.0,0.043478261,36,0.0,2,17,27,0.0,1,4,legitimate,0
5075.0,0,0.0,0.0,0.0,0.0,25,0.0,4,4,9,3.5,1,0,phishing,1
5158.0,0,0.259259259,0.740740741,0.0,0.0,33,0.0,2,15,26,0.0,1,0,legitimate,0
6946.0,0,0.060402685,0.939597315,77.27272727,0.0,31,0.0,3,8,22,0.0,1,4,legitimate,0
6590.0,2,0.666666667,0.333333333,0.0,0.0,556,0.356115108,64,64,25,7.419354838999999,1,141,legitimate,0
1196.0,3,0.0,1.0,100.0,0.0,88,0.0,11,13,21,5.666666667,1,3,phishing,1
7856.0,0,0.294117647,0.705882353,55.55555556,0.066666667,51,0.0,4,14,22,9.0,1,4,legitimate,0
2258.0,0,0.307692308,0.692307692,75.0,0.0,26,0.0,2,9,17,0.0,1,3,legitimate,0
3175.0,0,0.4,0.6,0.0,1.0,45,0.0,2,30,34,3.0,1,1,phishing,1
440.0,0,0.875,0.125,0.0,0.0,33,0.0,2,18,22,2.0,1,0,phishing,1
5627.0,2,0.80952381,0.19047619,25.0,0.294117647,46,0.02173913,6,10,27,4.5,1,1,phishing,1
2345.0,0,0.0,0.0,0.0,0.0,52,0.211538462,5,13,16,8.666666667000001,1,0,phishing,1
4193.0,0,0.016025641,0.983974359,60.0,0.6,20,0.0,3,3,12,0.0,1,4,legitimate,0
6382.0,0,0.105263158,0.894736842,33.33333333,0.0,45,0.0,6,8,13,4.75,1,3,phishing,1
5075.0,0,0.048034934,0.951965066,50.0,0.0,22,0.0,1,12,15,0.0,1,0,legitimate,0
5223.0,0,0.325991189,0.674008811,28.20512821,0.108108108,82,0.048780488,8,14,18,8.333333332999999,1,4,legitimate,0
5075.0,0,0.047619048,0.952380952,0.0,0.5,23,0.0,2,7,14,0.0,0,3,legitimate,0
7432.0,0,0.0,1.0,100.0,0.0,26,0.0,2,10,18,0.0,0,4,legitimate,0
8756.0,0,0.0,0.0,0.0,0.0,29,0.103448276,4,4,14,2.0,1,0,legitimate,0
6211.0,0,0.0,0.0,0.0,0.0,31,0.0,4,5,17,2.5,1,0,phishing,1
199.0,0,0.071129707,0.928870293,100.0,0.0,47,0.404255319,6,10,10,6.5,1,1,phishing,1
4609.0,4,0.666666667,0.333333333,0.0,0.0,105,0.0,14,14,17,5.076923077,1,8,phishing,1
4594.0,0,0.12,0.88,100.0,0.0,27,0.0,2,10,18,0.0,0,4,legitimate,0
8725.0,0,0.088888889,0.911111111,20.0,0.375,21,0.0,2,4,12,0.0,1,3,legitimate,0
7657.0,0,0.01242236,0.98757764,97.98488665,0.7,47,0.0,4,11,15,6.666666667,1,0,legitimate,0
5075.0,0,0.0,1.0,100.0,0.0,45,0.0,5,9,17,5.666666667,1,3,phishing,1
2381.0,4,0.4,0.6,0.0,0.333333333,74,0.0,8,15,19,5.714285714,1,1,phishing,1
5997.0,0,0.0802919709999999,0.919708029,65.0,0.363636364,44,0.0,5,10,18,4.666666667,0,3,legitimate,0
6991.0,0,0.24,0.76,76.19047619,0.027777778,93,0.064516129,12,10,14,6.1,0,3,legitimate,0
7495.0,0,0.375,0.625,50.0,0.0,38,0.0,2,22,30,0.0,1,3,legitimate,0
5088.0,0,0.107142857,0.892857143,71.79487179,0.5,44,0.0,4,20,28,3.5,1,4,legitimate,0
8347.0,0,1.0,0.0,0.0,0.0,104,0.153846154,10,21,24,9.285714286,0,5,phishing,1
2722.0,1,0.0,0.0,0.0,0.0,45,0.0,5,16,24,3.666666667,1,4,phishing,1
3430.0,0,0.333333333,0.666666667,80.0,0.0,32,0.0,2,16,24,0.0,1,4,legitimate,0
1461.0,0,0.0,0.0,0.0,0.0,34,0.0,3,11,17,3.5,1,0,phishing,1
7189.0,0,0.067961165,0.932038835,0.0,0.285714286,42,0.023809524,4,10,34,0.0,1,1,phishing,1
7448.0,0,0.8195991090000001,0.180400891,94.59459459,0.059782609,73,0.0,5,22,36,8.333333332999999,1,7,legitimate,0
5075.0,0,0.0,1.0,0.0,0.0,34,0.0,3,13,20,5.0,1,4,phishing,1
4971.0,1,0.12654321,0.87345679,5.714285714,0.365853659,71,0.042253521,8,12,20,6.333333333,1,3,legitimate,0
5075.0,0,0.0,1.0,100.0,0.0,32,0.0,4,6,10,4.0,1,0,phishing,1
8459.0,0,0.475,0.525,10.57692308,0.442105263,62,0.338709677,11,8,17,3.222222222,0,2,legitimate,0
5075.0,0,0.635135135,0.364864865,15.09433962,0.255319149,19,0.0,2,3,10,0.0,1,3,legitimate,0
5075.0,0,0.108108108,0.8918918920000001,28.57142857,0.25,29,0.0,2,9,20,0.0,1,3,legitimate,0
8048.0,0,0.081632653,0.918367347,76.92307692,0.0,48,0.0,6,12,20,4.0,1,3,legitimate,0
1993.0,0,0.0,1.0,0.0,0.0,102,0.019607843,13,16,20,5.25,1,2,phishing,1
7295.0,0,0.928571429,0.071428571,14.28571429,0.846153846,28,0.0,2,8,21,0.0,1,0,phishing,1
5614.0,0,0.5301204820000001,0.469879518,56.92307692,0.363636364,50,0.0,6,16,33,4.0,1,1,phishing,1
5160.0,0,0.192307692,0.807692308,80.0,0.0,35,0.0,4,7,22,1.0,1,0,legitimate,0
5612.0,0,0.5301204820000001,0.469879518,56.92307692,0.363636364,54,0.111111111,8,7,36,4.0,1,1,phishing,1
2332.0,0,0.119565217,0.880434783,92.85714286,0.0,27,0.0,2,10,18,0.0,0,3,legitimate,0
2328.0,0,0.057471264,0.942528736,0.0,0.6,40,0.0,2,24,32,0.0,1,3,legitimate,0
7295.0,0,0.928571429,0.071428571,14.28571429,0.846153846,35,0.0,2,15,28,0.0,1,0,phishing,1
8044.0,0,0.181818182,0.818181818,66.66666667,0.0,46,0.0,6,12,20,3.5,1,3,legitimate,0
5626.0,0,0.80952381,0.19047619,25.0,0.294117647,72,0.083333333,9,17,38,7.666666667,1,1,phishing,1
4609.0,4,0.666666667,0.333333333,0.0,0.0,120,0.0,15,15,17,5.785714286,1,2,phishing,1
5069.0,0,0.75,0.25,16.66666667,0.0,35,0.0,2,19,27,0.0,1,3,legitimate,0
5616.0,0,0.80952381,0.19047619,25.0,0.176470588,66,0.0,8,15,38,9.5,1,3,phishing,1
5075.0,0,0.018918919,0.981081081,33.33333333,0.285714286,17,0.0,1,5,10,0.0,0,0,legitimate,0
331.0,2,0.0,1.0,0.0,0.0,83,0.0,6,39,47,6.0,1,7,phishing,1
4151.0,0,0.583643123,0.416356877,20.75471698,0.006369427,116,0.051724138,18,11,15,4.470588235,1,0,legitimate,0
1820.0,0,0.12749616,0.87250384,56.84210526,0.5542168670000001,25,0.0,2,8,13,3.0,1,0,legitimate,0
139.0,0,0.019607843,0.980392157,100.0,0.0,24,0.0,1,10,17,0.0,1,0,legitimate,0
6431.0,0,0.142857143,0.857142857,0.0,0.0,71,0.0,8,15,19,5.285714286,1,2,legitimate,0
7586.0,0,0.005347594,0.994652406,91.66666667,0.0,49,0.0,4,14,22,9.0,1,4,legitimate,0
7295.0,0,1.0,0.0,0.0,0.0,40,0.1,2,18,31,0.0,1,0,phishing,1
8019.0,0,1.0,0.0,0.0,0.0,139,0.071942446,16,25,27,6.846153846,1,4,phishing,1
8019.0,0,0.884615385,0.115384615,0.0,0.0,104,0.028846154,12,20,28,6.333333333,1,2,phishing,1
1541.0,0,0.022222222,0.977777778,0.0,0.0,47,0.0,5,12,16,5.0,1,1,phishing,1
8884.0,0,0.07615894,0.92384106,86.95652174,0.0,26,0.0,2,9,17,0.0,0,4,legitimate,0
5075.0,0,0.930851064,0.069148936,5.555555556,0.017142857,23,0.0,2,6,16,0.0,1,3,legitimate,0
5075.0,0,0.6,0.4,0.0,0.0,70,0.042857143,6,24,32,6.5,1,4,phishing,1
1330.0,0,0.0,1.0,100.0,0.0,46,0.043478261,6,10,15,4.75,1,1,phishing,1
5075.0,0,0.005681818,0.994318182,100.0,0.0,36,0.0,3,12,15,6.0,1,0,legitimate,0
5075.0,0,0.242105263,0.757894737,33.33333333,0.260869565,55,0.0,6,16,28,5.333333333,1,4,legitimate,0
4202.0,0,0.217391304,0.7826086959999999,100.0,0.0,48,0.0,4,12,41,0.0,1,1,phishing,1
5627.0,0,0.818181818,0.181818182,25.0,0.277777778,60,0.116666667,7,10,41,10.0,1,6,phishing,1
1546.0,0,0.75,0.25,0.0,1.0,46,0.065217391,2,20,38,0.0,1,5,phishing,1
167.0,0,0.0,1.0,0.0,0.0,33,0.0,3,14,21,2.0,1,3,phishing,1
1398.0,1,0.307692308,0.692307692,0.0,0.0,51,0.1372549019999999,4,15,19,7.0,1,0,legitimate,0
2072.0,0,0.0,0.0,0.0,0.0,50,0.0,6,15,25,3.25,1,1,phishing,1
520.0,2,0.918032787,0.081967213,0.0,0.1607142859999999,82,0.219512195,7,24,24,9.2,1,1,phishing,1
3466.0,0,0.010526316,0.989473684,92.30769231,0.0,25,0.0,2,9,17,0.0,0,3,legitimate,0
1724.0,0,0.285714286,0.7142857140000001,0.0,0.0,28,0.0,2,13,21,0.0,0,3,phishing,1
4836.0,0,0.014778325,0.985221675,33.33333333,0.333333333,24,0.0,2,9,16,0.0,1,4,legitimate,0
5627.0,0,0.0,0.0,0.0,0.0,53,0.169811321,7,11,44,0.0,1,1,phishing,1
9690.0,0,0.101123596,0.898876404,50.0,0.0,40,0.1,4,12,20,5.5,1,6,legitimate,0
4918.0,0,0.0,1.0,100.0,0.0,60,0.0,7,11,19,5.8,0,3,legitimate,0
1.0,0,0.147679325,0.852320675,84.32432432,0.114285714,26,0.0,2,11,18,0.0,1,2,phishing,1
6180.0,0,0.185840708,0.814159292,85.71428571,0.0,39,0.128205128,4,12,10,6.333333333,0,1,legitimate,0
6866.0,0,0.067961165,0.932038835,0.0,0.285714286,43,0.0,3,16,26,8.0,1,1,phishing,1
4489.0,1,0.09375,0.90625,0.0,0.0,33,0.0,2,12,25,0.0,1,0,phishing,1
4617.0,0,0.0,0.0,0.0,0.0,77,0.064935065,11,13,17,4.2,1,1,phishing,1
3515.0,0,0.0,1.0,100.0,0.0,54,0.0,6,16,21,7.666666667,1,3,legitimate,0
2486.0,0,0.461538462,0.538461538,100.0,0.0,22,0.0,2,6,13,0.0,1,3,legitimate,0
7297.0,0,0.565789474,0.434210526,58.75,0.255813953,33,0.0,2,12,25,0.0,1,0,legitimate,0
43.0,2,0.0,0.0,0.0,0.0,88,0.25,8,32,16,9.833333333,1,9,phishing,1
5616.0,0,0.80952381,0.19047619,25.0,0.176470588,42,0.047619048,6,7,24,4.5,1,1,phishing,1
6718.0,0,0.0,1.0,0.0,0.0,29,0.0,2,13,21,0.0,0,4,legitimate,0
57.0,3,0.6,0.4,0.0,0.0,72,0.0,9,8,9,6.0,1,2,phishing,1
5616.0,0,0.80952381,0.19047619,25.0,0.176470588,46,0.217391304,6,14,31,2.5,1,8,phishing,1
9105.0,0,0.247863248,0.7521367520000001,50.0,0.020689655,44,0.0,4,11,18,7.5,0,4,legitimate,0
5075.0,0,0.311111111,0.688888889,23.07692308,0.5,17,0.0,1,7,10,0.0,0,0,legitimate,0
5320.0,0,0.076923077,0.923076923,33.33333333,0.0,23,0.0,2,6,14,0.0,0,3,legitimate,0
7985.0,0,0.164965986,0.8350340140000001,37.5,0.113402062,32,0.0,2,15,23,0.0,1,3,legitimate,0
7159.0,0,0.10766721,0.89233279,69.60784314,0.545454545,41,0.097560976,6,8,14,4.0,1,0,legitimate,0
5075.0,0,0.153846154,0.846153846,0.0,0.0,40,0.0,3,13,17,6.0,1,1,phishing,1
6212.0,0,0.146551724,0.853448276,46.875,0.176470588,76,0.0,8,12,16,7.666666667,0,2,legitimate,0
3136.0,3,0.0,0.0,0.0,0.0,54,0.0,7,14,22,4.0,1,5,phishing,1
5075.0,0,0.142857143,0.857142857,80.0,0.5,17,0.0,2,4,10,0.0,0,0,legitimate,0
216.0,0,0.142857143,0.857142857,0.0,1.0,183,0.213114754,25,39,37,5.571428571,1,9,phishing,1
8702.0,0,0.113207547,0.886792453,54.16666667,0.166666667,29,0.0,2,12,20,0.0,0,3,legitimate,0
7988.0,0,0.117647059,0.882352941,25.0,0.2,57,0.0,6,11,12,8.5,0,3,legitimate,0
5075.0,0,0.34375,0.65625,9.090909091,0.545454545,36,0.0,5,8,25,2.0,1,0,phishing,1
2787.0,0,0.72,0.28,55.88235294,0.361111111,74,0.0,7,19,27,6.8,1,3,legitimate,0
9024.0,0,0.264705882,0.735294118,11.53846154,0.138888889,83,0.0,14,10,18,3.75,1,3,legitimate,0
4012.0,1,0.428571429,0.571428571,0.0,0.0,415,0.122891566,4,383,16,194.5,1,8,phishing,1
4425.0,3,0.09375,0.90625,100.0,0.0,89,0.0,13,7,14,5.090909091,1,6,phishing,1
7131.0,0,0.080152672,0.919847328,72.48908297,0.349206349,40,0.0,5,9,16,4.333333333,0,0,legitimate,0
6133.0,0,0.197674419,0.802325581,100.0,0.0,61,0.0,8,11,16,5.333333333,1,4,legitimate,0
1109.0,0,0.0123456789999999,0.987654321,93.5483871,0.5,34,0.0,4,7,25,0.0,1,3,legitimate,0
5075.0,0,0.653846154,0.346153846,0.0,0.470588235,26,0.0,2,12,18,0.0,1,0,phishing,1
1130.0,0,0.254901961,0.745098039,90.32258065,0.307692308,20,0.0,1,8,11,0.0,0,0,legitimate,0
2498.0,0,0.061538462,0.938461538,0.0,0.25,19,0.0,1,5,12,0.0,0,0,legitimate,0
2122.0,0,0.071428571,0.928571429,75.0,0.75,80,0.25,5,32,29,13.0,1,6,phishing,1
1777.0,0,0.411764706,0.588235294,0.0,0.071428571,33,0.0,3,7,11,5.5,1,0,phishing,1
3225.0,0,0.097345133,0.902654867,22.22222222,0.272727273,64,0.03125,8,11,15,4.857142857,1,3,legitimate,0
2532.0,0,0.727272727,0.272727273,100.0,0.0,26,0.0,3,5,18,0.0,0,3,legitimate,0
9625.0,1,0.941176471,0.058823529,0.0,0.125,63,0.0,7,11,15,7.0,1,5,legitimate,0
4329.0,0,0.0,1.0,100.0,0.0,47,0.0,5,10,17,6.666666667,0,3,phishing,1
1105.0,0,0.0,1.0,0.0,0.0,51,0.0,5,16,22,4.25,1,2,phishing,1
6343.0,0,0.051282051,0.948717949,75.0,0.5,44,0.0,3,13,27,8.0,1,2,phishing,1
7821.0,0,0.121338912,0.878661088,31.57894737,0.172413793,17,0.0,1,3,10,0.0,1,0,legitimate,0
8348.0,1,1.0,0.0,0.0,0.0,83,0.024096386,8,33,16,8.666666667000001,0,1,phishing,1
6677.0,0,0.5111111110000001,0.488888889,4.166666667,0.260869565,73,0.01369863,9,9,19,6.666666667,1,4,legitimate,0
2312.0,0,0.314814815,0.685185185,66.66666667,0.0,32,0.0,2,16,24,0.0,1,3,legitimate,0
5627.0,0,0.818181818,0.181818182,25.0,0.277777778,32,0.09375,4,7,24,0.0,1,1,phishing,1
7136.0,0,0.010204082,0.989795918,92.85714286,0.25,23,0.0,2,8,15,0.0,0,3,legitimate,0
6396.0,0,0.105263158,0.894736842,0.0,0.75,87,0.310344828,11,14,14,6.333333333,1,5,phishing,1
1.0,0,0.142857143,0.857142857,0.0,1.0,148,0.108108108,23,18,31,4.19047619,1,1,phishing,1
2663.0,0,0.0,0.0,0.0,0.0,22,0.0,2,6,8,6.0,1,1,phishing,1
3771.0,0,0.705882353,0.294117647,10.0,0.333333333,38,0.052631579,5,7,18,5.0,1,1,phishing,1
8797.0,0,0.135135135,0.864864865,37.03703704,0.0,142,0.056338028,24,8,16,4.409090909,1,4,legitimate,0
1137.0,0,0.482758621,0.517241379,0.0,0.142857143,29,0.0,2,12,20,0.0,1,3,legitimate,0
1799.0,0,0.342857143,0.6571428570000001,100.0,0.0,27,0.0,2,9,10,9.0,0,1,phishing,1
5075.0,0,0.0,1.0,0.0,0.0,24,0.166666667,2,8,16,0.0,1,0,phishing,1
11.0,3,0.0,1.0,100.0,0.0,51,0.0,6,11,19,5.0,1,4,phishing,1
7186.0,0,0.048611111,0.951388889,72.72727273,0.0,27,0.0,2,11,19,0.0,0,3,legitimate,0
5638.0,0,0.433962264,0.5660377360000001,0.0,0.0,43,0.093023256,5,11,15,5.666666667,0,3,legitimate,0
5075.0,0,0.75,0.25,0.0,1.0,100,0.0,13,11,14,5.583333333,1,0,phishing,1
2082.0,0,0.193548387,0.806451613,100.0,0.0,52,0.0,5,14,22,6.333333333,1,3,legitimate,0
5613.0,0,0.80952381,0.19047619,25.0,0.176470588,65,0.046153846,8,10,25,7.0,1,4,phishing,1
5075.0,1,0.477777778,0.522222222,91.02564103,0.046511628,45,0.0,5,13,17,4.0,1,1,legitimate,0
6256.0,0,0.130044843,0.869955157,51.61290323,0.0,41,0.0,3,17,25,8.0,1,4,legitimate,0
7591.0,0,0.191489362,0.808510638,100.0,0.0,103,0.0,11,13,21,7.333333333,1,4,legitimate,0
255.0,1,0.4,0.6,0.0,0.0,70,0.0,7,21,25,5.166666667,1,1,phishing,1
8052.0,0,0.019607843,0.980392157,100.0,0.0,51,0.0,6,10,18,5.5,0,3,legitimate,0
5075.0,0,0.235294118,0.764705882,16.66666667,0.083333333,21,0.0,2,6,13,0.0,1,3,legitimate,0
6253.0,1,0.067961165,0.932038835,0.0,0.285714286,46,0.043478261,5,17,29,4.0,1,4,phishing,1
6091.0,0,0.30952381,0.69047619,12.5,0.846153846,56,0.0,7,8,29,5.666666667,1,3,legitimate,0
3186.0,0,0.204819277,0.795180723,14.28571429,0.470588235,27,0.0,2,10,18,0.0,0,3,legitimate,0
8922.0,0,0.5,0.5,0.0,0.0,140,0.028571429,16,15,15,7.285714286,1,1,phishing,1
3075.0,0,0.5,0.5,0.0,0.666666667,27,0.0,2,11,19,0.0,1,3,legitimate,0
115.0,0,0.0,0.0,0.0,0.0,53,0.018867925,6,17,25,4.25,1,7,phishing,1
724.0,0,0.0,1.0,0.0,0.0,25,0.16,3,4,17,0.0,1,0,phishing,1
8348.0,1,1.0,0.0,0.0,0.0,85,0.070588235,11,29,16,5.777777778,0,2,phishing,1
8686.0,0,0.277777778,0.7222222220000001,0.0,1.0,58,0.0,7,15,23,4.4,1,5,legitimate,0
5075.0,2,0.764705882,0.235294118,50.0,0.153846154,48,0.0,5,15,22,3.25,1,1,phishing,1
7131.0,0,0.066115702,0.933884298,70.37037037,0.4166666670000001,55,0.0,6,10,16,6.75,0,0,legitimate,0
5075.0,0,0.672131148,0.327868852,35.0,0.0,20,0.0,1,6,13,0.0,1,0,legitimate,0
3423.0,0,0.541666667,0.458333333,26.08695652,0.269230769,63,0.0,6,17,21,5.8,1,0,legitimate,0
2521.0,0,0.0,0.0,0.0,0.0,47,0.085106383,3,29,7,15.0,1,0,phishing,1
8674.0,0,0.0,0.0,0.0,0.0,68,0.147058824,10,12,20,4.125,1,5,legitimate,0
1514.0,0,0.484848485,0.515151515,62.85714286,0.5,30,0.0,2,13,21,0.0,1,3,legitimate,0
5075.0,0,0.0,1.0,0.0,0.0,56,0.089285714,6,18,24,5.25,1,0,phishing,1
5075.0,3,0.0,1.0,0.0,0.0,50,0.0,5,13,17,5.5,1,1,phishing,1
4281.0,0,0.028776978,0.971223022,25.0,0.5,30,0.0,2,13,21,0.0,1,3,legitimate,0
2501.0,0,0.0,1.0,0.0,0.0,54,0.185185185,3,28,17,28.0,1,0,phishing,1
5075.0,0,0.0,1.0,0.0,0.0,56,0.071428571,6,16,48,0.0,1,4,phishing,1
7253.0,0,1.0,0.0,0.0,0.583333333,21,0.0,2,7,14,0.0,1,0,phishing,1
3802.0,0,0.6,0.4,25.0,0.533333333,30,0.0,2,13,21,0.0,1,5,legitimate,0
2732.0,0,0.369369369,0.630630631,68.18181818,0.902439024,48,0.0,5,10,16,7.0,0,3,legitimate,0
7415.0,0,0.052083333,0.947916667,9.090909091,0.3,51,0.0,9,7,15,3.0,0,3,legitimate,0
3890.0,0,0.8222222220000001,0.177777778,0.0,0.054054054,47,0.0,5,9,16,6.333333333,1,0,legitimate,0
1575.0,0,0.24,0.76,42.85714286,0.333333333,39,0.0,6,9,16,3.0,1,1,phishing,1
5075.0,0,0.066666667,0.933333333,40.0,0.25,30,0.0,1,18,21,0.0,1,0,legitimate,0
6377.0,0,0.5555555560000001,0.444444444,16.48351648,0.5,46,0.0,5,12,25,12.0,1,4,legitimate,0
4003.0,0,0.0,1.0,100.0,0.0,124,0.161290323,13,17,46,7.375,1,4,phishing,1
9170.0,0,0.178217822,0.821782178,42.85714286,0.0,62,0.048387097,7,10,18,6.2,0,4,legitimate,0
3662.0,0,0.676056338,0.323943662,19.14893617,0.0625,22,0.0,2,6,14,0.0,0,6,legitimate,0
5626.0,0,0.818181818,0.181818182,25.0,0.277777778,59,0.084745763,7,9,41,9.0,1,3,phishing,1
5615.0,2,0.80952381,0.19047619,25.0,0.176470588,63,0.0,10,7,38,3.5,1,3,phishing,1
4055.0,0,0.148648649,0.8513513509999999,0.0,0.363636364,27,0.0,2,12,19,0.0,1,3,legitimate,0
5075.0,0,0.2,0.8,0.0,0.0,32,0.125,5,6,13,2.666666667,1,4,phishing,1
7376.0,2,0.0,1.0,0.0,0.0,39,0.0,4,14,22,3.5,0,3,phishing,1
2837.0,0,0.0,0.0,0.0,0.0,34,0.0,3,11,25,0.0,1,2,phishing,1
1653.0,4,1.0,0.0,0.0,0.5,276,0.362318841,17,64,31,14.86666667,1,11,phishing,1
7299.0,0,0.681818182,0.318181818,0.0,0.0,29,0.0,2,8,21,0.0,1,0,legitimate,0
5075.0,0,1.0,0.0,0.0,1.0,146,0.184931507,25,10,6,4.416666667,1,7,phishing,1
5075.0,0,0.0,1.0,100.0,0.0,18,0.055555556,1,4,11,0.0,0,0,legitimate,0
4236.0,0,0.0,0.0,0.0,0.0,45,0.0,5,7,24,5.5,1,0,phishing,1
6467.0,0,0.5,0.5,0.0,0.0,34,0.0,2,19,26,0.0,1,0,phishing,1
8348.0,0,0.047619048,0.952380952,0.0,0.428571429,110,0.0,16,12,15,5.214285714,0,3,legitimate,0
7160.0,0,0.027108434,0.972891566,88.37209302,0.5555555560000001,43,0.139534884,6,8,14,4.5,1,1,legitimate,0
5075.0,0,0.0,1.0,0.0,0.0,69,0.0,8,14,14,7.0,0,4,legitimate,0
2521.0,0,0.0,0.0,0.0,0.0,47,0.042553191,4,24,7,9.666666667,1,0,phishing,1
6188.0,1,0.0,0.0,0.0,0.0,49,0.0,6,12,20,4.5,1,4,legitimate,0
59.0,1,0.870588235,0.129411765,0.0,0.27027027,39,0.0,4,13,17,3.666666667,1,1,phishing,1
2683.0,0,0.346153846,0.653846154,50.0,0.222222222,28,0.071428571,2,13,21,0.0,1,3,legitimate,0
6071.0,0,0.423076923,0.576923077,32.0,0.054545455,54,0.0,7,7,15,5.4,1,1,legitimate,0
7427.0,0,0.011363636,0.988636364,100.0,0.0,45,0.022222222,6,9,17,4.0,1,4,legitimate,0
75.0,0,0.533333333,0.466666667,100.0,0.0,40,0.0,4,7,32,0.0,0,2,phishing,1
5.0,0,0.0,1.0,100.0,0.0,20,0.0,1,8,12,0.0,1,1,phishing,1
6682.0,0,0.052816901,0.947183099,83.33333333,0.0,75,0.053333333,11,9,19,4.222222222,1,2,legitimate,0
8019.0,0,0.884615385,0.115384615,0.0,0.0,137,0.04379562,14,25,23,8.454545455,1,3,phishing,1
3025.0,0,0.049019608,0.950980392,77.31092437,0.266666667,57,0.0,6,9,22,6.0,1,3,legitimate,0
5075.0,1,0.266666667,0.7333333329999999,20.0,0.25,54,0.0,7,10,13,4.5,1,0,phishing,1
8146.0,0,0.364705882,0.635294118,50.0,0.129032258,40,0.0,6,9,17,3.0,0,3,legitimate,0
5075.0,0,0.0,0.0,0.0,0.0,31,0.0,4,6,13,4.0,1,3,phishing,1
978.0,0,0.007352941,0.992647059,100.0,0.0,28,0.0,2,11,19,0.0,1,4,legitimate,0
6315.0,0,0.054761905,0.945238095,16.66666667,0.173913043,57,0.035087719,6,10,18,6.75,0,3,legitimate,0
8299.0,1,0.0,0.0,0.0,0.0,60,0.15,9,10,18,4.0,1,2,legitimate,0
4097.0,0,0.7263681590000001,0.273631841,19.17808219,0.054794521,20,0.0,1,9,12,0.0,1,0,phishing,1
5075.0,0,1.0,0.0,0.0,0.5,19,0.0,2,5,12,0.0,1,3,legitimate,0
7489.0,0,0.0,0.0,0.0,0.0,305,0.295081967,36,34,16,7.264705882,1,17,phishing,1
4374.0,0,0.773333333,0.226666667,83.33333333,0.0,19,0.0,1,9,12,0.0,0,0,legitimate,0
5248.0,0,0.2,0.8,12.5,0.9,51,0.0,5,13,21,6.666666667,1,3,legitimate,0
5075.0,0,0.0,1.0,100.0,0.0,49,0.040816327,5,11,18,5.0,1,0,phishing,1
7304.0,0,0.0,1.0,100.0,0.0,54,0.0,7,9,17,4.8,1,3,legitimate,0
7086.0,0,1.0,0.0,0.0,0.0,461,0.422993492,16,288,26,29.5,1,50,phishing,1
5075.0,0,0.0,1.0,100.0,0.0,48,0.020833333,8,7,11,4.0,0,3,legitimate,0
6494.0,0,0.13559322,0.86440678,33.33333333,0.125,70,0.0,8,10,14,7.166666667,1,8,legitimate,0
7053.0,0,0.067961165,0.932038835,0.0,0.285714286,35,0.057142857,2,18,27,0.0,1,3,phishing,1
245.0,0,0.0,0.0,0.0,0.0,31,0.0,2,14,24,0.0,1,1,phishing,1
2654.0,0,0.534313725,0.465686275,42.85714286,0.055045872,66,0.090909091,9,10,18,4.857142857,1,0,legitimate,0
6633.0,0,0.032407407,0.967592593,98.7012987,0.285714286,41,0.0,3,12,14,9.0,0,0,legitimate,0
95.0,0,0.0,1.0,100.0,0.0,20,0.0,1,7,11,0.0,1,0,phishing,1
383.0,0,0.0,1.0,100.0,0.0,26,0.0,2,10,18,0.0,1,0,phishing,1
7160.0,0,0.064516129,0.935483871,100.0,1.0,76,0.078947368,10,9,21,4.875,1,0,legitimate,0
7310.0,0,0.375,0.625,5.8823529410000015,0.523809524,57,0.0,6,15,23,5.75,1,4,legitimate,0
2300.0,2,0.454545455,0.545454545,60.0,0.0,114,0.289473684,12,32,26,8.0,1,7,phishing,1
2599.0,0,0.0,0.0,0.0,0.0,36,0.0,3,11,15,5.5,1,0,phishing,1
3455.0,0,0.090909091,0.909090909,50.0,0.0,48,0.0,6,11,23,4.666666667,0,3,phishing,1
5075.0,0,0.066666667,0.933333333,28.57142857,0.5,43,0.069767442,5,10,12,7.0,1,4,legitimate,0
302.0,1,0.142857143,0.857142857,0.0,1.0,63,0.015873016,8,10,14,4.714285714,1,2,phishing,1
5075.0,0,0.0,1.0,100.0,0.0,38,0.0,4,11,30,0.0,1,0,phishing,1
81.0,0,0.0,0.0,0.0,0.0,36,0.0,3,13,28,0.0,1,3,phishing,1
6678.0,0,0.0625,0.9375,83.78378378,0.222222222,82,0.036585366,10,14,22,5.625,1,5,legitimate,0
678.0,3,0.210526316,0.7894736840000001,0.0,0.0,73,0.054794521,11,9,19,4.222222222,1,1,phishing,1
5075.0,1,0.0,1.0,100.0,0.0,57,0.0,9,9,11,4.571428571,1,3,phishing,1
7133.0,0,0.039548023,0.960451977,68.18181818,0.357142857,44,0.0,5,9,16,5.666666667,0,0,legitimate,0
6878.0,1,0.0,0.0,0.0,0.0,74,0.054054054,10,11,13,5.625,1,6,legitimate,0
2689.0,0,0.136986301,0.863013699,100.0,0.0,27,0.0,2,11,19,0.0,0,4,legitimate,0
3126.0,0,0.761904762,0.238095238,0.0,0.0,36,0.083333333,4,10,18,4.0,0,4,phishing,1
3546.0,0,0.142857143,0.857142857,76.66666667,0.172413793,69,0.0,7,15,23,6.6,1,3,legitimate,0
7174.0,0,1.0,0.0,0.0,0.333333333,20,0.0,2,6,13,0.0,1,0,phishing,1
9229.0,0,0.0897009969999999,0.910299003,30.76923077,0.148148148,48,0.104166667,6,12,13,6.0,0,3,legitimate,0
4996.0,0,0.124269006,0.8757309940000001,0.0,0.670588235,45,0.044444444,5,10,16,6.333333333,1,4,legitimate,0
5075.0,1,0.0,1.0,100.0,0.0,107,0.168224299,10,32,20,7.888888888999999,1,2,phishing,1
9584.0,0,0.023529412,0.976470588,50.0,0.333333333,52,0.076923077,6,11,16,6.0,0,7,legitimate,0
4947.0,0,0.142857143,0.857142857,50.0,0.166666667,27,0.0,2,10,18,0.0,0,3,legitimate,0
4553.0,0,0.817857143,0.182142857,5.531914894,0.03930131,25,0.0,2,8,16,0.0,1,0,legitimate,0
9174.0,0,0.180722892,0.819277108,54.54545455,0.0,46,0.0,5,10,18,5.666666667,0,4,legitimate,0
2521.0,0,0.0,0.0,0.0,0.0,48,0.0625,4,18,7,10.0,1,0,phishing,1
2095.0,2,0.0,1.0,0.0,0.0,69,0.086956522,9,12,16,4.625,1,0,phishing,1
3789.0,0,0.342465753,0.6575342470000001,70.58823529,0.44,86,0.081395349,14,11,13,4.0,0,2,legitimate,0
9202.0,0,0.192307692,0.807692308,26.66666667,0.24,42,0.0,4,10,18,7.5,0,3,legitimate,0
5075.0,0,0.0,0.0,0.0,0.0,34,0.029411765,3,8,19,6.0,1,4,phishing,1
243.0,3,0.0,1.0,100.0,0.0,96,0.197916667,9,32,14,8.375,1,1,phishing,1
7298.0,0,0.331288344,0.668711656,79.52755906,0.296296296,38,0.0,2,16,29,0.0,1,0,legitimate,0
5075.0,0,0.363636364,0.636363636,100.0,0.0,131,0.381679389,8,64,22,13.28571429,1,4,phishing,1
9204.0,0,0.135416667,0.864583333,28.57142857,0.076923077,44,0.0,4,11,18,8.5,0,3,legitimate,0
8348.0,2,1.0,0.0,0.0,0.0,189,0.047619048,24,15,19,6.1363636360000005,1,10,legitimate,0
5075.0,1,0.0764331209999999,0.923566879,20.0,0.166666667,54,0.074074074,7,10,18,4.8,1,3,legitimate,0
6630.0,0,0.0,0.0,0.0,0.0,41,0.0,5,7,16,5.0,1,3,phishing,1
2316.0,0,0.321428571,0.6785714290000001,36.36363636,0.444444444,26,0.0,2,10,17,0.0,0,3,legitimate,0
3993.0,0,0.0,1.0,100.0,0.0,127,0.149606299,13,17,50,7.375,1,2,phishing,1
1529.0,0,0.027777778,0.972222222,0.0,1.5,19,0.0,1,5,12,0.0,1,0,legitimate,0
5075.0,1,0.0,0.0,0.0,0.0,133,0.0,14,27,11,8.5,1,3,legitimate,0
4350.0,0,0.181818182,0.818181818,0.0,0.0,44,0.0681818179999999,5,6,10,5.75,1,0,phishing,1
5075.0,0,0.235294118,0.764705882,20.0,0.0,30,0.0,3,11,18,2.0,0,3,legitimate,0
7157.0,0,0.071599045,0.928400955,65.43209877,0.7666666670000001,42,0.119047619,6,8,14,4.25,1,0,legitimate,0
6673.0,0,0.043165468,0.956834532,100.0,0.0,71,0.0,7,21,31,10.0,1,5,legitimate,0
5637.0,0,0.527272727,0.472727273,0.0,0.137931034,56,0.053571429,4,24,15,15.5,0,4,legitimate,0
3993.0,0,0.0,1.0,100.0,0.0,129,0.19379845,13,17,54,8.142857142999999,1,7,phishing,1
3565.0,0,0.0,0.0,0.0,0.0,36,0.0,3,12,16,5.5,1,1,phishing,1
3993.0,0,0.0,1.0,100.0,0.0,119,0.176470588,12,17,42,7.375,1,7,phishing,1
2101.0,0,0.014231499,0.985768501,98.18181818,0.133333333,24,0.0,2,8,16,0.0,0,3,legitimate,0
9040.0,0,0.212765957,0.787234043,26.66666667,0.1,27,0.0,2,10,18,0.0,0,3,legitimate,0
2749.0,0,0.1875,0.8125,100.0,0.0,32,0.0,2,15,23,0.0,0,3,legitimate,0
8151.0,0,0.260869565,0.739130435,50.0,0.033333333,55,0.0,6,10,14,7.5,0,5,legitimate,0
8523.0,1,0.0,0.0,0.0,0.0,92,0.27173913,13,12,14,5.454545455,1,4,legitimate,0
8347.0,2,0.517241379,0.482758621,11.11111111,0.0,44,0.0,4,14,16,9.0,1,1,phishing,1
3289.0,0,0.0,1.0,100.0,0.0,84,0.273809524,7,32,10,10.0,1,3,phishing,1
8152.0,0,1.0,0.0,0.0,1.5,123,0.073170732,6,76,34,39.5,1,3,phishing,1
630.0,1,0.0,1.0,0.0,0.0,93,0.0,8,21,27,10.8,1,3,phishing,1
5502.0,0,0.166666667,0.833333333,43.75,0.055555556,28,0.0,2,11,19,0.0,1,4,legitimate,0
5637.0,0,0.509433962,0.490566038,0.0,0.074074074,47,0.0,4,18,15,11.0,0,3,legitimate,0
3141.0,0,0.118918919,0.8810810809999999,26.08695652,0.681818182,50,0.08,5,12,16,5.75,1,4,phishing,1
5075.0,0,0.0,0.0,0.0,0.0,80,0.575,11,50,13,9.571428571,1,2,phishing,1
590.0,1,0.176870748,0.823129252,21.21212121,0.461538462,60,0.0,7,14,20,5.4,1,4,phishing,1
954.0,1,0.0,1.0,0.0,0.0,49,0.020408163,3,22,26,6.5,1,0,phishing,1
5075.0,0,0.169014085,0.830985915,25.0,0.25,26,0.0,3,7,6,5.0,1,0,phishing,1
2595.0,0,1.0,0.0,0.0,0.0,56,0.0,5,15,19,6.5,1,3,legitimate,0
7616.0,0,0.310077519,0.689922481,92.75362319,0.025,47,0.0,4,10,21,8.5,1,1,legitimate,0
7087.0,0,1.0,0.0,0.0,0.0,145,0.055172414,7,87,32,25.25,1,3,phishing,1
7297.0,0,0.934065934,0.065934066,14.70588235,0.517647059,42,0.0,2,21,34,0.0,1,0,legitimate,0
7900.0,0,0.036649215,0.963350785,25.0,0.0,39,0.051282051,4,11,16,7.0,1,4,legitimate,0
291.0,3,0.959183673,0.040816327,8.333333332999999,0.787234043,137,0.0,14,25,33,7.0,1,6,phishing,1
7295.0,0,0.923076923,0.076923077,25.0,0.25,64,0.0,6,16,26,6.25,1,2,phishing,1
5640.0,0,0.435897436,0.564102564,0.0,0.0,56,0.071428571,4,24,15,15.5,1,4,legitimate,0
6452.0,0,0.0,1.0,0.0,0.0,64,0.078125,6,15,19,6.6,1,3,phishing,1
4.0,0,1.0,0.0,0.0,0.0,68,0.367647059,5,32,16,10.0,1,3,phishing,1
5290.0,0,0.08988764,0.91011236,60.0,0.5,40,0.0,6,7,14,3.75,1,3,legitimate,0
7484.0,1,0.931034483,0.068965517,5.263157895,0.074074074,74,0.0,12,7,13,4.2,0,3,phishing,1
2840.0,0,0.142857143,0.857142857,0.0,0.0,33,0.0,2,11,24,0.0,1,1,legitimate,0
5075.0,1,0.967741935,0.032258065,0.0,0.1,44,0.0,4,12,23,5.5,0,0,phishing,1
9403.0,0,0.021052632,0.978947368,50.0,0.1,64,0.03125,9,10,11,5.571428571,0,3,legitimate,0
3113.0,0,0.412698413,0.587301587,51.72413793,0.115384615,42,0.0,5,8,16,5.0,0,3,legitimate,0
5676.0,0,0.411764706,0.588235294,48.14814815,0.357142857,83,0.012048193,11,8,11,5.3,0,2,legitimate,0
8347.0,2,0.388888889,0.611111111,100.0,0.0,48,0.0,4,18,16,11.0,1,2,phishing,1
7296.0,0,1.0,0.0,0.0,0.0,42,0.0,2,20,33,0.0,1,0,phishing,1
392.0,0,0.4166666670000001,0.583333333,33.33333333,0.2,54,0.0,5,19,27,5.0,1,6,phishing,1
5638.0,0,0.527272727,0.472727273,0.0,0.137931034,45,0.0,4,16,15,10.0,0,5,legitimate,0
5322.0,0,0.078817734,0.921182266,90.0,0.0,27,0.0,2,10,18,0.0,0,3,legitimate,0
5075.0,0,0.063037249,0.936962751,84.61538462,0.227272727,24,0.0,2,8,15,0.0,0,3,legitimate,0
5076.0,0,0.0,1.0,0.0,0.0,51,0.0,6,14,21,4.75,1,3,phishing,1
5339.0,0,0.58041958,0.41958042,11.76470588,0.144578313,109,0.100917431,14,11,15,6.25,1,7,legitimate,0
7478.0,0,0.650406504,0.349593496,73.17073171,0.025,63,0.031746032,9,8,14,4.857142857,0,4,legitimate,0
2466.0,0,0.6776556779999999,0.322344322,86.66666667,0.021621622,28,0.0,3,9,16,2.0,0,3,legitimate,0
12.0,0,0.0,0.0,0.0,0.0,28,0.0,2,9,20,0.0,1,0,phishing,1
3992.0,0,0.0,1.0,100.0,0.0,127,0.141732283,13,17,50,7.375,1,8,phishing,1
67.0,0,0.364583333,0.635416667,84.61538462,0.0,20,0.0,2,4,11,0.0,0,4,legitimate,0
1523.0,2,0.0,1.0,100.0,0.0,52,0.0,6,12,20,5.25,1,3,phishing,1
3970.0,0,0.347432024,0.652567976,54.28571429,0.217391304,65,0.0,11,9,17,3.444444444,1,3,legitimate,0
8896.0,1,0.0,0.0,0.0,0.0,90,0.144444444,16,8,17,4.076923077,1,7,legitimate,0
7419.0,0,1.0,0.0,0.0,0.0,98,0.0,17,11,13,4.133333333,0,3,legitimate,0
1115.0,0,0.0,1.0,100.0,0.0,138,0.31884058,16,24,13,7.285714286,1,3,phishing,1
5158.0,0,0.0,0.0,0.0,0.0,34,0.058823529,2,14,25,0.0,1,1,phishing,1
1162.0,4,0.0,1.0,100.0,0.0,70,0.0,7,16,19,6.333333333,1,2,phishing,1
6606.0,0,0.120689655,0.879310345,0.0,0.214285714,49,0.0,4,17,30,4.0,0,1,phishing,1
1254.0,0,0.0,1.0,100.0,0.0,23,0.130434783,2,6,14,0.0,1,3,legitimate,0
6315.0,0,0.055155875,0.944844125,16.66666667,0.173913043,59,0.084745763,6,10,18,7.25,0,3,legitimate,0
760.0,0,0.095238095,0.904761905,100.0,0.0,27,0.0,3,8,16,2.0,1,3,phishing,1
2361.0,0,0.0,1.0,100.0,0.0,29,0.0,2,14,21,0.0,1,4,legitimate,0
659.0,0,0.0,0.0,0.0,0.0,135,0.0,18,11,19,5.8125,1,6,legitimate,0
5075.0,1,0.0,0.0,0.0,0.0,40,0.0,6,7,14,3.75,1,4,phishing,1
88.0,0,0.75862069,0.24137931,4.545454545,0.1363636359999999,45,0.066666667,5,9,37,0.0,1,5,phishing,1
9279.0,0,0.0,0.0,0.0,0.0,48,0.041666667,8,7,11,4.0,1,3,legitimate,0
2328.0,0,0.0,0.0,0.0,0.0,30,0.4,4,7,6,4.666666667,1,0,phishing,1
8018.0,0,0.884615385,0.115384615,0.0,0.0,119,0.092436975,14,25,25,6.6363636360000005,1,3,phishing,1
5075.0,0,0.0,0.0,0.0,0.0,117,0.102564103,15,12,30,6.272727272999999,1,3,legitimate,0
5616.0,0,0.80952381,0.19047619,25.0,0.176470588,59,0.152542373,8,11,28,4.75,1,1,phishing,1
987.0,0,0.692307692,0.307692308,55.0,0.0,49,0.0,5,16,24,5.0,1,6,phishing,1
7295.0,0,0.727272727,0.272727273,0.0,0.0,50,0.02,6,12,37,1.0,1,0,phishing,1
4573.0,0,0.027027027,0.972972973,75.0,0.0,24,0.0,1,8,15,0.0,1,0,legitimate,0
3078.0,2,1.0,0.0,0.0,0.222222222,102,0.245098039,8,32,23,13.2,1,5,phishing,1
5770.0,0,0.0,0.0,0.0,0.0,67,0.313432836,4,32,26,32.0,1,4,phishing,1
7083.0,0,1.0,0.0,0.0,0.0,40,0.0,2,16,32,0.0,1,2,phishing,1
798.0,0,0.988071571,0.011928429,4.166666667,0.014084507,243,0.106995885,10,151,12,23.66666667,1,8,phishing,1
7297.0,0,0.522222222,0.477777778,81.25,0.127659574,30,0.0,2,9,22,0.0,1,0,legitimate,0
7132.0,0,0.016233766,0.983766234,71.42857143,0.6,47,0.0,5,10,16,6.666666667,0,0,legitimate,0
1967.0,0,0.208333333,0.791666667,90.90909091,0.2,59,0.06779661,7,11,19,5.4,1,5,legitimate,0
6070.0,0,0.330508475,0.669491525,24.07407407,0.038461538,36,0.0,4,7,16,5.5,1,0,legitimate,0
7501.0,0,0.0,1.0,100.0,0.0,53,0.0,6,17,25,4.25,1,3,legitimate,0
8705.0,0,0.06504065,0.93495935,57.14285714,0.375,54,0.092592593,7,10,18,4.8,1,4,legitimate,0
7236.0,1,0.0,0.0,0.0,0.0,81,0.0123456789999999,9,14,22,6.428571429,1,0,legitimate,0
5767.0,0,0.033333333,0.966666667,100.0,0.0,81,0.185185185,5,32,27,14.66666667,1,5,phishing,1
1103.0,0,0.0,1.0,0.0,0.0,58,0.034482759,9,14,21,3.285714286,1,2,phishing,1
3378.0,0,0.096385542,0.903614458,65.90909091,0.53125,37,0.0,3,13,17,5.0,1,0,legitimate,0
135.0,0,0.0,1.0,0.0,0.0,79,0.063291139,10,15,12,6.5,1,5,phishing,1
7189.0,1,0.067961165,0.932038835,0.0,0.285714286,52,0.0,4,24,35,4.0,1,1,phishing,1
12351.0,0,0.05,0.95,0.0,0.0,43,0.046511628,6,7,12,5.0,1,0,legitimate,0
2618.0,4,0.0,1.0,100.0,0.0,80,0.1625,12,15,13,4.8,1,5,phishing,1
1589.0,5,0.966666667,0.033333333,7.142857143,0.0,235,0.221276596,20,40,19,9.894736842,1,11,phishing,1
2931.0,0,0.0,0.0,0.0,0.0,62,0.0,7,14,22,5.4,1,3,phishing,1
5426.0,0,0.016438356,0.983561644,80.64516129,0.0,48,0.0,5,8,16,7.333333333,0,3,legitimate,0
5075.0,0,0.144230769,0.8557692309999999,68.75,0.266666667,80,0.0,7,16,12,11.0,0,5,legitimate,0
7882.0,0,0.6,0.4,20.0,0.577777778,37,0.0,2,13,29,0.0,1,1,phishing,1
5075.0,0,0.473684211,0.526315789,100.0,0.0,33,0.0,3,7,10,4.5,1,2,phishing,1
5075.0,0,0.0,1.0,0.0,0.0,52,0.0,6,12,20,5.25,1,4,legitimate,0
3806.0,0,0.049180328,0.950819672,0.0,0.333333333,57,0.0,4,27,35,6.5,1,5,legitimate,0
5075.0,0,0.285714286,0.7142857140000001,33.33333333,0.0,21,0.0,3,3,6,2.5,1,0,phishing,1
5075.0,0,0.0,0.0,0.0,0.0,436,0.461009174,15,288,14,30.92307692,1,15,phishing,1
7298.0,0,0.830985915,0.169014085,48.14814815,0.338983051,34,0.0,2,13,26,0.0,1,0,legitimate,0
5075.0,0,0.0,1.0,0.0,0.0,72,0.013888889,6,20,22,9.75,1,4,phishing,1
2469.0,0,0.5,0.5,60.0,0.0,22,0.0,1,8,13,0.0,1,0,legitimate,0
7412.0,0,0.066666667,0.933333333,100.0,0.0,31,0.064516129,5,6,13,2.666666667,0,3,legitimate,0
7296.0,0,0.848484848,0.151515152,12.5,0.142857143,52,0.115384615,6,9,22,4.5,1,7,phishing,1
5075.0,0,0.0,1.0,100.0,0.0,56,0.0,5,18,29,5.333333333,1,6,phishing,1
5075.0,1,0.774193548,0.225806452,0.0,0.0,54,0.185185185,13,8,13,4.333333333,1,5,phishing,1
7083.0,0,1.0,0.0,0.0,0.0,82,0.036585366,10,11,30,5.285714286,1,2,phishing,1
6965.0,0,0.207142857,0.792857143,76.92307692,0.034482759,68,0.0,6,10,13,8.2,0,0,legitimate,0
4624.0,0,0.111111111,0.8888888890000001,80.0,0.0,55,0.0,5,15,19,5.75,0,1,legitimate,0
5075.0,0,0.0,1.0,100.0,0.0,39,0.0,2,23,31,0.0,1,3,legitimate,0
9205.0,0,0.239669421,0.760330579,18.75,0.379310345,40,0.0,4,10,18,6.5,0,3,legitimate,0
7529.0,0,0.0,1.0,100.0,0.0,48,0.125,4,12,21,8.5,1,1,phishing,1
2139.0,0,1.0,0.0,0.0,0.0,24,0.083333333,2,7,10,5.0,1,3,phishing,1
11555.0,0,0.021621622,0.978378378,96.36363636,0.75,72,0.180555556,9,14,15,6.0,1,2,legitimate,0
1314.0,0,0.571428571,0.428571429,13.33333333,0.05,25,0.0,2,8,16,0.0,0,3,legitimate,0
1284.0,1,1.0,0.0,0.0,0.0,63,0.047619048,7,20,21,6.0,1,0,phishing,1
5075.0,0,0.0,0.0,0.0,0.0,38,0.315789474,10,8,15,4.0,1,4,phishing,1
4472.0,0,0.032786885,0.967213115,12.5,0.875,32,0.0,3,9,23,0.0,1,3,legitimate,0
1957.0,0,0.7333333329999999,0.266666667,0.0,0.0,85,0.0,11,11,31,6.5,1,1,phishing,1
4567.0,0,0.024305556,0.975694444,61.11111111,0.428571429,27,0.0,3,8,19,0.0,1,3,legitimate,0
1590.0,0,0.0,0.0,0.0,0.0,55,0.0,5,14,20,5.75,1,0,phishing,1
2098.0,0,1.0,0.0,0.0,0.142857143,73,0.02739726,8,10,10,7.0,1,4,phishing,1
5075.0,0,0.043859649,0.956140351,37.5,0.9,40,0.0,4,10,16,7.0,0,3,legitimate,0
7756.0,0,0.107526882,0.892473118,33.33333333,0.1,61,0.0,7,14,22,5.4,1,3,legitimate,0
11425.0,0,0.0,0.0,0.0,0.0,119,0.117647059,15,11,15,6.461538462,1,1,legitimate,0
5636.0,0,0.442307692,0.557692308,0.0,0.0,43,0.0,6,7,15,4.0,0,3,legitimate,0
4503.0,0,0.0,0.0,0.0,0.0,56,0.089285714,8,9,14,4.833333333,1,5,legitimate,0
7491.0,0,0.48,0.52,0.0,0.0,27,0.037037037,2,7,11,7.0,1,1,legitimate,0
5075.0,4,0.037037037,0.962962963,100.0,0.0,71,0.0,7,13,19,6.5,1,2,phishing,1
8336.0,0,0.354166667,0.645833333,25.0,0.042016807,41,0.048780488,5,6,13,5.666666667,1,4,legitimate,0
5075.0,0,0.0,1.0,0.0,0.0,40,0.0,2,18,32,0.0,1,0,phishing,1
4838.0,0,0.4,0.6,100.0,0.0,77,0.0,9,15,23,5.714285714,1,4,legitimate,0
360.0,0,0.166666667,0.833333333,0.0,0.0,63,0.047619048,9,8,10,4.5,1,0,phishing,1
8812.0,0,0.060344828,0.939655172,25.0,0.142857143,62,0.0,8,10,18,5.166666667,1,4,legitimate,0
5406.0,0,0.55,0.45,58.82352941,0.181818182,73,0.109589041,11,10,14,4.555555556,0,5,legitimate,0
588.0,3,0.095238095,0.904761905,100.0,0.0,57,0.0,7,12,20,4.8,1,3,phishing,1
8294.0,2,0.0,0.0,0.0,0.0,52,0.019230769,7,8,15,5.0,1,0,phishing,1
1340.0,0,0.607142857,0.392857143,54.54545455,0.117647059,23,0.0,1,11,14,0.0,0,1,legitimate,0
5440.0,0,1.0,0.0,0.0,0.0,33,0.0,2,13,25,0.0,1,0,legitimate,0
4785.0,0,0.0,1.0,100.0,0.0,65,0.015384615,7,17,25,5.6,1,3,legitimate,0
5075.0,0,0.666666667,0.333333333,33.33333333,0.166666667,34,0.0,2,15,26,0.0,1,3,legitimate,0
5233.0,0,0.0,0.0,0.0,0.0,70,0.3,4,32,14,15.0,1,4,phishing,1
3437.0,3,0.0,1.0,100.0,0.0,62,0.0,8,12,20,4.833333333,1,5,phishing,1
3639.0,0,0.45,0.55,100.0,0.0,29,0.0,3,7,21,0.0,1,3,legitimate,0
2700.0,0,0.7142857140000001,0.285714286,0.0,0.5,32,0.0,2,16,24,0.0,1,4,legitimate,0
8759.0,0,0.44966443,0.55033557,25.0,0.134328358,88,0.0681818179999999,10,13,17,7.0,0,8,legitimate,0
2077.0,0,0.725,0.275,96.42857143,0.034482759,63,0.0,7,12,20,6.0,1,4,legitimate,0
8350.0,0,0.6,0.4,0.0,0.444444444,30,0.0,2,10,21,0.0,1,1,legitimate,0
5075.0,0,0.666666667,0.333333333,0.0,0.0,73,0.095890411,8,10,17,6.0,1,2,phishing,1
6377.0,0,0.462857143,0.5371428570000001,21.21212121,0.518518519,48,0.0,6,8,19,6.0,0,4,legitimate,0
7764.0,0,1.0,0.0,0.0,0.0,132,0.045454545,8,43,16,16.83333333,1,39,phishing,1
2421.0,0,0.096153846,0.903846154,100.0,0.2,33,0.0,2,17,25,0.0,1,3,legitimate,0
5075.0,0,0.0,1.0,0.0,0.0,63,0.0,7,16,23,5.2,1,0,phishing,1
5075.0,1,1.0,0.0,0.0,0.0,39,0.0,3,15,31,0.0,1,4,phishing,1
6636.0,1,0.0,1.0,0.0,0.0,49,0.12244898,7,10,27,2.75,1,1,phishing,1
7295.0,0,0.8125,0.1875,14.28571429,0.846153846,35,0.0,2,15,28,0.0,1,1,phishing,1
4003.0,0,0.0,1.0,100.0,0.0,134,0.149253731,13,17,50,8.375,1,4,phishing,1
4079.0,0,0.076923077,0.923076923,33.33333333,0.4,32,0.0,2,15,23,0.0,1,5,legitimate,0
5616.0,0,0.80952381,0.19047619,25.0,0.176470588,49,0.204081633,5,14,31,9.0,1,1,phishing,1
1881.0,2,0.7142857140000001,0.285714286,0.0,0.1,648,0.203703704,31,109,18,21.17857143,1,21,phishing,1
9217.0,0,0.036842105,0.963157895,88.88888889,0.428571429,108,0.074074074,15,12,17,5.384615385,0,5,legitimate,0
5075.0,0,0.225,0.775,47.82608696,0.333333333,21,0.0,2,5,12,0.0,0,3,legitimate,0
5808.0,0,0.095348837,0.904651163,64.58333333,0.0,31,0.032258065,2,10,24,0.0,1,0,legitimate,0
6255.0,0,0.044776119,0.955223881,62.5,0.0,19,0.0,1,7,10,0.0,1,0,legitimate,0
6259.0,0,0.150537634,0.8494623659999999,51.72413793,0.0,47,0.0,3,17,25,14.0,1,4,legitimate,0
8.0,0,0.0,1.0,100.0,0.0,32,0.0625,2,16,24,0.0,1,2,phishing,1
1015.0,0,0.967741935,0.032258065,0.0,0.1,71,0.281690141,6,32,46,5.0,0,4,phishing,1
8185.0,0,0.057971014,0.942028986,23.07692308,0.333333333,55,0.018181818,6,8,13,7.5,1,4,legitimate,0
1.0,0,0.0,0.0,0.0,0.0,37,0.0,2,19,29,0.0,1,1,phishing,1
75.0,0,0.0,0.0,0.0,0.0,36,0.083333333,3,12,21,6.0,1,0,phishing,1
5421.0,0,0.051282051,0.948717949,93.10344828,1.0,31,0.0,2,14,22,0.0,1,4,legitimate,0
5811.0,0,0.318181818,0.681818182,33.33333333,0.171428571,45,0.0,5,10,18,5.666666667,1,4,legitimate,0
5075.0,0,0.0,0.0,0.0,0.0,156,0.173076923,18,32,68,6.272727272999999,1,6,phishing,1
2472.0,0,0.003703704,0.996296296,85.71428571,0.0,18,0.0,1,6,9,0.0,0,1,legitimate,0
7796.0,1,0.0,0.0,0.0,0.0,46,0.0,5,11,19,5.666666667,1,0,phishing,1
3843.0,0,0.025,0.975,66.66666667,0.0,28,0.0,2,12,20,0.0,1,3,legitimate,0
3806.0,0,0.018817204,0.981182796,94.01709402,0.142857143,38,0.131578947,3,9,13,7.0,0,1,legitimate,0
7815.0,0,0.326923077,0.673076923,41.17647059,0.411764706,55,0.0,5,10,22,7.666666667,1,0,legitimate,0
2144.0,0,0.142857143,0.857142857,100.0,0.0,23,0.0,2,7,14,0.0,0,3,legitimate,0
4037.0,0,0.042857143,0.957142857,25.0,1.0,26,0.0,2,10,18,0.0,0,3,legitimate,0
3381.0,0,0.0,0.0,0.0,0.0,69,0.115942029,8,20,23,6.6,1,1,phishing,1
477.0,1,0.541666667,0.458333333,0.0,0.0,42,0.0,5,9,13,4.5,1,0,phishing,1
3798.0,0,0.0,0.0,0.0,0.0,37,0.027027027,5,7,10,4.0,1,0,phishing,1
5075.0,1,0.48,0.52,84.61538462,0.055555556,64,0.09375,9,9,13,4.375,1,1,legitimate,0
5075.0,0,0.08,0.92,50.0,0.0,24,0.0,1,12,15,0.0,1,0,legitimate,0
5075.0,0,0.0625,0.9375,50.0,1.0,19,0.0,2,4,7,3.0,0,0,phishing,1
2889.0,0,0.0,1.0,100.0,0.0,78,0.141025641,8,17,25,6.666666667,1,5,phishing,1
1950.0,1,1.0,0.0,0.0,0.0,32,0.0,2,11,24,0.0,1,2,phishing,1
6236.0,0,0.009009009,0.990990991,96.2962963,0.0,48,0.083333333,6,10,23,5.0,0,5,legitimate,0
4378.0,0,0.0,1.0,0.0,0.0,48,0.041666667,5,8,27,6.0,1,1,phishing,1
5075.0,3,0.461538462,0.538461538,0.0,0.0,49,0.0,5,14,24,4.666666667,1,1,phishing,1
4843.0,0,0.384615385,0.615384615,18.75,0.12,75,0.0,10,9,24,6.166666667,1,4,legitimate,0
2301.0,0,0.0,1.0,0.0,0.0,38,0.0,2,13,29,0.0,1,0,phishing,1
5230.0,1,0.6,0.4,0.0,0.666666667,29,0.0,3,6,14,6.0,1,3,phishing,1
3993.0,0,0.0,1.0,100.0,0.0,128,0.1484375,13,17,50,7.375,1,2,phishing,1
5075.0,0,0.0,1.0,100.0,0.0,24,0.0,1,11,15,0.0,1,1,phishing,1
3972.0,1,0.0,0.0,0.0,0.0,43,0.046511628,4,13,10,7.333333333,1,1,phishing,1
6260.0,0,0.221621622,0.778378378,13.63636364,0.1707317069999999,66,0.0,7,10,18,7.2,1,3,legitimate,0
5784.0,0,0.0,0.0,0.0,0.0,80,0.3125,6,32,22,11.5,1,3,phishing,1
5075.0,3,0.571428571,0.428571429,33.33333333,0.0,426,0.042253521,80,10,14,4.381578947,1,8,phishing,1
1036.0,2,0.0,1.0,0.0,0.0,50,0.0,7,7,32,4.5,1,0,phishing,1
5228.0,2,0.6,0.4,0.0,0.666666667,107,0.009345794,18,9,14,4.125,1,7,phishing,1
5075.0,1,0.571428571,0.428571429,33.33333333,0.0,40,0.25,14,6,13,2.4,1,2,phishing,1
2305.0,0,0.333333333,0.666666667,0.0,0.0,49,0.0,6,8,14,6.0,1,4,phishing,1
7296.0,0,0.727272727,0.272727273,0.0,0.0,38,0.0,2,16,29,0.0,1,0,phishing,1
8415.0,0,0.046296296,0.953703704,34.782608700000004,0.0,17,0.0,2,3,10,0.0,1,0,legitimate,0
1950.0,1,1.0,0.0,0.0,0.0,36,0.027777778,2,12,28,0.0,1,1,phishing,1
4822.0,0,0.103448276,0.896551724,25.0,0.666666667,44,0.0,3,16,20,16.0,0,6,legitimate,0
6289.0,0,0.185185185,0.814814815,78.57142857,0.0,23,0.0,1,11,14,0.0,1,0,legitimate,0
7800.0,0,0.0,0.0,0.0,0.0,26,0.115384615,3,8,9,8.0,1,1,phishing,1
736.0,1,0.333333333,0.666666667,80.0,0.0,189,0.465608466,8,72,9,23.42857143,0,10,phishing,1
7158.0,0,0.088888889,0.911111111,82.60869565,0.833333333,43,0.139534884,6,8,14,4.5,1,0,legitimate,0
5813.0,0,0.646341463,0.353658537,4.255319149,0.773584906,68,0.102941176,9,14,18,4.25,1,2,phishing,1
54.0,0,0.482758621,0.517241379,100.0,0.0,29,0.0,2,11,15,5.0,1,0,phishing,1
2388.0,0,0.145454545,0.854545455,72.22222222,0.375,47,0.0,6,9,16,5.0,0,3,legitimate,0
3237.0,3,0.0,1.0,0.0,0.0,60,0.05,7,12,16,5.0,1,1,phishing,1
9230.0,0,0.090604027,0.909395973,30.76923077,0.148148148,58,0.0862068969999999,7,12,13,6.6,0,3,legitimate,0
9205.0,0,0.213675214,0.7863247859999999,26.66666667,0.4,41,0.0,4,10,18,7.0,0,3,legitimate,0
8708.0,0,0.056410256,0.943589744,55.55555556,0.272727273,30,0.0,2,14,22,0.0,1,3,legitimate,0
7883.0,0,0.0433213,0.9566787,86.07594937,0.0,27,0.0,3,7,15,2.0,0,3,legitimate,0
7772.0,0,0.5277777779999999,0.472222222,100.0,0.052631579,32,0.0,2,11,23,0.0,0,0,legitimate,0
5290.0,0,0.104477612,0.895522388,63.15789474,0.571428571,40,0.025,6,7,14,3.75,1,3,legitimate,0
1794.0,0,0.941176471,0.058823529,0.0,0.125,57,0.01754386,6,12,14,6.2,1,4,phishing,1
7131.0,0,0.023041475,0.976958525,60.0,0.4,56,0.0,6,13,16,7.0,0,1,legitimate,0
5075.0,3,0.142857143,0.857142857,0.0,1.0,65,0.0,7,12,14,6.0,1,1,phishing,1
1547.0,0,0.7771739129999999,0.222826087,29.62962963,0.013986014,40,0.075,2,14,32,0.0,1,4,phishing,1
4377.0,0,0.0,0.0,0.0,0.0,74,0.202702703,5,32,14,12.25,1,3,phishing,1
8053.0,0,0.053763441,0.946236559,0.0,0.6,40,0.0,3,13,18,13.0,1,3,legitimate,0
5075.0,0,0.419354839,0.580645161,12.5,0.076923077,27,0.0,2,7,18,0.0,0,3,legitimate,0
160.0,0,0.0,0.0,0.0,0.0,39,0.0,3,16,20,5.0,1,1,phishing,1
1546.0,2,0.0625,0.9375,83.33333333,0.0,72,0.041666667,9,13,28,5.0,1,4,phishing,1
8415.0,0,0.0,0.0,0.0,0.0,104,0.038461538,14,16,59,4.666666667,1,12,phishing,1
7133.0,0,0.063829787,0.936170213,75.55555556,0.212121212,43,0.0,5,11,18,7.5,0,1,legitimate,0
7296.0,1,0.9375,0.0625,0.0,0.066666667,52,0.0,2,30,43,0.0,1,0,phishing,1
1541.0,0,0.022222222,0.977777778,0.0,0.0,48,0.0,5,12,16,5.0,1,1,phishing,1
2695.0,0,0.235294118,0.764705882,11.11111111,0.25,24,0.0,2,7,17,0.0,1,0,legitimate,0
6686.0,0,0.326086957,0.673913043,31.81818182,0.0,43,0.0,5,8,15,5.666666667,0,1,legitimate,0
7134.0,0,0.037704918,0.962295082,82.96296296,0.217391304,48,0.0,5,10,16,7.0,0,0,legitimate,0
6510.0,2,0.269230769,0.7307692309999999,20.0,0.142857143,54,0.0,8,8,16,4.166666667,1,3,phishing,1
4917.0,0,1.0,0.0,0.0,0.0,36,0.0,3,13,21,7.0,1,3,legitimate,0
10674.0,0,0.53,0.47,66.66666667,0.20754717,60,0.033333333,9,12,17,4.0,0,3,legitimate,0
7295.0,0,0.928571429,0.071428571,14.28571429,0.846153846,34,0.029411765,2,12,25,0.0,1,0,phishing,1
6434.0,0,0.026086957,0.973913043,63.63636364,0.833333333,33,0.0,2,19,22,2.0,1,0,legitimate,0
2718.0,0,0.028571429,0.971428571,54.54545455,0.25,70,0.0,8,15,22,5.666666667,1,3,legitimate,0
1546.0,0,0.8669950740000001,0.133004926,6.666666667,0.034090909,41,0.073170732,2,14,32,0.0,1,4,phishing,1
1317.0,0,0.0,1.0,100.0,0.0,23,0.0,2,7,15,0.0,0,0,phishing,1
4291.0,2,0.0,1.0,0.0,0.0,64,0.046875,7,16,19,5.333333333,1,2,phishing,1
7975.0,0,0.0,1.0,100.0,0.0,86,0.337209302,8,32,14,9.666666667,1,7,phishing,1
12156.0,0,0.0,0.0,0.0,0.0,67,0.134328358,10,8,16,5.285714286,1,5,legitimate,0
1934.0,0,0.03030303,0.96969697,0.0,0.0,70,0.0,7,11,14,6.833333333,1,1,legitimate,0
3992.0,0,0.0,1.0,100.0,0.0,127,0.173228346,13,17,50,7.375,1,2,phishing,1
5618.0,0,0.0808080809999999,0.919191919,72.72727273,0.75,62,0.0,10,10,14,4.857142857,0,4,legitimate,0
7364.0,0,0.012779553,0.987220447,0.0,0.25,24,0.0,2,8,15,0.0,0,4,legitimate,0
2031.0,1,0.25,0.75,0.0,0.0,77,0.506493506,7,14,15,8.166666667000001,1,3,phishing,1
5075.0,1,0.516129032,0.483870968,0.0,0.4375,155,0.4,15,17,14,9.153846154,1,17,phishing,1
5627.0,0,0.368421053,0.6315789470000001,100.0,0.0,55,0.163636364,8,7,36,5.0,1,2,phishing,1
6831.0,0,0.067961165,0.932038835,0.0,0.285714286,56,0.035714286,5,17,30,17.0,1,3,phishing,1
6377.0,0,0.0,0.0,0.0,0.0,37,0.0,3,13,16,5.5,1,0,phishing,1
7297.0,0,0.513274336,0.486725664,58.20105820000001,0.543103448,42,0.0,2,22,35,0.0,1,1,legitimate,0
5075.0,0,0.5,0.5,0.0,1.0,31,0.322580645,10,5,13,3.0,1,0,phishing,1
5025.0,0,0.0,1.0,0.0,0.0,27,0.0,3,8,17,2.0,1,0,phishing,1
4648.0,0,0.029411765,0.970588235,66.66666667,0.666666667,26,0.0,3,4,17,0.0,0,4,legitimate,0
5447.0,0,0.009208103,0.990791897,60.0,0.4,39,0.102564103,5,8,15,4.333333333,1,4,legitimate,0
4225.0,0,0.0,1.0,0.0,0.0,113,0.168141593,9,17,24,10.71428571,1,2,phishing,1
5821.0,0,0.03875969,0.96124031,0.0,0.0,23,0.260869565,3,4,15,0.0,1,3,legitimate,0
2248.0,2,0.0,1.0,100.0,0.0,71,0.0,8,15,19,5.428571429,1,0,phishing,1
7309.0,0,1.0,0.0,0.0,0.0,41,0.0,2,20,33,0.0,1,0,phishing,1
5075.0,0,0.734177215,0.265822785,0.0,0.275862069,47,0.0,4,12,20,8.5,1,4,legitimate,0
6753.0,0,0.2,0.8,0.0,0.0,28,0.035714286,2,8,11,8.0,0,1,phishing,1
18.0,0,0.0,0.0,0.0,0.0,51,0.0,3,19,43,0.0,1,2,phishing,1
4368.0,0,0.0,1.0,0.0,0.0,96,0.072916667,11,13,21,6.444444444,1,7,legitimate,0
5075.0,3,0.0,0.0,0.0,0.0,61,0.0,7,12,16,5.333333333,1,0,phishing,1
3992.0,0,0.0,1.0,100.0,0.0,76,0.144736842,7,15,50,8.5,1,2,phishing,1
6260.0,0,0.077981651,0.922018349,83.33333333,0.0,61,0.0,4,17,40,13.0,1,1,legitimate,0
2521.0,0,0.0,0.0,0.0,0.0,47,0.106382979,3,29,7,15.0,1,2,phishing,1
6868.0,0,1.0,0.0,0.0,0.0,130,0.369230769,9,61,122,0.0,0,8,phishing,1
2428.0,0,0.206477733,0.7935222670000001,42.85714286,0.0,63,0.0,7,11,14,5.833333333,1,0,legitimate,0
5075.0,0,0.0,0.0,0.0,0.0,45,0.0,4,13,17,6.0,1,2,legitimate,0
2202.0,0,0.857142857,0.142857143,0.0,0.083333333,35,0.0,3,12,26,0.0,1,0,phishing,1
4775.0,0,0.37254902,0.62745098,68.0,0.210526316,81,0.0123456789999999,12,8,16,4.7,1,3,legitimate,0
5499.0,0,0.071428571,0.928571429,75.0,0.5,48,0.0,6,10,15,5.25,0,1,legitimate,0
2317.0,0,0.375,0.625,25.0,0.666666667,23,0.0,2,6,14,0.0,1,3,legitimate,0
5075.0,1,0.655172414,0.344827586,32.3943662,0.684210526,44,0.0,4,15,26,4.5,1,4,phishing,1
9331.0,0,0.324675325,0.675324675,33.33333333,0.06,23,0.0,3,4,12,2.0,0,3,legitimate,0
2046.0,3,0.102272727,0.897727273,85.71428571,0.5555555560000001,106,0.188679245,10,32,19,9.0,1,10,phishing,1
5615.0,2,0.80952381,0.19047619,25.0,0.176470588,44,0.0681818179999999,6,8,25,4.5,1,4,phishing,1
9399.0,0,0.4166666670000001,0.583333333,22.58064516,0.266666667,77,0.025974026,13,8,14,3.909090909,1,0,legitimate,0
7490.0,0,0.48,0.52,0.0,0.0,30,0.0,2,10,11,10.0,1,2,legitimate,0
602.0,0,0.0,0.0,0.0,0.0,56,0.1785714289999999,5,13,20,8.666666667000001,1,1,phishing,1
7839.0,0,0.070422535,0.929577465,0.0,0.0,89,0.0,11,12,16,6.333333333,0,3,legitimate,0
5075.0,0,0.078947368,0.921052632,77.14285714,0.0,89,0.0,15,12,11,4.461538462,0,4,legitimate,0
5635.0,0,0.442307692,0.557692308,0.0,0.0,43,0.046511628,5,11,15,5.666666667,0,3,legitimate,0
8880.0,0,0.263157895,0.736842105,0.0,0.0,111,0.063063063,17,12,14,4.933333333,1,5,legitimate,0
6208.0,0,0.4166666670000001,0.583333333,66.66666667,0.0,85,0.047058824,15,7,20,3.75,1,3,legitimate,0
7448.0,0,0.0,0.0,0.0,0.0,83,0.072289157,12,13,33,3.666666667,1,2,legitimate,0
6638.0,0,0.0,1.0,0.0,0.0,60,0.083333333,6,9,26,7.666666667,1,2,phishing,1
7841.0,0,0.070422535,0.929577465,0.0,0.066666667,68,0.0,9,12,16,5.428571429,0,3,legitimate,0
917.0,0,0.0,0.0,0.0,0.0,22,0.0,1,9,13,0.0,1,0,phishing,1
5075.0,0,0.405529954,0.594470046,15.38461538,0.147727273,21,0.0,1,7,12,0.0,1,1,legitimate,0
8565.0,0,0.1,0.9,0.0,0.0,61,0.0,7,9,14,7.0,0,6,legitimate,0
4097.0,3,0.554054054,0.445945946,17.39130435,0.073170732,263,0.273764259,20,64,20,12.11111111,1,16,phishing,1
12710.0,1,0.304878049,0.695121951,47.22222222,0.0,59,0.0,6,8,20,6.75,0,0,legitimate,0
4967.0,0,0.333333333,0.666666667,0.0,0.0,168,0.142857143,4,139,12,72.5,1,2,phishing,1
1950.0,1,1.0,0.0,0.0,0.0,33,0.0,3,11,25,0.0,1,2,phishing,1
6265.0,0,0.136690647,0.863309353,84.21052632,0.578947368,59,0.0,5,12,19,10.0,0,4,legitimate,0
4182.0,0,0.00525394,0.99474606,85.71428571,1.0,37,0.0,5,6,14,4.333333333,1,3,legitimate,0
8414.0,0,0.094642857,0.905357143,25.0,0.056603774,30,0.0,3,8,16,5.0,0,4,legitimate,0
3993.0,0,0.0,1.0,100.0,0.0,136,0.132352941,13,17,50,8.375,1,2,phishing,1
5615.0,3,0.818181818,0.181818182,25.0,0.166666667,70,0.042857143,10,9,40,4.75,1,3,phishing,1
5603.0,0,0.4166666670000001,0.583333333,77.77777778,0.0,30,0.0,2,13,21,0.0,1,4,legitimate,0
8346.0,1,0.56,0.44,0.0,0.0,99,0.090909091,8,44,15,11.66666667,1,5,phishing,1
7615.0,1,0.415730337,0.5842696629999999,72.97297297,0.054054054,71,0.0,7,10,24,7.0,1,0,legitimate,0
5075.0,0,0.0,1.0,100.0,0.0,71,0.112676056,5,41,63,0.0,1,1,phishing,1
5075.0,0,0.0,1.0,100.0,0.0,51,0.019607843,5,10,31,5.5,1,0,phishing,1
657.0,0,0.7,0.3,0.0,0.142857143,57,0.0,7,8,49,0.0,0,3,phishing,1
5075.0,0,0.0,0.0,0.0,0.0,80,0.0,12,9,16,4.6,1,3,legitimate,0
5971.0,0,0.0,0.0,0.0,0.0,53,0.037735849,6,13,21,5.25,1,5,phishing,1
6315.0,0,0.055421687,0.944578313,16.66666667,0.173913043,88,0.056818182,10,15,18,6.75,0,4,legitimate,0
2837.0,0,0.0,0.0,0.0,0.0,37,0.0,3,11,28,0.0,1,1,phishing,1
5408.0,0,0.0,0.0,0.0,0.0,41,0.024390244,3,16,24,8.0,1,5,phishing,1
397.0,3,0.090909091,0.909090909,0.0,0.0,96,0.0,10,22,37,5.5,1,0,phishing,1
8346.0,2,1.0,0.0,0.0,0.0,121,0.247933884,32,6,16,2.166666667,0,2,phishing,1
9169.0,0,0.165354331,0.834645669,71.79487179,0.0,49,0.0,6,10,18,4.75,0,4,legitimate,0
9269.0,0,0.003590664,0.996409336,99.65014577,0.75,32,0.125,4,5,14,4.0,1,1,legitimate,0
5222.0,0,0.280612245,0.719387755,38.33333333,0.072727273,66,0.0,6,14,18,9.0,1,5,legitimate,0
7838.0,0,0.227091633,0.772908367,28.57142857,0.263157895,59,0.033898305,6,10,23,8.333333332999999,0,5,legitimate,0
1098.0,2,0.272727273,0.727272727,50.0,0.333333333,149,0.073825503,17,42,17,7.2,1,5,phishing,1
7006.0,0,0.0,1.0,0.0,0.0,34,0.029411765,3,10,15,10.0,1,3,phishing,1
3683.0,0,0.131147541,0.8688524590000001,50.0,0.125,102,0.0,8,17,25,10.66666667,1,6,legitimate,0
6256.0,0,0.142857143,0.857142857,53.33333333,0.0,46,0.0,3,17,25,13.0,1,5,legitimate,0
1265.0,1,0.464285714,0.535714286,54.54545455,0.307692308,165,0.260606061,17,30,16,8.333333332999999,0,7,phishing,1
5207.0,0,0.236363636,0.763636364,35.8974359,0.423076923,46,0.0,4,16,24,6.5,1,4,legitimate,0
3271.0,0,0.3125,0.6875,100.0,0.0,27,0.0,2,12,19,0.0,1,3,legitimate,0
3152.0,0,0.0,1.0,0.0,0.0,19,0.052631579,2,5,6,5.0,0,1,phishing,1
5302.0,0,0.0,0.0,0.0,0.0,43,0.093023256,4,12,14,6.333333333,1,0,phishing,1
4554.0,4,0.655172414,0.344827586,32.3943662,0.684210526,177,0.079096045,19,24,32,7.117647058999999,1,6,phishing,1
5075.0,1,0.058823529,0.941176471,66.66666667,1.0,112,0.241071429,13,18,9,6.583333333,1,1,phishing,1
9522.0,0,0.094736842,0.905263158,40.0,0.0,22,0.0,2,6,14,0.0,0,3,legitimate,0
4478.0,0,0.7,0.3,0.0,0.571428571,66,0.318181818,8,12,27,5.4,1,2,phishing,1
6593.0,0,0.938596491,0.061403509,22.22222222,0.299065421,26,0.0,2,10,17,0.0,0,4,legitimate,0
1454.0,0,0.666666667,0.333333333,0.0,0.0,58,0.0,5,17,50,0.0,1,2,phishing,1
276.0,1,0.022727273,0.977272727,100.0,0.0,119,0.43697479,7,49,14,18.6,1,12,phishing,1
7446.0,0,1.0,0.0,0.0,0.583333333,25,0.0,2,8,18,0.0,1,1,phishing,1
5075.0,0,0.25,0.75,100.0,0.0,88,0.0,11,10,20,5.777777778,0,2,legitimate,0
605.0,1,0.142857143,0.857142857,0.0,0.0,34,0.0,4,6,12,4.0,1,1,phishing,1
4489.0,1,0.083333333,0.916666667,0.0,0.0,31,0.0,2,10,23,0.0,1,0,phishing,1
5233.0,0,0.615384615,0.384615385,22.22222222,0.375,35,0.0,2,16,26,0.0,1,3,legitimate,0
4190.0,0,0.388888889,0.611111111,55.55555556,0.0,29,0.0,1,17,21,0.0,1,1,legitimate,0
3992.0,0,0.0,1.0,100.0,0.0,131,0.1755725189999999,14,17,54,7.375,1,5,phishing,1
5545.0,0,0.047058824,0.952941176,60.0,1.0,24,0.0,3,5,16,0.0,1,3,legitimate,0
7083.0,0,1.0,0.0,0.0,0.0,263,0.106463878,9,200,25,31.85714286,1,8,phishing,1
8350.0,0,1.0,0.0,0.0,0.0,32,0.03125,3,8,15,8.0,0,1,legitimate,0
1534.0,0,0.0,0.0,0.0,0.0,79,0.278481013,7,32,23,11.0,1,4,phishing,1
5075.0,1,0.0,0.0,0.0,0.0,44,0.0,6,7,9,4.6,1,0,phishing,1
2168.0,0,0.239837398,0.7601626020000001,30.43478261,0.0,15,0.0,1,5,8,0.0,1,0,legitimate,0
3992.0,0,0.0,1.0,100.0,0.0,119,0.218487395,12,17,42,7.375,1,3,phishing,1
255.0,1,0.0,0.0,0.0,0.0,63,0.0,8,11,19,5.0,1,3,phishing,1
3993.0,0,0.0,1.0,100.0,0.0,126,0.166666667,12,17,50,8.142857142999999,1,4,phishing,1
503.0,1,0.202072539,0.7979274609999999,17.77777778,0.051282051,47,0.042553191,5,12,16,6.666666667,1,3,phishing,1
8435.0,0,0.104166667,0.895833333,90.12345679,0.333333333,63,0.0,7,15,23,5.6,1,4,legitimate,0
7478.0,0,0.104166667,0.895833333,67.44186047,0.4,64,0.203125,7,15,14,7.4,0,7,legitimate,0
5075.0,4,0.25,0.75,0.0,0.0,106,0.150943396,10,32,22,7.555555556,1,1,phishing,1
5075.0,0,0.068493151,0.931506849,64.70588235,0.1,33,0.151515152,4,8,16,3.0,1,3,legitimate,0
5075.0,0,0.076923077,0.923076923,0.0,2.0,26,0.0,1,15,18,0.0,1,0,legitimate,0
5337.0,0,0.0055248619999999,0.994475138,97.72727273,0.333333333,31,0.0,2,14,22,0.0,0,3,legitimate,0
7296.0,0,1.0,0.0,0.0,0.0,40,0.0,3,9,31,0.0,1,0,phishing,1
7295.0,0,0.928571429,0.071428571,14.28571429,0.846153846,32,0.0,2,12,25,0.0,1,0,phishing,1
8916.0,0,0.0,0.0,0.0,0.0,68,0.0,6,19,37,7.0,1,0,phishing,1
4265.0,0,0.0,0.0,0.0,0.0,27,0.037037037,3,8,16,2.0,1,3,phishing,1
2235.0,4,0.4,0.6,0.0,0.75,59,0.0,9,7,10,4.25,1,0,phishing,1
5075.0,0,0.356164384,0.643835616,69.23076923,0.115384615,37,0.0,2,17,28,0.0,1,3,legitimate,0
2301.0,0,0.05511811,0.94488189,100.0,0.0,30,0.0,2,11,21,0.0,0,0,phishing,1
4097.0,1,0.704545455,0.295454545,17.85714286,0.04516129,96,0.0,11,12,20,6.555555556,1,3,phishing,1
1950.0,1,1.0,0.0,0.0,0.0,37,0.054054054,2,13,29,0.0,1,1,phishing,1
496.0,1,0.0,1.0,0.0,0.0,122,0.278688525,7,23,31,15.6,1,1,phishing,1
5075.0,0,0.565217391,0.434782609,18.51851852,0.7692307690000001,69,0.028985507,10,11,16,4.625,0,5,legitimate,0
7530.0,0,0.045977011,0.954022989,97.77777778,0.5,98,0.0,7,20,28,11.4,1,3,legitimate,0
1594.0,0,0.379310345,0.620689655,80.0,0.181818182,42,0.047619048,2,25,33,0.0,1,3,legitimate,0
8227.0,0,0.013029316,0.986970684,72.72727273,0.25,31,0.0,2,13,24,0.0,1,4,legitimate,0
4444.0,0,0.073170732,0.926829268,40.0,0.222222222,58,0.0,6,10,17,7.5,1,4,legitimate,0
7932.0,0,0.357142857,0.642857143,46.66666667,0.133333333,26,0.0,2,9,17,0.0,1,3,legitimate,0
7812.0,0,0.146067416,0.853932584,18.18181818,0.153846154,67,0.029850746,7,12,18,7.4,0,3,legitimate,0
5438.0,2,0.0,0.0,0.0,0.0,112,0.008928571,11,13,12,9.333333333,1,0,phishing,1
5075.0,0,0.45,0.55,69.69696970000001,0.333333333,40,0.0,4,9,23,4.0,1,3,legitimate,0
5075.0,0,0.0,0.0,0.0,0.0,25,0.16,2,11,6,11.0,1,0,phishing,1
2504.0,0,0.146067416,0.853932584,57.14285714,0.0,19,0.0,1,7,11,0.0,1,0,legitimate,0
6591.0,1,0.666666667,0.333333333,0.0,0.0,550,0.3527272729999999,64,64,25,7.322580645,1,146,legitimate,0
5075.0,0,0.007874016,0.992125984,100.0,0.0,19,0.0,2,3,10,0.0,1,3,legitimate,0
4364.0,0,0.07079646,0.92920354,45.45454545,0.375,41,0.0,5,8,21,5.0,1,3,legitimate,0
4029.0,0,0.321428571,0.6785714290000001,75.0,0.0,31,0.0,3,9,23,0.0,1,3,legitimate,0
5887.0,0,0.115241636,0.8847583640000001,83.33333333,0.096774194,67,0.074626866,8,12,15,6.5,1,6,legitimate,0
6564.0,0,0.0,1.0,0.0,0.0,55,0.109090909,7,9,17,5.2,1,6,legitimate,0
7160.0,0,0.056338028,0.943661972,100.0,1.0,44,0.159090909,6,8,14,4.75,1,1,legitimate,0
190.0,0,0.0,0.0,0.0,0.0,34,0.176470588,4,9,25,0.0,1,0,phishing,1
5075.0,0,0.484848485,0.515151515,19.35483871,0.375,57,0.070175439,5,9,18,6.75,1,2,legitimate,0
5075.0,0,0.331521739,0.668478261,62.82051282,0.032786885,64,0.046875,4,28,27,28.0,1,4,legitimate,0
7130.0,0,0.101587302,0.898412698,64.04494382,0.03125,44,0.0,7,9,16,3.0,1,0,legitimate,0
7658.0,0,0.02739726,0.97260274,72.22222222,0.625,40,0.0,3,11,15,7.0,0,0,legitimate,0
250.0,0,0.40625,0.59375,0.0,0.153846154,89,0.078651685,8,40,20,9.166666667,1,1,phishing,1
6065.0,0,0.574468085,0.425531915,33.33333333,0.092592593,91,0.010989011,10,30,12,7.875,0,4,legitimate,0
12168.0,0,0.0,0.0,0.0,0.0,85,0.058823529,11,12,20,6.25,1,5,legitimate,0
3733.0,0,0.237113402,0.7628865979999999,84.0,0.304347826,61,0.131147541,9,13,21,3.571428571,1,5,legitimate,0
569.0,3,0.5,0.5,66.66666667,0.0,42,0.0,6,7,13,4.0,0,3,phishing,1
5271.0,0,0.0,0.0,0.0,0.0,60,0.116666667,7,11,15,5.333333333,1,1,legitimate,0
2687.0,0,0.1,0.9,0.0,1.0,64,0.109375,10,8,15,4.125,1,0,legitimate,0
5766.0,0,0.033333333,0.966666667,100.0,0.0,81,0.209876543,5,32,27,14.66666667,1,6,phishing,1
9205.0,0,0.212121212,0.787878788,19.35483871,0.357142857,42,0.0,4,10,18,7.5,0,4,legitimate,0
5243.0,1,0.019230769,0.980769231,0.0,0.0,63,0.0,2,44,55,0.0,1,3,phishing,1
7222.0,0,0.0,0.0,0.0,0.0,39,0.0,4,12,14,8.0,1,3,legitimate,0
2048.0,3,0.926829268,0.073170732,16.66666667,0.00877193,120,0.191666667,11,32,15,8.8,1,4,phishing,1
932.0,0,0.044776119,0.955223881,0.0,0.0,30,0.0,2,14,22,0.0,1,4,legitimate,0
5075.0,0,0.0,1.0,0.0,0.0,153,0.248366013,24,17,12,4.739130435,1,3,phishing,1
7523.0,0,0.245283019,0.754716981,37.5,0.038461538,73,0.0,7,18,26,7.0,0,4,legitimate,0
5075.0,0,0.787878788,0.212121212,22.22222222,0.692307692,24,0.0,2,8,16,0.0,0,4,legitimate,0
8018.0,0,1.0,0.0,0.0,0.0,174,0.109195402,19,31,39,6.5625,1,2,phishing,1
5049.0,0,0.301587302,0.6984126979999999,92.0,0.0,96,0.135416667,16,11,14,4.285714286,1,4,legitimate,0
5784.0,0,0.0,0.0,0.0,0.0,84,0.297619048,6,32,22,12.5,1,3,phishing,1
4182.0,0,0.0,0.0,0.0,0.0,32,0.0,4,9,13,3.0,1,0,phishing,1
4715.0,0,0.358974359,0.641025641,0.0,0.0,28,0.0,3,6,20,0.0,1,3,legitimate,0
5075.0,0,0.026666667,0.973333333,57.14285714,0.25,53,0.037735849,8,11,18,3.5,1,3,legitimate,0
3900.0,0,0.046728972,0.953271028,0.0,0.2,31,0.0,2,15,23,0.0,1,3,legitimate,0
6260.0,0,0.112,0.888,53.33333333,0.0,41,0.0,3,17,25,8.0,1,5,legitimate,0
5886.0,0,0.083333333,0.916666667,84.61538462,0.1363636359999999,40,0.0,4,11,19,6.0,1,3,legitimate,0
5075.0,0,0.003134796,0.996865204,100.0,1.0,27,0.0,3,8,20,0.0,1,1,legitimate,0
165.0,0,0.064516129,0.935483871,51.66666667,0.2,41,0.024390244,5,9,33,0.0,1,0,phishing,1
5640.0,0,0.442307692,0.557692308,0.0,0.0,43,0.046511628,5,11,15,5.666666667,0,4,legitimate,0
5075.0,3,0.0,1.0,0.0,0.0,89,0.112359551,12,16,23,4.8,1,4,phishing,1
3993.0,0,0.0,1.0,100.0,0.0,125,0.12,12,17,50,8.142857142999999,1,6,phishing,1
5075.0,0,0.1555555559999999,0.8444444440000001,56.52173913,0.428571429,23,0.0,2,7,15,0.0,1,4,legitimate,0
8520.0,0,0.377358491,0.622641509,80.0,0.0,39,0.0,3,14,16,14.0,1,4,legitimate,0
5159.0,0,0.208955224,0.7910447759999999,75.43859649,0.071428571,24,0.0,3,6,17,0.0,1,1,legitimate,0
5075.0,0,0.052631579,0.947368421,100.0,1.0,27,0.0,2,14,5,14.0,0,1,phishing,1
1466.0,0,1.0,0.0,0.0,0.0,48,0.0,3,22,30,9.0,1,3,phishing,1
6382.0,0,0.964285714,0.035714286,0.0,0.037037037,48,0.020833333,7,8,35,1.0,1,1,phishing,1
5509.0,0,0.0591133,0.9408867,29.41176471,0.833333333,45,0.0,5,13,21,4.333333333,0,3,legitimate,0
5075.0,0,0.0,1.0,100.0,0.0,65,0.123076923,8,11,18,4.571428571,1,0,phishing,1
4004.0,0,0.0,1.0,100.0,0.0,68,0.147058824,6,15,42,8.5,1,1,phishing,1
5075.0,0,0.231481481,0.768518519,94.59459459,0.0,51,0.078431373,6,12,20,4.5,1,3,legitimate,0
561.0,0,0.0,0.0,0.0,0.0,61,0.163934426,5,17,25,8.666666667000001,1,0,phishing,1
3154.0,0,0.566666667,0.433333333,0.0,0.235294118,26,0.0,2,8,18,0.0,0,4,legitimate,0
3898.0,0,0.361111111,0.638888889,68.75,0.153846154,39,0.0,3,17,25,4.0,1,3,legitimate,0
3890.0,0,0.261904762,0.738095238,31.25,0.0,26,0.0,2,10,17,0.0,1,3,legitimate,0
7224.0,1,0.242424242,0.757575758,7.142857143,0.041666667,66,0.0,6,20,28,6.75,1,4,legitimate,0
1079.0,0,0.0,0.0,0.0,0.0,29,0.0,2,10,20,0.0,1,0,phishing,1
4088.0,1,0.0,1.0,0.0,0.0,57,0.105263158,8,11,14,5.0,1,4,phishing,1
5075.0,0,0.071428571,0.928571429,30.0,0.875,18,0.0,2,6,11,0.0,1,0,legitimate,0
1963.0,0,0.307692308,0.692307692,87.5,0.25,90,0.177777778,6,44,17,15.25,1,9,legitimate,0
12805.0,0,0.0,0.0,0.0,0.0,69,0.057971014,11,8,19,4.375,1,4,legitimate,0
7354.0,0,0.628571429,0.371428571,8.695652174,0.0,66,0.0,7,13,21,6.6,1,1,legitimate,0
5639.0,0,0.442307692,0.557692308,0.0,0.0,43,0.0,5,11,15,5.666666667,0,5,legitimate,0
7489.0,0,0.48,0.52,0.0,0.0,33,0.0,3,7,11,6.0,1,1,legitimate,0
7295.0,0,0.923076923,0.076923077,16.66666667,0.833333333,36,0.055555556,2,14,27,0.0,1,1,phishing,1
3166.0,0,0.575,0.425,18.75,0.347826087,24,0.0,2,9,16,0.0,0,3,legitimate,0
5.0,0,0.0,0.0,0.0,0.0,28,0.0,2,12,20,0.0,1,0,phishing,1
5075.0,0,0.0,0.0,0.0,0.0,98,0.479591837,15,12,15,4.428571429,1,1,phishing,1
5767.0,0,0.033333333,0.966666667,100.0,0.0,81,0.185185185,5,32,27,14.66666667,1,8,phishing,1
1950.0,1,1.0,0.0,0.0,0.0,35,0.028571429,2,12,28,0.0,1,1,phishing,1
7967.0,1,0.0,1.0,0.0,0.0,176,0.244318182,18,30,13,8.058823529,1,4,phishing,1
6430.0,0,0.0867158669999999,0.913284133,78.73303167,0.255319149,38,0.0,4,10,17,5.5,0,0,legitimate,0
5075.0,1,0.6,0.4,0.0,0.666666667,26,0.076923077,2,8,11,6.0,1,0,phishing,1
5075.0,1,0.333333333,0.666666667,75.0,0.142857143,48,0.0,4,13,20,9.0,1,3,phishing,1
2604.0,0,0.0,1.0,100.0,0.0,40,0.0,4,12,16,4.666666667,1,1,phishing,1
5075.0,0,0.0,0.0,0.0,0.0,44,0.1363636359999999,5,10,21,4.333333333,1,5,legitimate,0
2179.0,0,0.0,1.0,100.0,0.0,26,0.038461538,3,6,10,3.5,1,1,phishing,1
343.0,1,0.0,0.0,0.0,0.0,53,0.0,6,14,22,5.0,1,5,phishing,1
7615.0,0,0.3769230770000001,0.623076923,90.32258065,0.020408163,90,0.0,8,22,37,6.666666667,1,0,legitimate,0
7297.0,0,0.5301204820000001,0.469879518,63.15789474,0.340909091,36,0.0,2,15,28,0.0,1,0,legitimate,0
4664.0,0,0.046511628,0.953488372,50.0,0.0,51,0.0,5,13,18,7.333333333,1,3,legitimate,0
5075.0,0,0.5,0.5,50.0,0.0,28,0.0,3,7,19,0.0,1,3,legitimate,0
1557.0,0,0.258064516,0.7419354840000001,0.0,0.625,28,0.0,1,16,19,0.0,0,0,legitimate,0
5075.0,0,0.0,1.0,100.0,0.0,63,0.365079365,4,32,10,14.0,1,1,phishing,1
5075.0,1,1.0,0.0,0.0,0.142857143,45,0.022222222,4,11,13,7.333333333,1,0,phishing,1
847.0,1,0.0,1.0,100.0,0.0,40,0.0,5,7,19,3.666666667,1,0,phishing,1
97.0,0,1.0,0.0,0.0,0.4,37,0.0,3,13,29,0.0,1,3,phishing,1
5626.0,0,0.0,0.0,0.0,0.0,56,0.1607142859999999,7,11,48,0.0,1,1,phishing,1
1953.0,0,0.0,0.0,0.0,0.0,52,0.019230769,5,10,14,9.0,1,3,phishing,1
8823.0,0,0.248120301,0.7518796990000001,97.93814433,0.0,67,0.0,7,11,21,6.8,0,0,legitimate,0
5626.0,0,0.818181818,0.181818182,25.0,0.277777778,59,0.050847458,7,17,25,7.666666667,1,2,phishing,1
3228.0,4,1.0,0.0,0.0,0.0,59,0.0,8,8,18,5.6,1,3,phishing,1
4967.0,0,0.333333333,0.666666667,0.0,0.0,168,0.119047619,5,75,12,48.33333333,1,4,phishing,1
7446.0,0,1.0,0.0,0.0,0.583333333,23,0.0,2,8,16,0.0,1,0,phishing,1
4003.0,0,0.0,1.0,100.0,0.0,128,0.1484375,13,17,50,7.375,1,2,phishing,1
8149.0,0,0.109540636,0.890459364,89.47368421,0.032258065,39,0.0,5,7,13,5.0,0,3,legitimate,0
5633.0,1,0.129032258,0.870967742,30.76923077,0.2,51,0.098039216,5,13,21,6.666666667,1,6,legitimate,0
5627.0,0,0.80952381,0.19047619,25.0,0.294117647,60,0.033333333,7,17,26,7.666666667,1,3,phishing,1
3319.0,0,0.0,0.0,0.0,0.0,25,0.0,4,5,14,2.0,1,4,phishing,1
3325.0,0,0.0,1.0,0.0,0.0,63,0.031746032,8,11,18,5.166666667,1,0,phishing,1
939.0,0,0.875,0.125,0.0,1.0,53,0.0,6,10,18,6.0,1,6,phishing,1
7295.0,0,0.928571429,0.071428571,14.28571429,0.846153846,44,0.090909091,2,24,37,0.0,1,0,phishing,1
7299.0,0,0.787234043,0.212765957,20.0,0.243243243,36,0.0,2,15,28,0.0,1,0,legitimate,0
4093.0,0,0.5,0.5,53.84615385,0.210526316,81,0.074074074,11,17,25,4.444444444,1,4,legitimate,0
2428.0,2,0.166666667,0.833333333,0.0,0.0,64,0.125,9,8,11,5.428571429,1,3,phishing,1
10570.0,0,0.166666667,0.833333333,38.88888889,0.454545455,50,0.0,7,9,18,4.0,1,1,legitimate,0
7185.0,0,0.019230769,0.980769231,100.0,0.0,55,0.0,5,10,13,7.5,1,1,legitimate,0
7991.0,0,0.189516129,0.810483871,50.0,0.021276596,38,0.0,4,11,13,8.0,0,3,legitimate,0
5075.0,0,0.05,0.95,100.0,0.5,21,0.476190476,8,3,13,2.5,1,0,phishing,1
5075.0,0,0.0,1.0,0.0,0.0,71,0.0,7,18,25,6.8,1,4,phishing,1
7927.0,0,0.448484848,0.551515152,21.42857143,0.175675676,119,0.134453782,14,13,16,6.916666667,1,5,legitimate,0
8019.0,0,0.884615385,0.115384615,0.0,0.0,158,0.056962025,16,26,39,7.461538462,1,4,phishing,1
5416.0,0,0.038461538,0.961538462,100.0,0.0,23,0.0,2,7,15,0.0,1,3,legitimate,0
7071.0,0,0.102880658,0.897119342,50.0,0.16,26,0.0,2,10,17,0.0,0,3,legitimate,0
5614.0,0,0.80952381,0.19047619,25.0,0.176470588,53,0.264150943,6,18,35,4.0,1,2,phishing,1
1546.0,0,0.0625,0.9375,83.33333333,0.0,70,0.042857143,7,13,26,6.4,1,4,phishing,1
5075.0,0,0.0,0.0,0.0,0.0,114,0.5,9,42,68,11.66666667,1,6,phishing,1
7296.0,0,0.137931034,0.8620689659999999,0.0,0.0,39,0.102564103,5,8,16,4.333333333,0,4,legitimate,0
5075.0,0,0.0,0.0,0.0,0.0,80,0.0,4,43,72,0.0,1,3,phishing,1
1629.0,3,1.0,0.0,0.0,0.0,61,0.06557377,8,11,14,4.285714286,1,0,phishing,1
2730.0,0,0.026315789,0.973684211,66.66666667,1.0,31,0.0,3,7,11,5.5,1,1,legitimate,0
750.0,3,0.142857143,0.857142857,0.0,1.0,69,0.0,9,11,19,5.1428571430000005,1,3,phishing,1
6142.0,0,0.106666667,0.893333333,100.0,0.0,25,0.0,2,8,16,0.0,1,4,legitimate,0
931.0,0,0.3,0.7,100.0,0.0,19,0.0,1,6,10,0.0,0,0,phishing,1
359.0,1,0.0,0.0,0.0,0.0,90,0.233333333,8,32,23,10.6,1,3,phishing,1
7547.0,0,0.625,0.375,62.5,0.2,76,0.1578947369999999,5,20,27,13.0,0,15,legitimate,0
5075.0,0,0.574468085,0.425531915,20.0,0.0,25,0.0,2,7,17,0.0,1,4,legitimate,0
7413.0,0,0.029220779,0.970779221,0.0,0.222222222,88,0.0,14,9,14,4.583333333,1,4,legitimate,0
6708.0,0,0.75,0.25,10.0,0.0,66,0.0,7,14,22,6.4,1,3,legitimate,0
5634.0,0,0.0,1.0,100.0,0.0,42,0.0,3,14,20,14.0,0,1,legitimate,0
3251.0,0,0.048484848,0.951515152,91.66666667,0.375,29,0.0,3,6,20,0.0,0,3,legitimate,0
3624.0,0,0.333333333,0.666666667,20.0,0.2,37,0.0,3,13,14,13.0,0,3,legitimate,0
9635.0,0,0.5013623979999999,0.498637602,0.0,0.413043478,41,0.0,5,8,12,5.666666667,0,4,legitimate,0
295.0,0,0.7692307690000001,0.230769231,100.0,0.0,56,0.0,6,18,22,4.4,1,0,phishing,1
7296.0,0,0.56,0.44,62.5,0.023809524,35,0.0,2,14,27,0.0,1,0,legitimate,0
5160.0,0,0.196078431,0.8039215690000001,80.0,0.0,41,0.0,3,17,28,1.0,1,0,legitimate,0
1546.0,0,0.454545455,0.545454545,25.0,0.0,37,0.081081081,2,13,29,0.0,1,4,phishing,1
2906.0,0,0.105263158,0.894736842,0.0,0.25,27,0.0,2,10,18,0.0,0,3,legitimate,0
4652.0,0,0.222222222,0.7777777779999999,75.0,0.1,33,0.0,2,16,24,0.0,1,4,legitimate,0
5075.0,0,0.651162791,0.348837209,35.41666667,0.1607142859999999,31,0.0,2,16,23,0.0,1,3,legitimate,0
7295.0,0,0.928571429,0.071428571,14.28571429,0.846153846,31,0.0,2,11,24,0.0,1,0,phishing,1
5616.0,0,0.80952381,0.19047619,25.0,0.176470588,37,0.081081081,4,12,29,0.0,1,2,phishing,1
7806.0,0,0.168421053,0.831578947,40.81632653,0.1875,32,0.0,5,4,16,3.5,1,3,legitimate,0
7268.0,0,0.079365079,0.920634921,100.0,0.0,51,0.117647059,7,10,18,4.2,0,3,legitimate,0
205.0,0,0.0,1.0,0.0,0.0,73,0.0,6,18,25,6.6,1,1,phishing,1
5158.0,0,0.0,0.0,0.0,0.0,39,0.0,3,9,20,7.0,1,0,phishing,1
5626.0,0,0.0,1.0,0.0,0.0,48,0.1875,6,9,40,0.0,1,2,phishing,1
6635.0,1,0.0,1.0,0.0,0.0,54,0.111111111,9,10,27,2.333333333,1,1,phishing,1
724.0,0,0.0,1.0,0.0,0.0,26,0.153846154,3,4,17,0.0,1,0,phishing,1
1659.0,0,0.411764706,0.588235294,100.0,0.095238095,126,0.285714286,12,32,61,8.666666667000001,1,4,phishing,1
1141.0,0,0.0,1.0,0.0,0.0,19,0.1578947369999999,2,5,11,0.0,1,0,phishing,1
5075.0,0,0.153846154,0.846153846,100.0,0.0,17,0.0,1,4,8,0.0,0,0,legitimate,0
5075.0,0,0.428571429,0.571428571,0.0,0.0,166,0.144578313,4,139,11,72.5,1,2,phishing,1
1231.0,0,0.0,1.0,0.0,0.0,20,0.2,2,6,12,0.0,1,3,phishing,1
2527.0,1,0.385542169,0.6144578310000001,9.375,0.1875,121,0.371900826,18,13,21,4.8125,1,5,phishing,1
7737.0,0,0.0,1.0,100.0,0.0,57,0.105263158,9,9,12,4.428571429,0,3,legitimate,0
5075.0,0,0.12,0.88,66.66666667,0.333333333,50,0.06,3,18,24,18.0,1,2,phishing,1
7530.0,0,0.0,1.0,100.0,0.0,45,0.133333333,4,12,25,11.0,1,3,phishing,1
4631.0,0,0.0,1.0,0.0,0.0,86,0.023255814,9,11,26,6.428571429,1,2,phishing,1
8019.0,0,0.884615385,0.115384615,0.0,0.0,120,0.083333333,14,38,23,6.909090909,1,3,phishing,1
5627.0,1,0.818181818,0.181818182,25.0,0.277777778,51,0.058823529,6,9,42,0.0,1,2,phishing,1
8578.0,0,0.092592593,0.907407407,53.33333333,0.4,66,0.060606061,8,9,17,5.833333333,1,4,legitimate,0
3992.0,0,0.0,1.0,100.0,0.0,123,0.113821138,13,17,46,7.375,1,4,phishing,1
8759.0,0,0.445182724,0.554817276,25.0,0.134328358,111,0.063063063,14,13,17,6.25,0,5,legitimate,0
7826.0,0,1.0,0.0,0.0,0.0,54,0.203703704,4,32,11,16.5,0,1,phishing,1
2669.0,3,0.0,1.0,100.0,0.0,59,0.0,7,9,19,5.4,1,5,phishing,1
3992.0,0,0.0,1.0,100.0,0.0,126,0.142857143,12,17,50,8.142857142999999,1,6,phishing,1
5075.0,1,0.84,0.16,30.76923077,0.428571429,80,0.125,17,16,12,4.615384615,1,2,phishing,1
3993.0,0,0.0,1.0,100.0,0.0,127,0.204724409,13,17,50,7.375,1,10,phishing,1
9201.0,0,0.135416667,0.864583333,41.17647059,0.0,53,0.0,6,10,18,6.0,0,4,legitimate,0
7603.0,0,0.510989011,0.489010989,1.4492753619999998,0.322580645,31,0.0,2,15,23,0.0,1,3,legitimate,0
7004.0,3,0.0,1.0,0.0,0.0,92,0.076086957,12,9,17,5.8,1,1,phishing,1
7086.0,0,1.0,0.0,0.0,0.0,299,0.421404682,15,192,23,19.61538462,1,9,phishing,1
7711.0,0,0.37037037,0.62962963,55.55555556,0.0,29,0.0,2,12,20,0.0,1,3,legitimate,0
5075.0,0,0.038461538,0.961538462,0.0,1.0,21,0.0,2,6,14,0.0,1,3,legitimate,0
3779.0,0,0.0,1.0,0.0,0.0,75,0.0,6,14,22,10.25,1,8,phishing,1
3579.0,0,0.52398524,0.47601476,9.523809524,0.133802817,41,0.0,4,8,9,7.333333333,0,0,legitimate,0
5616.0,0,0.80952381,0.19047619,25.0,0.176470588,47,0.021276596,5,12,29,9.0,1,1,phishing,1
7671.0,0,0.066037736,0.933962264,36.36363636,0.285714286,54,0.0,7,12,20,4.4,1,4,legitimate,0
4486.0,0,0.063829787,0.936170213,70.0,0.0,66,0.0,7,10,18,7.2,1,3,legitimate,0
7295.0,0,0.9,0.1,33.33333333,0.7777777779999999,36,0.027777778,2,14,27,0.0,1,0,phishing,1
1925.0,0,0.035714286,0.964285714,33.33333333,0.4,83,0.024096386,11,14,17,5.444444444,0,5,legitimate,0
5091.0,0,0.220430108,0.779569892,9.523809524,0.243902439,29,0.0,2,13,20,0.0,0,4,legitimate,0
1036.0,0,0.247524752,0.752475248,33.33333333,0.12,35,0.0,2,18,26,0.0,1,5,legitimate,0
5075.0,0,0.5555555560000001,0.444444444,0.0,0.0,39,0.051282051,5,8,9,4.75,1,1,phishing,1
1710.0,0,0.7459016390000001,0.254098361,18.42105263,0.076923077,61,0.344262295,4,32,12,12.66666667,1,3,phishing,1
6141.0,1,0.4375,0.5625,44.0,0.238095238,40,0.0,3,19,27,3.0,1,5,phishing,1
5075.0,0,0.2,0.8,0.0,0.0,415,0.125301205,4,383,16,194.5,1,7,phishing,1
59.0,1,0.0,1.0,100.0,0.0,52,0.019230769,5,15,19,5.25,1,4,phishing,1
2883.0,0,0.090534979,0.909465021,91.26984127,0.0,36,0.0,2,19,27,0.0,1,3,legitimate,0
6298.0,3,0.0,0.0,0.0,0.0,69,0.0,8,13,21,5.833333333,1,1,phishing,1
3484.0,0,0.522123894,0.477876106,93.33333333,0.016949153,30,0.0,2,13,21,0.0,0,3,legitimate,0
5075.0,0,0.0,0.0,0.0,0.0,45,0.0,4,10,24,5.5,1,2,phishing,1
6732.0,0,0.444444444,0.5555555560000001,0.0,0.0625,33,0.0,2,16,24,0.0,1,3,legitimate,0
2.0,0,0.0,0.0,0.0,0.0,30,0.0,3,9,22,0.0,1,0,phishing,1
2295.0,0,0.210526316,0.7894736840000001,33.33333333,0.5,57,0.0,8,12,20,4.0,1,6,legitimate,0
5075.0,0,0.114583333,0.885416667,81.57894737,0.272727273,32,0.0,2,16,23,0.0,1,3,legitimate,0
1953.0,0,0.875,0.125,0.0,0.0,44,0.0,4,10,24,10.0,1,1,phishing,1
3809.0,0,0.0,0.0,0.0,0.0,33,0.0,4,9,12,3.666666667,1,0,phishing,1
5075.0,0,0.5,0.5,0.0,0.7777777779999999,22,0.0,1,6,13,0.0,0,1,legitimate,0
7450.0,0,0.0,0.0,0.0,0.0,90,0.111111111,13,14,34,3.8,1,3,legitimate,0
4632.0,0,0.0,1.0,0.0,0.0,71,0.028169014,9,11,26,4.285714286,1,1,phishing,1
7412.0,0,0.103343465,0.896656535,0.0,0.794117647,66,0.045454545,9,9,14,5.428571429,1,3,legitimate,0
7347.0,0,0.204545455,0.795454545,0.0,0.0,26,0.0,3,4,17,0.0,0,3,legitimate,0
634.0,0,1.0,0.0,0.0,0.0,35,0.0,3,10,14,5.5,1,0,phishing,1
7208.0,0,0.0875,0.9125,33.33333333,0.0,63,0.0,5,31,10,14.33333333,1,5,legitimate,0
8347.0,0,1.0,0.0,0.0,0.0,98,0.010204082,10,18,24,8.428571429,0,4,phishing,1
7132.0,0,0.034907598,0.965092402,66.66666667,0.352941176,47,0.0,5,9,16,6.666666667,0,0,legitimate,0
5070.0,0,0.0,0.0,0.0,0.0,31,0.0,1,17,24,0.0,1,0,legitimate,0
8148.0,0,0.058823529,0.941176471,0.0,0.5,121,0.074380165,19,10,21,4.4117647060000005,0,7,legitimate,0
5075.0,0,0.026315789,0.973684211,66.66666667,0.0,21,0.476190476,8,3,13,2.5,1,0,phishing,1
6645.0,0,0.153310105,0.846689895,89.65517241,0.045454545,72,0.194444444,7,13,10,8.0,0,2,legitimate,0
2612.0,0,0.333333333,0.666666667,0.0,0.0,198,0.141414141,4,167,15,86.5,1,3,phishing,1
6831.0,0,0.067961165,0.932038835,0.0,0.285714286,53,0.056603774,4,18,26,18.0,1,3,phishing,1
7200.0,0,0.1555555559999999,0.8444444440000001,33.33333333,0.428571429,55,0.018181818,5,19,27,6.0,1,5,legitimate,0
36.0,0,0.0,1.0,100.0,0.0,27,0.0,3,7,11,3.5,1,0,phishing,1
5075.0,3,0.0,1.0,0.0,0.0,91,0.274725275,7,32,22,9.333333333,1,4,phishing,1
808.0,0,0.0,1.0,100.0,0.0,43,0.11627907,4,7,34,0.0,1,2,phishing,1
6747.0,0,0.431372549,0.568627451,0.0,0.590909091,80,0.075,10,13,21,5.5,1,4,legitimate,0
7134.0,0,0.051282051,0.948717949,57.89473684,0.375,33,0.0,4,9,16,3.5,0,0,legitimate,0
10357.0,0,0.0,0.0,0.0,0.0,66,0.151515152,8,12,8,6.285714286,1,2,legitimate,0
3366.0,0,0.967213115,0.032786885,12.5,0.016949153,26,0.0,2,10,17,0.0,0,3,legitimate,0
1272.0,0,0.6,0.4,0.0,0.25,103,0.300970874,10,19,22,8.125,0,5,phishing,1
3993.0,0,0.0,1.0,100.0,0.0,127,0.133858268,13,17,50,7.375,1,6,phishing,1
6381.0,0,0.542553191,0.457446809,50.0,0.019607843,56,0.017857143,6,13,21,6.0,0,3,legitimate,0
5518.0,0,0.605263158,0.394736842,42.85714286,0.043478261,36,0.0,2,19,27,0.0,1,4,legitimate,0
5438.0,3,0.076923077,0.923076923,0.0,0.0,83,0.072289157,10,12,20,5.875,1,4,legitimate,0
2317.0,0,0.0,1.0,0.0,0.0,67,0.0,8,13,30,4.0,1,4,phishing,1
2837.0,0,0.0,0.0,0.0,0.0,33,0.0,4,11,24,0.0,1,1,phishing,1
5614.0,0,0.818181818,0.181818182,25.0,0.166666667,65,0.046153846,7,17,31,7.666666667,1,2,phishing,1
5075.0,0,0.224137931,0.7758620690000001,81.08108108,0.230769231,32,0.0,2,12,23,0.0,1,4,legitimate,0
5972.0,0,0.0,0.0,0.0,0.0,53,0.018867925,6,13,21,5.25,1,6,phishing,1
784.0,0,0.0,0.0,0.0,0.0,36,0.0,4,8,28,0.0,1,1,phishing,1
2297.0,0,0.0,0.0,0.0,0.0,36,0.0,4,12,20,3.5,1,0,phishing,1
5075.0,0,0.3,0.7,100.0,0.0,35,0.0,2,15,26,0.0,1,3,legitimate,0
6742.0,0,0.421052632,0.578947368,87.5,0.0,27,0.0,2,11,19,0.0,1,3,legitimate,0
5639.0,0,0.442307692,0.557692308,0.0,0.0,43,0.023255814,5,11,15,5.666666667,0,3,legitimate,0
5075.0,3,0.84,0.16,30.76923077,0.428571429,218,0.165137615,28,26,12,7.833333333,1,4,phishing,1
6389.0,0,0.0,0.0,0.0,0.0,53,0.188679245,5,13,17,8.666666667000001,1,1,phishing,1
7448.0,0,0.89380531,0.10619469,26.43678161,0.108910891,32,0.0,2,9,23,0.0,1,1,legitimate,0
1548.0,0,1.0,0.0,0.0,0.0,30,0.033333333,3,12,22,0.0,1,0,phishing,1
2979.0,0,0.212121212,0.787878788,92.59259259,0.0,83,0.0,10,15,31,5.285714286,1,0,legitimate,0
3993.0,0,0.0,1.0,100.0,0.0,117,0.128205128,11,17,42,8.142857142999999,1,1,phishing,1
7295.0,0,0.928571429,0.071428571,14.28571429,0.230769231,36,0.0,3,8,28,0.0,1,1,phishing,1
8966.0,0,0.9375,0.0625,20.0,0.022222222,26,0.0,3,4,17,0.0,0,0,legitimate,0
5075.0,2,0.764705882,0.235294118,50.0,0.153846154,47,0.0,5,15,22,3.25,1,1,phishing,1
5075.0,0,0.0,1.0,0.0,0.0,92,0.347826087,8,40,20,12.0,1,1,phishing,1
3006.0,0,0.8275862070000001,0.172413793,0.0,0.041666667,23,0.043478261,2,7,7,7.0,1,1,phishing,1
7308.0,2,0.1,0.9,100.0,0.0,207,0.289855072,13,64,27,16.2,1,4,phishing,1
5273.0,0,0.6747720359999999,0.325227964,30.59210526,0.013513514,35,0.0,2,16,28,0.0,1,0,legitimate,0
3224.0,0,0.058823529,0.941176471,40.0,0.8,32,0.0,4,9,17,2.5,0,3,legitimate,0
1953.0,0,0.875,0.125,0.0,0.0,33,0.060606061,3,10,14,10.0,1,1,phishing,1
7391.0,0,0.0,1.0,0.0,0.0,55,0.0,5,17,28,5.0,1,0,phishing,1
7260.0,0,0.048648649,0.951351351,75.0,0.111111111,71,0.0,7,14,22,7.2,1,3,legitimate,0
5190.0,0,0.367088608,0.632911392,66.66666667,0.022988506,39,0.0,4,10,18,6.0,0,3,legitimate,0
3310.0,0,0.0,0.0,0.0,0.0,60,0.0,8,12,15,4.428571429,1,1,phishing,1
7531.0,0,0.120879121,0.879120879,80.0,0.181818182,24,0.0,2,8,16,0.0,0,3,legitimate,0
8916.0,0,0.307210031,0.692789969,42.22222222,0.132653061,76,0.0,9,11,19,6.142857143,1,4,legitimate,0
7844.0,0,0.0375,0.9625,100.0,0.0,22,0.0,2,6,14,0.0,1,3,legitimate,0
5075.0,0,0.0,1.0,0.0,0.0,31,0.064516129,1,17,22,0.0,1,0,phishing,1
1611.0,1,1.0,0.0,0.0,0.052631579,43,0.093023256,4,14,18,4.333333333,1,0,phishing,1
1338.0,1,0.25,0.75,0.0,0.0,40,0.0,3,14,32,0.0,1,3,phishing,1
5075.0,0,0.094339623,0.905660377,25.0,0.1,33,0.0,2,14,25,0.0,1,3,legitimate,0
8924.0,3,0.0,0.0,0.0,0.0,102,0.12745098,17,8,14,4.333333333,1,4,legitimate,0
1834.0,0,0.0,1.0,100.0,0.0,74,0.054054054,5,18,58,7.0,1,2,phishing,1
7224.0,0,0.0,0.0,0.0,0.0,49,0.0,5,20,10,9.666666667,1,5,legitimate,0
5075.0,0,0.025641026,0.974358974,95.45454545,0.0,115,0.034782609,13,23,53,5.875,1,5,phishing,1
7372.0,0,0.094339623,0.905660377,0.0,0.6,20,0.0,2,5,12,0.0,1,0,phishing,1
1878.0,0,0.019900498,0.980099502,0.0,0.0,33,0.0,2,17,25,0.0,1,3,legitimate,0
8791.0,0,0.556886228,0.443113772,25.86206897,0.290322581,25,0.0,2,8,16,0.0,0,3,legitimate,0
2300.0,2,0.454545455,0.545454545,60.0,0.0,97,0.257731959,10,32,26,8.142857142999999,1,4,phishing,1
6056.0,0,0.623931624,0.376068376,17.00680272,0.006849315,93,0.086021505,12,13,17,5.272727273,1,0,legitimate,0
7295.0,0,0.8125,0.1875,14.28571429,0.846153846,31,0.0,2,11,24,0.0,1,0,phishing,1
6555.0,0,0.0,0.0,0.0,0.0,80,0.075,5,21,34,12.0,1,0,phishing,1
12126.0,0,0.072992701,0.927007299,83.33333333,0.3,120,0.1,20,10,13,4.555555556,0,9,legitimate,0
8944.0,0,0.0,1.0,0.0,0.0,37,0.0,3,14,22,6.0,1,5,legitimate,0
5075.0,0,0.017857143,0.982142857,100.0,0.0,56,0.0,5,16,37,4.5,1,3,phishing,1
4873.0,0,0.4,0.6,0.0,0.0,43,0.0,4,15,22,5.0,1,4,phishing,1
5075.0,0,0.171875,0.828125,25.0,0.181818182,66,0.0,8,9,14,6.333333333,1,3,legitimate,0
5517.0,0,0.295774648,0.704225352,85.10638298,0.333333333,119,0.117647059,12,13,20,8.1,0,5,legitimate,0
7646.0,0,0.0,0.0,0.0,0.0,60,0.283333333,3,32,20,32.0,1,4,phishing,1
7982.0,0,0.376712329,0.623287671,93.33333333,0.054545455,44,0.0,6,6,14,4.75,0,4,legitimate,0
8347.0,1,0.75,0.25,0.0,0.0,127,0.102362205,9,48,15,13.85714286,1,4,phishing,1
7133.0,0,0.059602649,0.940397351,45.45454545,0.166666667,33,0.0,4,9,16,3.5,1,1,legitimate,0
3695.0,0,0.373626374,0.626373626,54.16666667,0.088235294,29,0.0,2,12,20,0.0,1,5,legitimate,0
7551.0,0,0.313131313,0.686868687,55.31914894,0.0,85,0.164705882,12,14,18,4.9,1,4,legitimate,0
6956.0,0,0.0,0.0,0.0,0.0,61,0.0,7,14,22,5.2,1,4,legitimate,0
3710.0,3,0.0,0.0,0.0,0.0,51,0.0,6,12,20,4.75,1,4,phishing,1
5616.0,0,0.818181818,0.181818182,25.0,0.166666667,56,0.071428571,7,9,39,9.0,1,2,phishing,1
7130.0,0,0.055214724,0.944785276,63.26530612,0.333333333,50,0.0,6,9,16,5.5,0,0,legitimate,0
5075.0,0,0.122807018,0.8771929820000001,62.5,0.571428571,33,0.0,3,9,24,0.0,0,4,legitimate,0
7533.0,0,0.0,1.0,100.0,0.0,27,0.0,3,5,20,0.0,1,0,legitimate,0
5075.0,0,0.00896861,0.99103139,71.42857143,0.0,97,0.051546392,13,10,11,5.416666667,1,2,phishing,1
5637.0,0,0.527272727,0.472727273,0.0,0.137931034,46,0.0,4,17,15,10.5,0,4,legitimate,0
2806.0,0,0.210526316,0.7894736840000001,83.33333333,0.0,28,0.0,2,12,20,0.0,1,3,legitimate,0
2732.0,0,0.0,0.0,0.0,0.0,50,0.0,7,13,17,3.333333333,1,0,phishing,1
5075.0,0,0.0,1.0,0.0,0.0,98,0.306122449,7,25,18,17.25,1,3,phishing,1
5075.0,0,0.0,0.0,0.0,0.0,21,0.0,2,6,9,4.0,1,1,phishing,1
7449.0,0,0.4789915970000001,0.521008403,52.17391304,0.140350877,44,0.0,2,21,35,0.0,1,2,legitimate,0
5075.0,0,0.277777778,0.7222222220000001,0.0,0.2,38,0.0,3,11,12,8.0,1,2,phishing,1
7295.0,0,0.928571429,0.071428571,14.28571429,0.846153846,30,0.033333333,2,8,21,0.0,1,0,phishing,1
4004.0,0,0.0,1.0,100.0,0.0,139,0.151079137,14,17,54,8.375,1,7,phishing,1
5287.0,0,0.08045977,0.91954023,53.84615385,0.142857143,45,0.177777778,5,10,16,6.333333333,0,4,legitimate,0
6397.0,0,0.0,1.0,0.0,0.0,65,0.092307692,9,9,10,5.0,1,2,phishing,1
359.0,1,0.0,0.0,0.0,0.0,62,0.0161290319999999,7,12,29,5.25,1,1,phishing,1
7497.0,0,0.0,1.0,0.0,0.0,22,0.0,2,7,11,3.0,1,0,phishing,1
5075.0,0,0.25,0.75,56.52173913,0.388888889,115,0.104347826,15,12,11,5.928571429,1,3,legitimate,0
6073.0,1,1.0,0.0,0.0,0.019762846,55,0.072727273,9,6,8,3.875,1,6,phishing,1
1632.0,0,0.25,0.75,100.0,0.0,25,0.0,2,9,17,0.0,1,3,legitimate,0
5075.0,0,0.511627907,0.488372093,96.0,0.0,27,0.0,2,12,19,0.0,0,3,legitimate,0
8130.0,0,0.7662337659999999,0.233766234,25.0,0.016949153,35,0.0,3,14,18,3.5,1,0,legitimate,0
7232.0,0,0.235294118,0.764705882,0.0,0.0,56,0.0,7,12,20,4.8,1,3,legitimate,0
8892.0,0,0.081673307,0.918326693,89.53974895,0.146341463,82,0.0,10,15,23,5.25,1,3,legitimate,0
1080.0,0,0.1578947369999999,0.842105263,83.33333333,0.0,33,0.0,2,16,24,0.0,1,4,legitimate,0
189.0,0,0.0,1.0,0.0,0.0,38,0.105263158,3,9,29,0.0,1,0,phishing,1
5075.0,0,0.0,0.0,0.0,0.0,436,0.435779817,15,288,14,30.92307692,1,4,phishing,1
372.0,0,0.75,0.25,0.0,0.0,45,0.177777778,5,9,34,3.0,1,0,phishing,1
6510.0,1,0.269230769,0.7307692309999999,20.0,0.142857143,62,0.0,8,8,16,5.5,1,3,phishing,1
8096.0,0,0.025641026,0.974358974,100.0,0.0,53,0.0,6,12,20,5.25,1,3,legitimate,0
7297.0,0,0.828571429,0.171428571,7.407407407000001,0.318965517,42,0.0,2,21,34,0.0,1,1,legitimate,0
2839.0,0,0.0,1.0,0.0,0.0,53,0.0,2,29,45,0.0,1,3,phishing,1
7600.0,0,0.6875,0.3125,2.702702703,0.204545455,23,0.0,1,10,14,0.0,1,0,legitimate,0
3837.0,0,0.125874126,0.8741258740000001,50.0,0.111111111,29,0.0,2,13,20,0.0,1,0,legitimate,0
6045.0,0,0.096774194,0.903225806,14.28571429,0.333333333,76,0.065789474,11,9,17,4.777777778,1,4,legitimate,0
5075.0,0,0.0,0.0,0.0,0.0,108,0.055555556,13,23,30,4.583333333,1,4,phishing,1
1040.0,1,0.15,0.85,16.66666667,0.25,47,0.0,7,6,14,4.2,0,3,phishing,1
7295.0,0,0.928571429,0.071428571,14.28571429,0.846153846,35,0.028571429,2,15,28,0.0,1,0,phishing,1
5075.0,0,0.0,0.0,0.0,0.0,36,0.0,4,8,15,3.666666667,1,1,phishing,1
5075.0,0,0.0,0.0,0.0,0.0,61,0.06557377,6,12,14,7.0,1,1,legitimate,0
8905.0,0,0.1578947369999999,0.842105263,41.17647059,0.083333333,79,0.101265823,7,19,21,9.2,1,5,legitimate,0
5075.0,1,0.0,1.0,0.0,0.0,171,0.152046784,14,75,20,10.66666667,1,9,phishing,1
5075.0,0,0.0,1.0,100.0,0.0,24,0.0,2,7,15,0.0,0,3,legitimate,0
8718.0,0,0.869565217,0.130434783,16.66666667,0.05,29,0.0,2,12,20,0.0,1,3,legitimate,0
7132.0,0,0.067164179,0.932835821,73.52941176,0.222222222,47,0.0,6,9,18,6.0,0,1,legitimate,0
3992.0,0,0.0,1.0,100.0,0.0,76,0.131578947,7,15,50,8.5,1,3,phishing,1
5075.0,3,0.0,0.0,0.0,0.0,62,0.258064516,16,7,13,3.666666667,1,0,phishing,1
5976.0,0,0.673758865,0.326241135,69.31034483,0.4315789470000001,58,0.068965517,8,9,15,4.833333333,1,1,legitimate,0
9088.0,0,0.066666667,0.933333333,14.28571429,0.25,65,0.061538462,6,34,12,10.25,0,4,legitimate,0
3024.0,0,0.526315789,0.473684211,0.0,0.1,34,0.0,3,15,22,2.0,0,3,legitimate,0
5075.0,0,0.0,1.0,100.0,0.0,91,0.087912088,8,31,18,9.833333333,1,1,phishing,1
6918.0,0,0.085,0.915,36.36363636,0.176470588,25,0.0,2,8,16,0.0,1,3,legitimate,0
8056.0,0,0.594594595,0.405405405,0.0,0.727272727,46,0.0,6,11,19,3.75,1,5,legitimate,0
5767.0,0,0.033333333,0.966666667,100.0,0.0,81,0.283950617,5,32,27,14.66666667,1,6,phishing,1
3455.0,0,0.090909091,0.909090909,50.0,0.0,44,0.0,5,11,19,4.666666667,0,0,phishing,1
7678.0,0,0.590909091,0.409090909,0.0,0.923076923,91,0.263736264,10,40,13,7.75,1,9,phishing,1
3317.0,0,0.01511879,0.98488121,71.42857143,0.285714286,23,0.0,2,7,15,0.0,1,3,legitimate,0
3063.0,0,0.540540541,0.459459459,18.75,0.2,73,0.0,7,14,22,7.6,1,6,legitimate,0
2055.0,0,0.176470588,0.8235294120000001,80.0,0.166666667,65,0.0,8,13,21,5.0,1,6,legitimate,0
5719.0,0,0.4941176470000001,0.505882353,40.0,0.023809524,28,0.0,2,11,19,0.0,1,3,legitimate,0
5776.0,0,0.1782945739999999,0.821705426,20.0,0.695652174,70,0.028571429,8,10,18,6.5,0,4,legitimate,0
1274.0,0,0.0,1.0,100.0,0.0,34,0.0,2,16,26,0.0,0,4,legitimate,0
7298.0,0,0.279792746,0.7202072540000001,83.97435897,0.185185185,40,0.0,2,20,33,0.0,1,0,legitimate,0
7402.0,1,0.123287671,0.8767123290000001,59.45945946,0.388888889,98,0.06122449,12,12,17,6.4,1,4,legitimate,0
5171.0,0,0.7432950190000001,0.256704981,54.6875,0.030927835,36,0.166666667,3,14,18,4.5,1,2,legitimate,0
5161.0,0,0.0,1.0,0.0,0.0,25,0.08,2,7,18,0.0,1,0,legitimate,0
12210.0,0,0.0,1.0,100.0,0.0,40,0.15,5,8,17,4.0,0,2,legitimate,0
5075.0,0,0.15,0.85,100.0,0.0,23,0.0,2,7,14,0.0,0,3,legitimate,0
5075.0,0,0.217021277,0.7829787229999999,17.0212766,0.294117647,30,0.0,2,11,22,0.0,1,3,legitimate,0
11102.0,0,0.0,0.0,0.0,0.0,66,0.1363636359999999,8,13,15,6.333333333,1,2,legitimate,0
5075.0,1,0.304347826,0.695652174,83.33333333,0.0,67,0.0,9,13,20,4.714285714,0,6,phishing,1
187.0,0,0.0,0.0,0.0,0.0,47,0.085106383,5,11,19,6.0,1,3,phishing,1
5075.0,0,0.533333333,0.466666667,33.33333333,0.5,26,0.0,3,5,17,0.0,1,3,legitimate,0
4455.0,0,0.396825397,0.6031746029999999,50.0,0.04,35,0.0,3,9,17,8.0,0,5,legitimate,0
2.0,0,0.147679325,0.852320675,84.32432432,0.114285714,30,0.0,2,14,21,0.0,1,3,phishing,1
466.0,0,0.0,1.0,100.0,0.0,45,0.0,2,19,36,0.0,1,1,phishing,1
1807.0,1,0.0,1.0,100.0,0.0,48,0.0,6,8,16,5.25,1,4,phishing,1
2797.0,1,0.0,1.0,0.0,0.0,48,0.083333333,6,10,30,4.0,1,0,phishing,1
1953.0,0,0.0,0.0,0.0,0.0,34,0.088235294,3,10,14,10.0,1,1,phishing,1
5075.0,0,0.438596491,0.561403509,100.0,0.0,228,0.1710526319999999,31,32,29,5.206896552,1,8,legitimate,0
3851.0,0,0.0,0.0,0.0,0.0,58,0.051724138,5,22,17,10.0,1,0,phishing,1
5075.0,1,0.0,0.0,0.0,0.0,73,0.02739726,8,27,35,4.0,1,3,phishing,1
5075.0,0,0.06122449,0.93877551,78.57142857,0.166666667,24,0.0,2,9,16,0.0,0,3,legitimate,0
2924.0,0,0.161073826,0.838926174,25.0,0.125,27,0.0,2,11,19,0.0,1,4,legitimate,0
2294.0,0,0.0,1.0,0.0,0.0,71,0.0,9,15,10,5.625,1,0,phishing,1
10674.0,0,0.0,1.0,100.0,0.0,63,0.126984127,9,10,18,4.285714286,0,1,legitimate,0
160.0,2,0.1,0.9,0.0,0.0,47,0.0,6,9,17,4.75,1,3,phishing,1
4466.0,0,0.445378151,0.554621849,76.31578947,0.433962264,103,0.067961165,16,12,16,4.714285714,1,6,legitimate,0
5075.0,0,0.15503876,0.84496124,18.75,0.15,32,0.0,2,16,24,0.0,1,4,legitimate,0
1589.0,6,0.966666667,0.033333333,7.142857143,0.0,159,0.031446541,21,15,19,5.6,1,4,phishing,1
9169.0,0,0.2265625,0.7734375,36.66666667,0.0,45,0.0,4,10,18,8.5,0,4,legitimate,0
7295.0,0,0.928571429,0.071428571,14.28571429,0.846153846,37,0.027027027,2,17,30,0.0,1,0,phishing,1
1996.0,0,0.379310345,0.620689655,16.66666667,0.1363636359999999,52,0.057692308,6,12,16,4.8,1,2,phishing,1
8144.0,0,0.346368715,0.653631285,50.0,0.129032258,40,0.0,6,9,17,3.0,0,3,legitimate,0
2223.0,0,0.0,1.0,0.0,0.0,64,0.0,7,12,20,6.4,1,3,legitimate,0
7587.0,0,0.005434783,0.994565217,95.65217391,0.0,53,0.0,4,14,22,11.0,1,4,legitimate,0
3189.0,0,0.113636364,0.8863636359999999,87.5,0.2,51,0.0,7,7,27,4.666666667,1,3,legitimate,0
7299.0,0,0.681818182,0.318181818,0.0,0.0,36,0.0,2,16,29,0.0,1,0,legitimate,0
5626.0,0,0.818181818,0.181818182,25.0,0.277777778,48,0.0625,5,14,31,9.0,1,2,phishing,1
1659.0,0,0.411764706,0.588235294,100.0,0.095238095,127,0.299212598,12,32,61,8.666666667000001,1,5,phishing,1
5892.0,0,0.0,1.0,0.0,0.0,34,0.0,3,9,17,7.0,0,3,legitimate,0
3730.0,0,0.165644172,0.834355828,85.9375,0.111111111,52,0.076923077,6,13,17,4.4,1,2,legitimate,0
8147.0,0,0.375,0.625,44.44444444,0.158730159,50,0.0,6,11,17,5.5,0,3,legitimate,0
7159.0,0,0.061538462,0.938461538,100.0,1.0,43,0.139534884,6,8,14,4.5,1,1,legitimate,0
2460.0,1,0.0,0.0,0.0,0.0,92,0.27173913,8,40,18,10.0,1,3,phishing,1
3257.0,1,0.075471698,0.924528302,0.0,0.25,57,0.0,5,14,20,6.25,1,1,phishing,1
4360.0,0,0.144230769,0.8557692309999999,100.0,0.0,41,0.0,4,10,14,5.666666667,1,2,legitimate,0
5075.0,0,0.0,1.0,100.0,0.0,39,0.025641026,3,10,31,0.0,1,0,phishing,1
7129.0,0,0.75,0.25,4.545454545,0.142857143,51,0.098039216,5,9,43,0.0,1,1,phishing,1
9158.0,1,1.0,0.0,0.0,0.0,66,0.090909091,9,15,15,5.1428571430000005,0,5,phishing,1
5075.0,0,0.032,0.968,50.0,0.75,24,0.0,2,6,16,0.0,0,3,legitimate,0
5075.0,0,0.178082192,0.8219178079999999,55.17241379,0.615384615,50,0.0,7,10,24,3.75,1,0,legitimate,0
2102.0,0,0.0,0.0,0.0,0.0,37,0.108108108,4,8,12,4.666666667,1,2,phishing,1
4003.0,0,0.0,1.0,100.0,0.0,117,0.1623931619999999,11,17,42,8.142857142999999,1,5,phishing,1
8346.0,2,0.0,1.0,100.0,0.0,172,0.11627907,20,34,14,7.166666667,1,14,phishing,1
5616.0,0,0.80952381,0.19047619,25.0,0.176470588,73,0.01369863,10,9,42,4.75,1,1,phishing,1
5075.0,1,0.454545455,0.545454545,100.0,0.1,51,0.196078431,13,7,13,3.888888889,1,5,phishing,1
4003.0,0,0.0,1.0,100.0,0.0,119,0.159663866,12,17,42,7.375,1,5,phishing,1
8348.0,0,0.3,0.7,100.0,0.0,68,0.088235294,6,26,15,10.25,0,3,phishing,1
8687.0,0,0.115384615,0.884615385,38.46153846,0.4166666670000001,20,0.05,2,3,11,0.0,0,3,legitimate,0
2491.0,0,0.19047619,0.80952381,100.0,0.0,101,0.0,12,19,27,5.6,1,4,legitimate,0
5075.0,0,0.7894736840000001,0.210526316,9.677419355,0.088888889,43,0.0,1,27,34,0.0,1,3,legitimate,0
1546.0,1,0.0,0.0,0.0,0.0,44,0.0681818179999999,4,13,25,4.5,1,5,phishing,1
5075.0,0,1.0,0.0,0.0,0.017857143,15,0.133333333,2,3,4,3.0,1,0,phishing,1
3814.0,0,0.285714286,0.7142857140000001,75.0,0.5,71,0.0,10,11,19,4.625,1,5,legitimate,0
4478.0,0,0.7,0.3,0.0,0.571428571,76,0.276315789,10,12,27,5.0,1,3,phishing,1
5046.0,0,0.060869565,0.939130435,64.28571429,0.142857143,35,0.0,3,14,22,4.0,0,3,legitimate,0
78.0,0,0.0,1.0,0.0,0.0,35,0.0,3,10,18,8.0,0,3,phishing,1
2160.0,0,0.875,0.125,0.0,0.0,24,0.0,2,7,15,0.0,0,3,legitimate,0
3277.0,0,0.0,1.0,100.0,0.0,86,0.174418605,7,32,10,10.0,1,3,phishing,1
1884.0,0,0.052631579,0.947368421,0.0,0.0,42,0.047619048,5,9,13,3.75,1,1,phishing,1
5075.0,0,0.6184210529999999,0.3815789470000001,2.739726027,0.691489362,64,0.0,9,10,24,4.5,1,1,legitimate,0
7533.0,0,0.0,0.0,0.0,0.0,28,0.035714286,4,5,13,3.0,1,0,legitimate,0
12124.0,0,0.0,0.0,0.0,0.0,93,0.11827957,18,7,13,3.5625,1,5,legitimate,0
9803.0,0,0.030487805,0.969512195,50.0,0.266666667,86,0.093023256,13,10,15,4.818181818,0,2,legitimate,0
5075.0,0,0.120481928,0.879518072,0.0,0.1,29,0.0,3,9,17,2.0,1,3,legitimate,0
2406.0,0,0.166666667,0.833333333,0.0,0.0,26,0.0,2,10,18,0.0,1,4,legitimate,0
5075.0,2,0.578947368,0.421052632,33.33333333,0.1363636359999999,159,0.075471698,24,12,6,5.173913043,1,8,phishing,1
5632.0,0,0.0,0.0,0.0,0.0,95,0.242105263,13,10,16,5.545454545,1,5,legitimate,0
5826.0,0,0.062686567,0.937313433,39.39393939,0.7142857140000001,35,0.0,4,7,16,4.5,0,3,legitimate,0
8576.0,0,0.033057851,0.966942149,0.0,0.125,29,0.0,3,6,21,0.0,0,3,legitimate,0
254.0,3,0.0,1.0,100.0,0.0,92,0.22826087,8,32,18,10.0,1,4,phishing,1
1677.0,0,0.135746606,0.864253394,82.02247191,0.033333333,25,0.0,2,8,18,0.0,1,0,legitimate,0
5075.0,0,0.459677419,0.540322581,40.0,0.0,21,0.0,2,6,13,0.0,0,4,legitimate,0
5075.0,0,0.0,0.0,0.0,0.0,20,0.0,2,7,13,0.0,0,0,phishing,1
5670.0,1,0.0,1.0,100.0,0.0,72,0.0,9,10,22,5.0,1,1,phishing,1
8735.0,0,0.39893617,0.60106383,17.64705882,0.053333333,25,0.0,2,6,16,0.0,0,3,legitimate,0
5075.0,0,0.010628875,0.989371125,82.85714286,0.166666667,117,0.0,15,12,18,6.076923077000001,0,5,legitimate,0
5309.0,0,0.148148148,0.851851852,20.0,0.25,39,0.0,4,9,19,5.5,1,3,legitimate,0
2018.0,0,0.295546559,0.704453441,20.83333333,0.178082192,23,0.086956522,2,6,14,0.0,1,3,legitimate,0
5075.0,0,0.0,0.0,0.0,0.0,79,0.0,7,17,34,6.4,1,4,phishing,1
6256.0,0,0.1363636359999999,0.8636363640000001,60.0,0.0,75,0.0,3,37,30,37.0,1,3,legitimate,0
1653.0,3,1.0,0.0,0.0,0.5,110,0.145454545,10,32,31,8.0,1,6,phishing,1
8348.0,1,1.0,0.0,0.0,0.0,83,0.072289157,10,26,16,6.375,0,3,phishing,1
717.0,1,0.260869565,0.739130435,100.0,0.0,22,0.0,1,10,14,0.0,1,1,phishing,1
5161.0,0,0.25,0.75,62.5,0.0,33,0.0,5,6,20,1.0,1,0,legitimate,0
3219.0,0,0.0,1.0,0.0,0.0,24,0.0,2,8,15,0.0,0,3,legitimate,0
5075.0,0,0.0,1.0,100.0,0.0,27,0.0,2,10,19,0.0,1,0,phishing,1
4655.0,0,0.06993007,0.93006993,75.0,0.2,26,0.0,3,6,14,3.0,0,4,legitimate,0
1407.0,1,0.333333333,0.666666667,0.0,0.0,65,0.061538462,7,15,19,5.5,1,1,phishing,1
3208.0,0,0.625,0.375,22.22222222,0.104347826,23,0.0,2,7,15,0.0,0,3,legitimate,0
723.0,0,0.409448819,0.590551181,0.0,0.057692308,39,0.0,3,12,30,0.0,1,2,phishing,1
7412.0,0,1.0,0.0,0.0,1.166666667,31,0.064516129,2,10,23,0.0,0,0,phishing,1
5075.0,0,0.857142857,0.142857143,0.0,0.666666667,53,0.037735849,6,14,12,5.8,1,3,phishing,1
5075.0,0,0.115384615,0.884615385,21.42857143,0.133333333,51,0.0,5,12,18,5.5,1,2,phishing,1
5440.0,0,0.88,0.12,20.0,0.045454545,60,0.1,7,21,33,3.0,1,2,legitimate,0
1548.0,0,0.142857143,0.857142857,0.0,0.0,20,0.0,2,4,11,0.0,0,3,legitimate,0
395.0,2,0.025,0.975,87.5,0.0,69,0.0,8,12,20,6.0,1,3,phishing,1
5075.0,0,0.014285714,0.985714286,100.0,0.0,36,0.277777778,10,11,13,4.0,1,2,phishing,1
2496.0,0,0.778947368,0.221052632,50.0,0.432432432,81,0.024691358,8,23,27,5.571428571,1,3,legitimate,0
4547.0,0,0.088068182,0.911931818,100.0,0.064516129,86,0.081395349,11,12,20,5.444444444,1,4,legitimate,0
6245.0,0,0.215384615,0.784615385,85.0,0.035714286,44,0.090909091,6,8,12,5.0,1,3,legitimate,0
5735.0,0,0.161849711,0.8381502890000001,10.52631579,0.1785714289999999,127,0.0,12,13,21,8.8,1,3,legitimate,0
9346.0,0,0.0,0.0,0.0,0.0,91,0.032967033,15,16,15,4.230769231,1,4,legitimate,0
5616.0,2,0.80952381,0.19047619,25.0,0.176470588,71,0.0,10,9,44,5.666666667,1,2,phishing,1
1015.0,0,0.967741935,0.032258065,0.0,0.1,104,0.230769231,9,32,28,12.8,0,4,phishing,1
5075.0,5,0.0,0.0,0.0,0.0,199,0.100502513,15,100,10,11.85714286,1,2,phishing,1
5616.0,0,0.80952381,0.19047619,25.0,0.176470588,154,0.175324675,11,38,31,15.42857143,1,13,phishing,1
4626.0,0,0.009389671,0.990610329,99.62216625,0.0625,29,0.0,2,12,20,0.0,0,3,legitimate,0
6382.0,0,1.0,0.0,0.0,0.0,43,0.0,5,8,35,0.0,1,1,phishing,1
8583.0,0,0.0,0.0,0.0,0.0,80,0.0125,12,12,16,4.6,1,7,legitimate,0
6340.0,0,0.325791855,0.674208145,13.25301205,0.097222222,88,0.0,13,9,21,4.181818182,0,3,legitimate,0
7530.0,0,0.0,1.0,100.0,0.0,51,0.117647059,5,12,25,8.5,1,3,phishing,1
2139.0,0,0.0,1.0,0.0,0.0,24,0.041666667,2,9,16,0.0,0,3,legitimate,0
3140.0,1,0.058064516,0.941935484,60.0,0.444444444,58,0.034482759,7,12,16,4.833333333,1,3,phishing,1
4326.0,0,0.434782609,0.565217391,0.0,0.0,88,0.0,6,18,20,11.0,1,4,phishing,1
5615.0,2,0.80952381,0.19047619,25.0,0.176470588,51,0.058823529,7,10,33,4.5,1,2,phishing,1
7295.0,0,0.928571429,0.071428571,14.28571429,0.846153846,36,0.0,2,14,27,0.0,1,0,phishing,1
8347.0,1,0.094488189,0.905511811,62.5,0.083333333,64,0.0,7,10,21,6.0,1,1,legitimate,0
5075.0,0,0.134615385,0.865384615,0.0,0.0,56,0.0,6,12,19,6.25,1,3,legitimate,0
2383.0,0,0.382857143,0.617142857,0.0,0.059701493,30,0.0,2,14,22,0.0,1,4,legitimate,0
4352.0,0,0.347107438,0.652892562,78.125,0.071428571,71,0.056338028,8,13,21,6.0,1,5,legitimate,0
2314.0,0,0.0,0.0,0.0,0.0,43,0.093023256,4,12,21,6.5,1,0,phishing,1
4567.0,0,0.625,0.375,80.0,0.02,81,0.0,7,22,31,7.4,1,1,legitimate,0
86.0,0,0.0,0.0,0.0,0.0,45,0.044444444,4,15,36,0.0,1,3,phishing,1
9350.0,0,0.0,0.0,0.0,0.0,95,0.105263158,11,19,15,7.0,1,7,legitimate,0
5626.0,0,0.80952381,0.19047619,25.0,0.294117647,54,0.111111111,8,7,37,4.0,1,1,phishing,1
6567.0,0,0.047619048,0.952380952,90.0,0.0,48,0.0,6,14,22,3.75,1,3,legitimate,0
3220.0,3,0.0,0.0,0.0,0.0,50,0.0,6,11,15,4.4,1,1,phishing,1
7133.0,0,0.088105727,0.911894273,68.25396825,0.25,58,0.0172413789999999,8,9,16,4.666666667,0,0,legitimate,0
2255.0,0,0.248175182,0.751824818,45.0,0.323529412,98,0.071428571,11,12,16,7.333333333,1,3,legitimate,0
7445.0,0,0.0,0.0,0.0,0.0,73,0.0821917809999999,10,9,28,4.285714286,1,1,legitimate,0
1.0,0,0.25,0.75,0.0,0.0,50,0.0,4,15,28,6.0,1,0,phishing,1
5075.0,2,0.333333333,0.666666667,0.0,0.25,79,0.0,9,24,31,3.875,1,1,phishing,1
7323.0,0,0.0,0.0,0.0,0.0,221,0.208144796,28,15,13,6.692307692000001,1,5,legitimate,0
5075.0,1,0.0,1.0,100.0,0.0,47,0.0,7,7,7,4.5,1,0,phishing,1
5798.0,0,0.291428571,0.708571429,16.66666667,0.196078431,86,0.081395349,15,10,14,3.642857143,1,1,legitimate,0
683.0,0,0.0,1.0,0.0,0.0,50,0.1,4,13,41,0.0,1,0,phishing,1
5075.0,1,0.967741935,0.032258065,0.0,0.1,36,0.0,5,7,19,4.0,0,0,phishing,1
5.0,0,0.0,1.0,0.0,0.0,20,0.0,1,8,12,0.0,1,0,phishing,1
4417.0,0,0.0,0.0,0.0,0.0,115,0.026086957,13,10,26,7.2,1,3,legitimate,0
5075.0,1,0.262295082,0.7377049179999999,61.29032258,0.0,51,0.019607843,7,11,18,4.2,1,3,legitimate,0
5075.0,2,0.05,0.95,93.75,0.0,43,0.0,6,14,21,2.5,1,3,phishing,1
808.0,0,0.0,1.0,100.0,0.0,42,0.023809524,4,8,34,0.0,1,1,phishing,1
4057.0,0,0.347457627,0.652542373,65.78947368,0.1707317069999999,100,0.1,11,13,25,6.444444444,1,0,legitimate,0
5075.0,0,0.186813187,0.813186813,66.66666667,0.117647059,34,0.0,2,18,26,0.0,1,3,legitimate,0
1953.0,0,0.421052632,0.578947368,100.0,0.0,33,0.121212121,3,10,14,10.0,1,1,phishing,1
5941.0,0,0.0,1.0,0.0,0.0,42,0.0,4,8,15,5.666666667,1,1,phishing,1
8348.0,0,0.035060976,0.964939024,33.33333333,0.0,109,0.055045872,16,12,21,4.714285714,1,3,legitimate,0
7938.0,2,0.030612245,0.969387755,96.91780822,0.111111111,72,0.0,6,18,35,6.25,1,3,phishing,1
5858.0,0,0.067961165,0.932038835,0.0,0.142857143,72,0.0,9,16,38,4.4,1,4,phishing,1
5442.0,1,0.8125,0.1875,0.0,0.0,105,0.066666667,13,15,31,5.7,1,2,legitimate,0
5627.0,0,0.80952381,0.19047619,25.0,0.294117647,63,0.015873016,7,17,29,7.666666667,1,1,phishing,1
3790.0,0,0.1,0.9,75.0,0.166666667,27,0.0,2,5,18,0.0,1,1,legitimate,0
9882.0,0,0.493243243,0.506756757,50.0,0.123287671,77,0.1688311689999999,12,8,16,4.3,1,5,legitimate,0
1057.0,0,0.0,0.0,0.0,0.0,23,0.0,2,8,16,0.0,1,0,phishing,1
3958.0,0,0.085106383,0.914893617,0.0,0.5,30,0.0,2,13,21,0.0,1,3,legitimate,0
2320.0,0,0.102473498,0.8975265020000001,61.40350877,0.7241379309999999,61,0.098360656,9,13,21,3.571428571,1,6,legitimate,0
2653.0,0,0.0,1.0,100.0,0.0,21,0.0,2,6,14,0.0,1,3,legitimate,0
6326.0,0,0.026455026,0.973544974,77.77777778,0.6,92,0.086956522,14,9,22,5.1,1,7,legitimate,0
4541.0,0,0.038845144,0.961154856,72.72727273,0.013513514,22,0.0,2,7,14,0.0,0,4,legitimate,0
244.0,3,0.0,1.0,100.0,0.0,88,0.215909091,7,32,14,10.0,1,4,phishing,1
9281.0,0,0.120300752,0.879699248,46.42857143,0.09375,41,0.0,6,7,15,3.5,0,4,legitimate,0
5075.0,0,0.0,1.0,100.0,0.0,62,0.322580645,4,32,10,14.0,1,1,phishing,1
4875.0,0,0.321428571,0.6785714290000001,38.46153846,0.5555555560000001,26,0.0,3,5,18,0.0,1,3,legitimate,0
5350.0,0,0.070422535,0.929577465,50.0,0.1,61,0.0,7,15,23,5.2,1,3,legitimate,0
6250.0,0,0.165803109,0.8341968909999999,64.28571429,0.09375,74,0.108108108,9,19,27,4.428571429,1,4,legitimate,0
6259.0,0,0.12962963,0.87037037,53.33333333,0.0,68,0.0,4,22,38,22.0,1,1,legitimate,0
4771.0,0,0.092105263,0.907894737,0.0,0.142857143,31,0.0,2,15,23,0.0,1,3,legitimate,0
6044.0,0,0.150943396,0.849056604,0.0,0.083333333,31,0.0,2,15,23,0.0,1,6,legitimate,0
12710.0,2,0.0,0.0,0.0,0.0,81,0.0493827159999999,10,11,24,6.142857143,1,0,legitimate,0
8596.0,0,0.020661157,0.979338843,97.24770642,0.3,25,0.0,2,9,16,0.0,0,0,legitimate,0
5132.0,1,0.526315789,0.473684211,64.28571429,0.18,60,0.033333333,8,9,17,4.833333333,1,3,legitimate,0
6598.0,0,0.357894737,0.6421052629999999,6.0606060610000005,0.367647059,83,0.13253012,10,10,15,6.625,1,4,legitimate,0
4193.0,5,0.0,0.0,0.0,0.0,57,0.0,8,12,20,4.0,1,5,phishing,1
1337.0,0,0.0,1.0,0.0,0.0,63,0.126984127,5,20,25,9.333333333,0,1,phishing,1
6902.0,0,0.602649007,0.397350993,41.02564103,0.142857143,38,0.0,4,10,13,7.5,0,4,legitimate,0
3301.0,0,0.014563107,0.985436893,77.77777778,0.0,30,0.0,2,7,21,0.0,1,0,legitimate,0
2618.0,3,0.0,1.0,100.0,0.0,98,0.102040816,15,15,13,4.769230769,1,7,phishing,1
5075.0,0,0.0,1.0,100.0,0.0,23,0.0,2,6,14,0.0,0,3,legitimate,0
2047.0,3,0.102272727,0.897727273,85.71428571,0.5555555560000001,103,0.194174757,9,32,15,9.0,1,8,phishing,1
5158.0,0,0.125,0.875,0.0,0.076923077,27,0.0,2,9,20,0.0,1,0,legitimate,0
4300.0,0,0.0,0.0,0.0,0.0,32,0.0,1,19,25,0.0,1,2,legitimate,0
5525.0,0,0.04587156,0.95412844,93.10344828,0.2,49,0.0,4,18,26,7.0,1,3,legitimate,0
5075.0,0,0.087719298,0.912280702,50.0,0.2,29,0.0,2,10,21,0.0,1,3,legitimate,0
8763.0,0,0.153846154,0.846153846,0.0,0.0,81,0.0,10,11,14,6.5,1,4,legitimate,0
7450.0,0,0.0,0.0,0.0,0.0,75,0.106666667,10,17,37,3.285714286,1,2,legitimate,0
7805.0,0,0.197183099,0.8028169009999999,0.0,0.0,161,0.0,23,14,16,5.476190476,1,5,legitimate,0
3992.0,0,0.0,1.0,100.0,0.0,78,0.153846154,7,15,50,8.5,1,4,phishing,1
5075.0,0,0.1578947369999999,0.842105263,0.0,0.111111111,60,0.0,6,12,21,7.0,1,3,legitimate,0
3298.0,0,0.473684211,0.526315789,0.0,0.222222222,34,0.0,2,11,15,10.0,1,0,legitimate,0
5075.0,1,1.0,0.0,0.0,0.0,41,0.0,3,17,33,0.0,1,2,phishing,1
7996.0,0,0.059405941,0.940594059,14.28571429,0.833333333,70,0.0,7,13,21,7.2,0,5,legitimate,0
8002.0,0,0.142857143,0.857142857,87.5,0.0,23,0.0,2,7,14,0.0,1,3,legitimate,0
2095.0,0,0.052631579,0.947368421,100.0,0.0,63,0.0,8,9,9,5.571428571,0,0,legitimate,0
3333.0,0,0.411764706,0.588235294,41.66666667,0.285714286,30,0.033333333,2,13,21,0.0,1,3,legitimate,0
7295.0,0,0.928571429,0.071428571,25.0,0.230769231,30,0.1,2,10,23,0.0,1,3,phishing,1
3795.0,0,0.235294118,0.764705882,0.0,0.75,32,0.0,2,16,24,0.0,1,3,legitimate,0
5075.0,2,1.0,0.0,0.0,0.0,130,0.123076923,19,21,6,5.388888889,1,6,phishing,1
7298.0,0,0.0703125,0.9296875,97.6022567,0.203703704,31,0.0,2,9,22,0.0,1,1,legitimate,0
7295.0,0,0.7894736840000001,0.210526316,26.66666667,0.7,61,0.131147541,8,14,27,3.333333333,1,0,phishing,1
388.0,0,0.0,0.0,0.0,0.0,28,0.0,1,16,20,0.0,1,1,phishing,1
8347.0,1,0.666666667,0.333333333,0.0,0.0,99,0.060606061,9,23,15,9.857142857,1,1,phishing,1
5637.0,0,0.509433962,0.490566038,0.0,0.074074074,42,0.071428571,4,13,15,8.5,0,3,legitimate,0
604.0,0,0.0,1.0,0.0,0.0,47,0.085106383,4,13,17,6.0,1,0,phishing,1
12126.0,0,0.085271318,0.914728682,71.79487179,0.363636364,86,0.081395349,15,8,13,4.076923077,0,4,legitimate,0
2567.0,0,0.142857143,0.857142857,50.0,1.0,30,0.0,2,14,22,0.0,0,4,legitimate,0
1546.0,0,0.774193548,0.225806452,4.347826087,0.125,40,0.075,2,13,31,0.0,1,4,phishing,1
5892.0,0,0.0,1.0,0.0,0.0,36,0.0,4,9,17,4.5,0,3,phishing,1
1116.0,0,1.0,0.0,0.0,0.166666667,77,0.220779221,8,24,17,7.833333333,1,2,phishing,1
7077.0,0,0.537634409,0.462365591,29.03225806,0.1,106,0.056603774,15,11,19,5.076923077,0,4,legitimate,0
4775.0,1,0.004291845,0.995708155,33.33333333,0.0,154,0.006493506,7,38,14,21.0,0,4,legitimate,0
7668.0,0,0.066037736,0.933962264,36.36363636,0.142857143,56,0.0,6,16,20,6.25,1,3,legitimate,0
5075.0,1,0.0,1.0,100.0,0.0,47,0.0,5,14,17,4.75,0,0,phishing,1
2649.0,0,0.13028169,0.86971831,8.571428571,0.216216216,28,0.0,3,10,17,3.0,1,4,legitimate,0
8510.0,0,0.0,1.0,100.0,0.0,32,0.0,2,11,25,0.0,0,0,phishing,1
7446.0,0,1.0,0.0,0.0,0.583333333,26,0.0,2,9,19,0.0,1,0,phishing,1
5075.0,0,0.375,0.625,25.0,0.0,20,0.05,2,7,4,7.0,1,0,phishing,1
6679.0,0,0.0,0.0,0.0,0.0,78,0.064102564,8,23,22,7.166666667,1,5,legitimate,0
7011.0,0,0.029126214,0.970873786,70.0,0.166666667,22,0.0,2,6,13,0.0,1,3,legitimate,0
804.0,0,0.0,1.0,100.0,0.0,41,0.12195122,4,7,33,0.0,1,2,phishing,1
6669.0,0,0.379146919,0.620853081,11.53846154,0.0,61,0.032786885,5,12,19,10.66666667,1,3,legitimate,0
7724.0,0,0.448275862,0.551724138,0.0,0.307692308,71,0.0,7,16,20,7.8,1,0,legitimate,0
7295.0,0,0.928571429,0.071428571,14.28571429,0.230769231,35,0.0,2,15,28,0.0,1,0,phishing,1
7810.0,0,0.226086957,0.773913043,38.0952381,0.038461538,36,0.0,4,10,18,4.5,0,3,legitimate,0
7626.0,1,0.467532468,0.5324675320000001,100.0,0.222222222,84,0.083333333,9,9,18,7.142857143,1,3,legitimate,0
5075.0,1,0.0,0.0,0.0,0.0,56,0.107142857,9,10,18,3.428571429,1,6,legitimate,0
7393.0,0,0.095238095,0.904761905,20.0,0.142857143,32,0.0,2,16,23,0.0,1,4,legitimate,0
1669.0,0,1.0,0.0,0.0,0.027027027,126,0.301587302,12,32,61,8.666666667000001,1,5,phishing,1
5075.0,4,1.0,0.0,0.0,0.0,152,0.125,19,32,24,6.375,1,6,phishing,1
7133.0,0,0.013659466,0.986340534,75.97765363,0.674418605,50,0.08,6,10,16,5.5,0,0,legitimate,0
2867.0,0,0.086956522,0.913043478,100.0,0.0,50,0.0,4,20,24,5.0,1,1,legitimate,0
8518.0,0,0.436363636,0.563636364,75.0,0.0,40,0.0,3,15,16,15.0,0,4,legitimate,0
8018.0,0,1.0,0.0,0.0,0.0,142,0.063380282,14,34,32,8.181818182,1,4,phishing,1
10677.0,0,0.211111111,0.7888888890000001,90.66666667,0.192982456,63,0.126984127,9,10,18,4.285714286,1,2,legitimate,0
5075.0,3,0.125,0.875,50.0,1.0,51,0.019607843,7,9,12,4.333333333,0,0,phishing,1
727.0,0,0.0,0.0,0.0,0.0,33,0.0,2,17,25,0.0,0,4,legitimate,0
5075.0,1,0.142857143,0.857142857,0.0,1.0,34,0.0,4,8,27,0.0,1,1,phishing,1
2054.0,0,0.048780488,0.951219512,33.33333333,0.0,34,0.0,3,12,26,0.0,1,3,legitimate,0
8348.0,1,0.098901099,0.901098901,80.0,0.0,72,0.194444444,10,16,23,4.25,1,1,phishing,1
3395.0,0,0.602272727,0.397727273,11.11111111,0.0,30,0.0,2,14,22,0.0,1,5,legitimate,0
4320.0,0,0.05,0.95,96.36363636,0.333333333,18,0.0,1,6,9,0.0,0,0,legitimate,0
5075.0,0,0.0,0.0,0.0,0.0,35,0.057142857,2,11,28,0.0,1,0,phishing,1
2455.0,2,0.0,1.0,100.0,0.0,66,0.0,7,15,18,5.666666667,1,1,phishing,1
4472.0,0,0.321428571,0.6785714290000001,0.0,0.055555556,32,0.0,2,16,24,0.0,1,3,legitimate,0
2314.0,0,0.0,0.0,0.0,0.0,43,0.069767442,4,12,21,6.5,1,0,phishing,1
8520.0,0,0.377358491,0.622641509,80.0,0.0,45,0.0,3,20,16,20.0,1,4,legitimate,0
5075.0,0,0.991150442,0.008849558,0.0,0.0,21,0.095238095,2,7,6,7.0,1,0,phishing,1
1129.0,0,0.307692308,0.692307692,31.25,0.0,34,0.0,2,16,25,0.0,1,3,legitimate,0
5075.0,2,0.0,0.0,0.0,0.0,61,0.098360656,7,15,18,4.833333333,1,1,phishing,1
7676.0,0,0.218181818,0.7818181820000001,14.28571429,0.25,28,0.0,2,11,19,0.0,0,3,legitimate,0
1071.0,0,0.176470588,0.8235294120000001,50.0,0.0,20,0.05,3,5,7,5.0,1,0,phishing,1
7419.0,0,1.0,0.0,0.0,0.0,56,0.0,8,8,13,4.833333333,0,3,legitimate,0
5075.0,1,1.0,0.0,0.0,0.0,34,0.0,5,4,25,0.0,1,1,phishing,1
4456.0,1,0.955882353,0.044117647,3.370786517,0.1,85,0.0,11,10,18,5.555555556,0,3,phishing,1
3133.0,0,0.0,1.0,100.0,0.0,44,0.045454545,4,19,27,4.0,1,4,legitimate,0
8829.0,0,0.151515152,0.848484848,20.0,0.0,60,0.0,10,8,15,3.75,0,3,legitimate,0
7584.0,0,0.004807692,0.995192308,93.75,0.0,37,0.0,3,14,22,7.0,1,4,legitimate,0
8019.0,0,0.884615385,0.115384615,0.0,0.0,131,0.030534351,15,19,27,6.833333333,1,3,phishing,1
2802.0,4,0.705882353,0.294117647,50.0,0.166666667,68,0.0,8,13,17,5.285714286,1,1,phishing,1
4956.0,0,0.045977011,0.954022989,96.66666667,0.0,21,0.0,1,9,12,0.0,1,0,legitimate,0
5161.0,0,0.1875,0.8125,76.92307692,0.333333333,36,0.0,2,18,29,0.0,1,2,legitimate,0
1784.0,0,0.0,0.0,0.0,0.0,63,0.158730159,6,12,16,6.4,1,3,phishing,1
8886.0,0,0.35,0.65,80.0,0.0,23,0.0,2,7,15,0.0,1,3,legitimate,0
7466.0,0,0.201834862,0.798165138,88.88888889,0.0,68,0.0,9,8,18,5.0,0,3,legitimate,0
8900.0,0,0.406060606,0.593939394,15.90909091,0.358208955,78,0.051282051,11,9,15,5.1111111110000005,1,3,legitimate,0
4487.0,0,0.063829787,0.936170213,70.0,0.0,66,0.0,9,10,18,4.857142857,1,3,legitimate,0
2012.0,0,0.855421687,0.144578313,17.14285714,0.23943662,29,0.0,2,14,22,0.0,1,3,legitimate,0
5075.0,0,0.4,0.6,50.0,0.0,66,0.0,7,10,25,7.25,1,6,phishing,1
5051.0,0,0.301587302,0.6984126979999999,91.30434783,0.0,157,0.114649682,16,18,14,8.642857142999999,1,10,legitimate,0
3701.0,0,0.227272727,0.772727273,50.0,0.2,23,0.0,2,6,14,0.0,1,3,legitimate,0
8922.0,0,0.5,0.5,0.0,0.0,44,0.0,6,8,15,4.5,1,0,phishing,1
8144.0,0,0.366863905,0.633136095,50.0,0.14516129,59,0.0,9,9,17,4.0,0,3,legitimate,0
6166.0,0,0.0,0.0,0.0,0.0,66,0.0,7,11,19,7.0,1,6,legitimate,0
8571.0,0,0.373134328,0.626865672,7.692307692000001,0.0,55,0.0,5,14,22,7.666666667,1,3,legitimate,0
2936.0,0,0.5,0.5,80.0,0.25,31,0.0,2,14,22,0.0,0,3,legitimate,0
5892.0,0,0.067961165,0.932038835,0.0,0.285714286,29,0.0,2,12,21,0.0,1,1,phishing,1
5615.0,2,0.80952381,0.19047619,25.0,0.176470588,43,0.046511628,6,7,24,4.5,1,1,phishing,1
4326.0,0,0.105263158,0.894736842,50.0,0.0,50,0.02,7,9,14,4.8,1,5,legitimate,0
5075.0,1,0.5,0.5,66.66666667,0.0,36,0.0,3,12,23,4.0,1,3,legitimate,0
10524.0,0,0.096774194,0.903225806,97.82608696,0.0,34,0.0,4,10,11,6.5,0,3,legitimate,0
31.0,3,0.0,1.0,0.0,0.0,261,0.157088123,10,200,13,25.77777778,1,10,phishing,1
5075.0,0,0.025641026,0.974358974,66.66666667,0.0,34,0.294117647,11,5,13,3.0,1,4,phishing,1
3910.0,0,0.0,1.0,100.0,0.0,27,0.111111111,3,5,13,5.0,1,4,phishing,1
6218.0,0,0.502617801,0.497382199,0.0,0.020833333,37,0.162162162,4,9,16,5.0,1,4,legitimate,0
6053.0,0,0.075,0.925,69.23076923,0.4,73,0.0,9,12,15,6.142857143,0,5,legitimate,0
5075.0,0,0.030664395,0.969335605,96.91780822,0.111111111,41,0.0,4,8,13,5.333333333,1,1,phishing,1
760.0,3,0.59375,0.40625,5.263157895,0.421052632,86,0.0,11,12,16,5.3,1,4,phishing,1
5461.0,0,0.01734104,0.98265896,96.42857143,0.0,21,0.0,1,5,12,0.0,0,0,legitimate,0
1720.0,0,0.206896552,0.793103448,37.5,0.0,33,0.0,3,9,25,0.0,1,3,legitimate,0
5075.0,1,0.357142857,0.642857143,0.0,1.0,122,0.049180328,19,10,17,4.444444444,1,5,phishing,1
1588.0,0,0.75,0.25,50.0,0.19047619,28,0.0,2,11,20,0.0,1,3,legitimate,0
96.0,0,0.076923077,0.923076923,0.0,0.0,41,0.097560976,6,8,16,3.5,1,3,phishing,1
7087.0,0,1.0,0.0,0.0,0.0,39,0.0,2,14,30,0.0,1,0,phishing,1
8348.0,1,0.0,1.0,100.0,0.0,213,0.117370892,31,25,14,5.482758621,1,13,phishing,1
6875.0,0,0.150943396,0.849056604,40.90909091,0.6875,34,0.0,2,18,26,0.0,1,3,legitimate,0
5129.0,0,0.4,0.6,100.0,0.0,36,0.0,4,11,19,3.5,0,4,phishing,1
2500.0,5,0.611111111,0.388888889,85.71428571,0.0,129,0.085271318,15,15,18,6.285714286,1,4,phishing,1
5612.0,0,0.5301204820000001,0.469879518,56.92307692,0.363636364,59,0.0,6,24,41,4.0,1,1,phishing,1
7.0,0,0.0,1.0,100.0,0.0,23,0.0,1,11,15,0.0,1,1,phishing,1
5075.0,1,0.125,0.875,0.0,0.0,33,0.060606061,5,5,23,2.0,1,0,phishing,1
5075.0,0,0.0,0.0,0.0,0.0,24,0.0,1,14,17,0.0,1,0,legitimate,0
7068.0,0,0.045307443,0.954692557,50.0,0.285714286,26,0.0,2,11,18,0.0,1,3,legitimate,0
7158.0,0,0.102459016,0.897540984,74.64285714,0.56,44,0.1363636359999999,6,8,15,4.5,1,1,legitimate,0
2305.0,0,0.333333333,0.666666667,0.0,0.0,50,0.0,5,14,14,8.666666667000001,1,7,phishing,1
2411.0,1,0.373333333,0.6266666670000001,65.71428571,0.214285714,123,0.162601626,19,9,17,4.823529412,0,5,legitimate,0
5075.0,0,0.075471698,0.924528302,10.0,0.4,21,0.095238095,2,6,13,0.0,0,3,legitimate,0
7682.0,0,0.347315436,0.652684564,11.71875,0.086956522,23,0.0,1,11,15,0.0,0,0,phishing,1
7300.0,1,0.047169811,0.952830189,90.625,0.2,55,0.345454545,4,19,16,9.333333333,0,1,legitimate,0
5075.0,0,0.153846154,0.846153846,83.33333333,0.0,25,0.0,3,5,12,4.0,0,3,phishing,1
5627.0,0,0.80952381,0.19047619,25.0,0.294117647,46,0.108695652,6,15,32,2.5,1,1,phishing,1
1706.0,2,0.0,1.0,100.0,0.0,102,0.049019608,13,10,16,6.9,1,6,phishing,1
5075.0,0,0.695652174,0.304347826,60.0,0.0625,32,0.0,2,13,16,6.0,1,0,phishing,1
62.0,0,0.4,0.6,50.0,0.25,38,0.0,6,6,14,4.666666667,1,1,phishing,1
3993.0,0,0.0,1.0,100.0,0.0,127,0.173228346,13,17,50,7.375,1,4,phishing,1
5075.0,4,0.0,1.0,0.0,0.0,60,0.0,6,12,28,5.0,1,1,phishing,1
2881.0,0,0.0,1.0,0.0,0.0,29,0.0,3,7,14,7.0,0,1,phishing,1
7128.0,0,0.067961165,0.932038835,0.0,0.285714286,56,0.053571429,5,11,48,0.0,1,3,phishing,1
5075.0,0,0.32,0.68,50.0,0.125,55,0.109090909,6,12,13,7.5,0,4,legitimate,0
6318.0,0,0.070422535,0.929577465,0.0,0.0,23,0.0,2,6,14,0.0,1,3,legitimate,0
6196.0,1,0.0,1.0,100.0,0.0,47,0.0,5,12,20,5.666666667,1,3,legitimate,0
7521.0,0,0.242990654,0.7570093459999999,41.17647059,0.038461538,74,0.0,8,18,26,5.833333333,0,6,legitimate,0
4341.0,1,0.126315789,0.8736842109999999,100.0,0.0,50,0.0,6,15,22,4.25,1,3,phishing,1
254.0,0,0.40625,0.59375,0.0,0.153846154,104,0.057692308,9,44,20,10.0,1,3,phishing,1
3992.0,0,0.0,1.0,100.0,0.0,117,0.222222222,11,17,42,8.142857142999999,1,3,phishing,1
5075.0,2,0.214285714,0.7857142859999999,82.35294118,0.0,147,0.054421769,14,15,18,7.923076922999999,1,2,phishing,1
1724.0,0,0.7777777779999999,0.222222222,100.0,0.0,34,0.0,2,18,26,0.0,1,3,legitimate,0
5075.0,0,0.05785124,0.94214876,85.71428571,0.0,32,0.0,1,16,23,0.0,1,0,legitimate,0
8973.0,0,0.018867925,0.981132075,95.0,0.0,80,0.0125,10,10,15,6.25,0,4,legitimate,0
7936.0,0,0.625570776,0.374429224,12.90322581,0.051094891,27,0.0,2,9,19,0.0,1,3,legitimate,0
2197.0,0,1.0,0.0,0.0,0.0,25,0.0,2,7,11,5.0,1,1,phishing,1
7295.0,0,0.928571429,0.071428571,14.28571429,0.846153846,30,0.066666667,2,10,23,0.0,1,2,phishing,1
7681.0,0,0.105263158,0.894736842,40.0,0.8,38,0.026315789,5,6,18,5.0,1,3,legitimate,0
9161.0,0,0.169421488,0.830578512,57.14285714,0.0,30,0.0,4,5,12,4.0,0,4,legitimate,0
9379.0,0,0.0,0.0,0.0,0.0,61,0.131147541,8,9,25,4.8,1,3,legitimate,0
5075.0,0,0.010810811,0.989189189,77.77777778,0.0,32,0.0,2,13,24,0.0,0,3,legitimate,0
5075.0,0,0.0,0.0,0.0,0.0,68,0.176470588,13,8,11,3.545454545,1,4,legitimate,0
3116.0,2,0.0,1.0,100.0,0.0,60,0.0,7,12,14,5.5,1,1,phishing,1
2295.0,2,0.8666666670000001,0.133333333,0.0,0.0,79,0.0,8,18,26,6.5,1,17,phishing,1
4003.0,0,0.0,1.0,100.0,0.0,132,0.143939394,14,17,54,7.375,1,8,phishing,1
913.0,0,0.0,1.0,100.0,0.0,85,0.0,8,21,19,8.666666667000001,1,5,phishing,1
6631.0,0,0.08852459,0.91147541,70.0,0.074074074,49,0.0,5,15,23,5.333333333,1,5,legitimate,0
2675.0,1,0.0,1.0,100.0,0.0,37,0.0,4,13,17,3.333333333,0,1,phishing,1
5075.0,0,0.0,1.0,0.0,0.0,25,0.0,2,6,17,0.0,0,3,legitimate,0
2.0,0,0.034782609,0.965217391,100.0,0.0,21,0.047619048,2,6,14,0.0,1,0,phishing,1
7295.0,0,0.928571429,0.071428571,14.28571429,0.846153846,32,0.03125,2,12,25,0.0,1,0,phishing,1
4800.0,0,0.118421053,0.8815789470000001,0.0,0.055555556,32,0.0,3,8,16,7.0,0,3,legitimate,0
8019.0,0,0.884615385,0.115384615,0.0,0.0,115,0.060869565,10,28,34,9.142857143,1,3,phishing,1
7159.0,0,0.102941176,0.897058824,100.0,0.571428571,54,0.12962963,7,9,27,5.666666667,1,1,legitimate,0
232.0,1,0.105263158,0.894736842,0.0,0.0,51,0.0,4,22,33,4.0,1,0,phishing,1
5051.0,0,0.22705314,0.77294686,28.57142857,0.191489362,94,0.074468085,15,12,20,4.153846154,1,4,legitimate,0
6256.0,0,0.078378378,0.921621622,51.61290323,0.413793103,42,0.0,3,17,25,9.0,1,5,legitimate,0
5158.0,0,0.0,0.0,0.0,0.0,38,0.0,4,10,25,1.0,1,0,phishing,1
3747.0,0,0.131147541,0.8688524590000001,95.23809524,0.125,53,0.0,5,13,21,7.333333333,1,5,legitimate,0
5075.0,0,0.25,0.75,50.0,0.1,68,0.0,8,16,24,5.166666667,1,3,legitimate,0
9283.0,0,0.125899281,0.8741007190000001,46.42857143,0.142857143,82,0.207317073,10,11,15,6.375,0,9,legitimate,0
5075.0,2,0.0,1.0,100.0,0.0,72,0.0,9,9,16,5.125,1,0,phishing,1
5160.0,0,0.142857143,0.857142857,0.0,0.5,26,0.0,2,8,19,0.0,1,0,legitimate,0
495.0,2,0.945945946,0.054054054,6.12244898,0.057142857,72,0.138888889,8,14,20,5.428571429,1,3,phishing,1
7603.0,0,0.8275862070000001,0.172413793,0.0,0.1875,24,0.0,2,8,16,0.0,0,4,legitimate,0
13.0,0,0.0,1.0,100.0,0.0,41,0.024390244,5,6,22,4.0,1,3,phishing,1
8348.0,1,1.0,0.0,0.0,0.0,82,0.06097561,10,19,16,6.25,0,1,phishing,1
8348.0,0,1.0,0.0,0.0,0.0,65,0.061538462,7,22,16,7.2,0,3,phishing,1
1350.0,0,0.307692308,0.692307692,0.0,0.0,29,0.034482759,2,11,20,0.0,1,0,phishing,1
6802.0,0,0.1,0.9,0.0,0.0,40,0.0,5,6,15,4.333333333,1,1,legitimate,0
4670.0,0,0.0,1.0,0.0,0.0,60,0.0,8,8,20,5.6,1,5,legitimate,0
7914.0,0,0.78313253,0.21686747,15.0,0.123076923,45,0.0,5,12,20,4.666666667,0,3,legitimate,0
7424.0,0,0.655870445,0.344129555,70.37037037,0.0,27,0.0,2,10,18,0.0,1,3,legitimate,0
5075.0,0,0.0,0.0,0.0,0.0,439,0.480637813,15,288,14,31.15384615,1,15,phishing,1
7501.0,0,0.166666667,0.833333333,0.0,0.0,47,0.042553191,6,13,14,5.5,1,3,legitimate,0
5075.0,0,0.5,0.5,0.0,1.0,40,0.25,12,5,13,3.25,1,0,phishing,1
6006.0,2,0.0,0.0,0.0,0.0,72,0.027777778,9,15,23,5.0,1,4,legitimate,0
1561.0,1,0.0,0.0,0.0,0.0,36,0.0,3,10,20,7.0,1,0,phishing,1
5075.0,0,0.0,1.0,100.0,0.0,32,0.0,4,6,12,3.0,1,0,legitimate,0
4058.0,1,0.105263158,0.894736842,100.0,0.0,40,0.025,3,18,22,4.5,1,1,phishing,1
5767.0,0,0.033333333,0.966666667,100.0,0.0,77,0.285714286,4,32,23,14.66666667,1,1,phishing,1
5075.0,0,0.0,1.0,0.0,0.0,52,0.0,6,8,15,6.5,1,6,legitimate,0
9896.0,1,0.705882353,0.294117647,61.53846154,0.0,109,0.073394495,16,17,14,5.1428571430000005,1,7,legitimate,0
5075.0,1,0.0,0.0,0.0,0.0,109,0.04587156,14,15,15,6.166666667,1,1,phishing,1
187.0,6,0.211111111,0.7888888890000001,85.71428571,0.0,361,0.063711911,8,301,20,54.33333333,1,2,phishing,1
3993.0,0,0.0,1.0,100.0,0.0,118,0.177966102,12,17,42,7.375,1,7,phishing,1
5233.0,0,0.0,0.0,0.0,0.0,55,0.381818182,2,32,14,32.0,1,4,phishing,1
7050.0,1,0.067961165,0.932038835,0.0,0.285714286,43,0.0,5,11,26,4.0,1,4,phishing,1
5901.0,0,0.326923077,0.673076923,79.16666667,0.0,27,0.0,3,7,15,2.0,0,3,legitimate,0
5075.0,0,0.090909091,0.909090909,0.0,0.0,123,0.081300813,19,14,23,4.4117647060000005,1,4,phishing,1
6622.0,0,0.208791209,0.791208791,14.28571429,0.1578947369999999,58,0.0,7,8,21,6.5,0,3,legitimate,0
7298.0,0,0.120915033,0.879084967,94.32624113,0.216216216,44,0.0,2,23,36,0.0,1,0,legitimate,0
2544.0,0,0.01055409,0.98944591,0.0,0.0,24,0.0,2,4,15,0.0,0,3,legitimate,0
7939.0,0,0.0,1.0,100.0,0.0,57,0.0,6,16,24,5.25,1,3,legitimate,0
1709.0,2,0.0,0.0,0.0,0.0,359,0.019498607,60,17,23,4.660714286,1,6,phishing,1
867.0,0,0.0,1.0,0.0,0.0,23,0.260869565,2,6,14,0.0,1,3,phishing,1
4169.0,0,0.529411765,0.470588235,0.0,0.0,25,0.0,2,8,16,0.0,0,3,legitimate,0
8347.0,1,0.56,0.44,0.0,0.0,113,0.088495575,11,33,15,9.0,1,3,phishing,1
2901.0,0,0.173410405,0.826589595,44.44444444,0.166666667,25,0.0,2,8,16,0.0,0,3,legitimate,0
7048.0,0,0.123809524,0.876190476,84.375,0.0,25,0.0,2,8,16,0.0,1,3,legitimate,0
2835.0,0,0.681818182,0.318181818,100.0,0.0,33,0.0,2,11,24,0.0,1,1,phishing,1
6340.0,0,0.192675159,0.8073248409999999,4.724409449,0.066115702,57,0.0,6,9,21,6.0,0,1,legitimate,0
5804.0,3,0.0,1.0,100.0,0.0,69,0.0,8,13,17,6.333333333,1,4,phishing,1
7081.0,0,0.380952381,0.6190476189999999,0.0,0.0,34,0.0,2,18,26,0.0,0,3,legitimate,0
9129.0,0,0.0,1.0,100.0,0.0,73,0.04109589,7,13,26,6.8,1,2,legitimate,0
4329.0,0,0.049180328,0.950819672,16.66666667,0.333333333,23,0.0,1,8,16,0.0,0,1,legitimate,0
8018.0,0,1.0,0.0,0.0,0.0,135,0.074074074,13,24,32,8.3,1,0,phishing,1
2837.0,0,0.0,0.0,0.0,0.0,35,0.0,3,11,26,0.0,1,1,phishing,1
2996.0,0,0.083333333,0.916666667,0.0,0.0,93,0.215053763,6,32,14,13.4,1,4,phishing,1
6056.0,0,0.567213115,0.432786885,18.07909605,0.138728324,73,0.095890411,7,13,17,7.166666667,1,1,legitimate,0
916.0,1,0.589041096,0.410958904,37.5,0.0,77,0.0,11,12,20,4.555555556,0,3,phishing,1
3094.0,1,0.0,1.0,0.0,0.0,45,0.0,5,11,15,4.75,1,2,phishing,1
4991.0,0,0.376237624,0.6237623760000001,34.21052632,0.039473684,31,0.0,2,15,23,0.0,1,4,legitimate,0
10674.0,0,0.125,0.875,33.33333333,0.25,75,0.0,11,10,18,4.444444444,0,2,legitimate,0
5349.0,0,0.494949495,0.505050505,23.07692308,0.12244898,64,0.0,7,10,12,6.333333333,1,3,legitimate,0
1170.0,0,0.125,0.875,50.0,1.0,31,0.0,2,14,22,0.0,0,4,legitimate,0
9074.0,0,0.037190083,0.962809917,60.0,0.5555555560000001,45,0.0,6,8,15,4.5,0,4,legitimate,0
5075.0,1,0.6729166670000001,0.327083333,7.391304347999999,0.145510836,47,0.255319149,5,10,18,5.666666667,1,3,phishing,1
7351.0,0,0.095238095,0.904761905,11.11111111,0.333333333,61,0.0,8,13,21,4.5,1,4,legitimate,0
5445.0,0,1.0,0.0,0.0,0.0,23,0.0,2,7,14,0.0,1,0,legitimate,0
5029.0,0,1.0,0.0,0.0,0.285714286,26,0.0,2,10,18,0.0,1,3,legitimate,0
5075.0,0,0.0,1.0,0.0,0.0,78,0.0,10,11,10,5.777777778,1,0,phishing,1
6962.0,0,0.081632653,0.918367347,53.33333333,0.333333333,39,0.0,2,22,30,0.0,1,5,legitimate,0
4182.0,1,0.0,0.0,0.0,0.0,46,0.108695652,7,8,18,3.2,1,0,phishing,1
9163.0,0,0.1686746989999999,0.8313253009999999,40.0,0.071428571,22,0.0,2,5,13,0.0,0,4,legitimate,0
919.0,2,0.0,1.0,0.0,0.0,87,0.0,12,13,21,4.7,1,3,phishing,1
8833.0,0,0.151515152,0.848484848,20.0,0.1,64,0.0,11,8,15,3.666666667,0,3,legitimate,0
7619.0,0,0.335714286,0.664285714,89.47368421,0.042553191,57,0.0,4,15,30,9.0,1,0,legitimate,0
5056.0,1,0.923076923,0.076923077,0.0,0.75,63,0.0,7,11,15,5.833333333,1,0,phishing,1
4564.0,0,0.214285714,0.7857142859999999,0.0,0.0,190,0.205263158,24,12,13,6.545454545,1,4,phishing,1
496.0,0,0.556291391,0.443708609,54.6875,0.071428571,32,0.1875,3,10,14,4.5,1,2,phishing,1
6964.0,0,0.2,0.8,100.0,0.0,25,0.0,2,8,16,0.0,0,3,legitimate,0
2660.0,2,0.0,1.0,100.0,0.0,263,0.19391635,17,29,214,7.2,1,8,phishing,1
7292.0,0,0.487179487,0.512820513,23.52941176,0.026315789,80,0.0625,10,13,17,6.0,1,7,legitimate,0
5075.0,0,0.21875,0.78125,20.0,0.142857143,30,0.0,1,18,22,0.0,1,1,legitimate,0
4460.0,0,0.0161290319999999,0.983870968,100.0,0.0,28,0.0,3,6,20,0.0,1,3,legitimate,0
5075.0,0,0.0,0.0,0.0,0.0,24,0.083333333,2,11,5,11.0,1,0,phishing,1
519.0,0,0.0,1.0,100.0,0.0,26,0.0,2,8,11,5.0,1,1,phishing,1
3534.0,2,0.875,0.125,20.0,0.085714286,46,0.0,5,11,15,5.0,1,0,phishing,1
6391.0,0,0.0,0.0,0.0,0.0,63,0.0,7,11,22,7.25,1,4,phishing,1
1112.0,0,0.04,0.96,100.0,0.0,22,0.0,1,9,15,0.0,1,0,legitimate,0
5136.0,2,0.568421053,0.4315789470000001,60.0,0.222222222,84,0.011904762,12,9,17,4.9,1,5,legitimate,0
8030.0,1,0.0,1.0,0.0,0.0,70,0.0,7,10,16,8.4,0,3,legitimate,0
7295.0,0,0.928571429,0.071428571,14.28571429,0.846153846,31,0.032258065,2,9,22,0.0,1,0,phishing,1
5613.0,0,0.5301204820000001,0.469879518,56.92307692,0.363636364,45,0.0,6,11,28,4.0,1,2,phishing,1
5.0,0,0.142857143,0.857142857,0.0,1.0,119,0.092436975,13,47,25,8.555555556,1,0,phishing,1
4941.0,0,0.0,0.0,0.0,0.0,58,0.396551724,3,32,18,32.0,1,2,phishing,1
3992.0,0,0.0,1.0,100.0,0.0,121,0.148760331,12,17,46,8.142857142999999,1,4,phishing,1
8833.0,0,0.045,0.955,50.0,0.333333333,53,0.0,7,9,17,4.6,0,4,legitimate,0
5075.0,0,0.0,1.0,0.0,0.0,21,0.142857143,2,7,6,7.0,1,0,phishing,1
3851.0,0,0.275862069,0.7241379309999999,40.0,0.125,21,0.0,2,5,12,0.0,1,3,legitimate,0
5075.0,3,0.0625,0.9375,100.0,0.0,186,0.268817204,18,66,16,9.125,0,8,phishing,1
3164.0,0,0.340909091,0.659090909,16.66666667,0.8666666670000001,51,0.0,7,7,28,4.333333333,1,5,legitimate,0
4.0,0,0.0,1.0,100.0,0.0,20,0.0,1,7,11,0.0,1,1,phishing,1
5075.0,0,0.318181818,0.681818182,17.64705882,0.0,22,0.0,2,5,13,0.0,0,3,legitimate,0
7189.0,1,0.067961165,0.932038835,0.0,0.285714286,41,0.048780488,6,6,24,4.0,1,0,phishing,1
3993.0,0,0.0,1.0,100.0,0.0,124,0.201612903,12,17,50,8.142857142999999,1,4,phishing,1
269.0,0,0.039215686,0.960784314,0.0,0.0,30,0.0,2,15,22,0.0,1,4,legitimate,0
6255.0,0,0.093922652,0.906077348,83.33333333,0.0,60,0.016666667,3,17,35,17.0,1,1,legitimate,0
3993.0,0,0.0,1.0,100.0,0.0,124,0.161290323,12,17,50,8.142857142999999,1,4,phishing,1
2192.0,0,0.102272727,0.897727273,85.71428571,0.5555555560000001,75,0.253333333,4,32,14,16.33333333,1,3,phishing,1
5075.0,0,0.023121387,0.976878613,90.90909091,0.25,19,0.0,2,3,10,0.0,1,3,legitimate,0
4609.0,4,0.666666667,0.333333333,0.0,0.0,123,0.0,16,14,17,5.533333333,1,2,phishing,1
580.0,0,0.0,0.0,0.0,0.0,65,0.153846154,5,20,29,8.666666667000001,1,0,phishing,1
7297.0,0,0.952380952,0.047619048,0.0,0.25,38,0.0,2,17,30,0.0,1,0,legitimate,0
3987.0,0,0.043010753,0.956989247,0.0,0.5,24,0.0,3,6,16,0.0,1,3,legitimate,0
8121.0,0,0.208588957,0.791411043,37.03703704,0.058823529,73,0.0821917809999999,9,10,11,5.875,1,8,legitimate,0
4050.0,0,0.0,1.0,100.0,0.0,16,0.0,1,6,9,0.0,0,0,legitimate,0
7480.0,0,0.610294118,0.389705882,75.55555556,0.024096386,44,0.045454545,6,8,14,4.5,0,4,legitimate,0
7615.0,0,0.428571429,0.571428571,65.85365854,0.051282051,57,0.0,4,20,35,6.5,1,0,legitimate,0
4544.0,0,0.104347826,0.8956521740000001,10.0,0.583333333,37,0.0,4,10,28,0.0,1,4,legitimate,0
2072.0,0,0.0,0.0,0.0,0.0,51,0.0,6,15,25,3.5,1,1,phishing,1
1570.0,2,0.0,1.0,100.0,0.0,103,0.048543689,10,19,31,7.0,1,3,phishing,1
164.0,0,0.0,0.0,0.0,0.0,28,0.0,2,8,19,0.0,1,1,phishing,1
1834.0,0,0.0,1.0,100.0,0.0,59,0.13559322,3,18,37,13.0,1,1,phishing,1
1077.0,0,0.25,0.75,41.17647059,0.454545455,33,0.0,3,9,16,7.0,1,1,phishing,1
3252.0,0,0.0,1.0,0.0,0.0,28,0.0,2,11,19,0.0,0,3,legitimate,0
10678.0,0,0.085714286,0.914285714,57.14285714,0.0,64,0.140625,9,10,18,4.428571429,0,2,legitimate,0
5442.0,0,0.099206349,0.900793651,11.11111111,0.08,88,0.0,10,12,14,7.25,0,4,legitimate,0
2047.0,3,0.102272727,0.897727273,85.71428571,0.5555555560000001,107,0.14953271,10,32,19,9.0,1,12,phishing,1
9120.0,0,0.8879310340000001,0.112068966,9.090909091,0.009708738,79,0.0,10,11,19,5.625,1,4,legitimate,0
1220.0,2,0.0,0.0,0.0,0.0,35,0.028571429,5,8,12,4.0,1,0,phishing,1
9226.0,1,0.053892216,0.946107784,30.76923077,0.148148148,44,0.0,5,7,13,7.0,0,3,legitimate,0
7069.0,0,0.073170732,0.926829268,75.0,0.0,57,0.0,7,8,16,5.6,0,3,legitimate,0
4827.0,0,0.0806451609999999,0.919354839,50.0,0.4,35,0.0,2,17,27,0.0,1,3,legitimate,0
1111.0,0,0.0,0.0,0.0,0.0,30,0.033333333,3,7,11,5.0,1,0,phishing,1
5075.0,0,0.333333333,0.666666667,68.42105263,0.363636364,32,0.0,2,15,23,0.0,1,3,legitimate,0
523.0,0,0.47826087,0.52173913,62.5,0.272727273,48,0.0,3,23,39,0.0,1,4,phishing,1
1015.0,1,0.0,1.0,100.0,0.0,36,0.0,4,7,11,5.0,1,11,phishing,1
1756.0,0,0.432432432,0.567567568,50.0,0.0625,66,0.0,5,11,14,10.0,1,1,legitimate,0
4621.0,4,0.666666667,0.333333333,0.0,0.0,114,0.0,16,14,21,5.071428571,1,5,phishing,1
2705.0,0,0.069444444,0.930555556,50.0,0.4,24,0.0,2,8,16,0.0,0,4,legitimate,0
431.0,0,0.153846154,0.846153846,0.0,0.0,72,0.0,8,23,27,4.285714286,1,1,phishing,1
6076.0,0,0.006410256,0.993589744,75.0,1.0,39,0.0,4,9,17,6.0,1,4,phishing,1
5075.0,0,0.0,0.0,0.0,0.0,55,0.6181818179999999,9,32,15,8.8,1,5,phishing,1
8350.0,0,0.64,0.36,8.333333332999999,0.03125,28,0.0,2,12,20,0.0,1,3,legitimate,0
2618.0,3,0.0,1.0,100.0,0.0,79,0.126582278,12,15,13,4.8,1,6,phishing,1
7131.0,0,0.08543923,0.91456077,70.53941909,0.450704225,34,0.0,4,9,16,4.0,0,0,legitimate,0
2307.0,0,0.0,0.0,0.0,0.0,27,0.0,4,4,17,1.0,1,3,phishing,1
5885.0,0,0.070707071,0.929292929,88.04347826,0.214285714,51,0.0,9,7,15,3.142857143,0,3,legitimate,0
7421.0,0,1.0,0.0,0.0,0.0,63,0.0,9,9,13,5.0,0,3,legitimate,0
7.0,1,0.0,0.0,0.0,0.0,35,0.0,4,6,27,0.0,1,3,phishing,1
3737.0,0,0.163043478,0.836956522,0.0,0.2,27,0.0,2,10,18,0.0,1,3,legitimate,0
2529.0,0,0.0,1.0,0.0,0.0,31,0.0,3,7,22,0.0,1,3,legitimate,0
7298.0,0,0.459016393,0.540983607,74.35897436,0.285714286,36,0.0,2,16,29,0.0,1,0,legitimate,0
7501.0,0,0.142091153,0.857908847,93.33333333,0.20754717,21,0.0,2,6,13,0.0,1,3,legitimate,0
1400.0,0,0.204545455,0.795454545,0.0,0.0,34,0.0,3,9,13,5.5,1,1,phishing,1
5637.0,0,0.051643192,0.948356808,23.07692308,0.272727273,24,0.0,2,9,16,0.0,1,3,legitimate,0
7295.0,0,0.928571429,0.071428571,14.28571429,0.846153846,32,0.09375,2,12,25,0.0,1,1,phishing,1
5627.0,0,0.80952381,0.19047619,25.0,0.294117647,62,0.064516129,8,14,26,6.0,1,2,phishing,1
5075.0,0,0.7,0.3,0.0,0.142857143,43,0.023255814,5,7,35,0.0,0,2,phishing,1
7083.0,0,1.0,0.0,0.0,0.0,78,0.012820513,9,13,29,4.857142857,1,2,phishing,1
3029.0,0,0.5,0.5,100.0,0.0,46,0.0,4,11,17,9.5,0,3,legitimate,0
4003.0,0,0.0,1.0,100.0,0.0,118,0.127118644,12,17,42,7.375,1,5,phishing,1
3303.0,0,0.169611307,0.830388693,0.0,0.229166667,30,0.0,2,14,22,0.0,1,4,legitimate,0
3993.0,0,0.0,1.0,100.0,0.0,128,0.1484375,13,17,50,7.375,1,4,phishing,1
2598.0,0,0.25,0.75,87.5,0.0,21,0.0,2,6,13,0.0,0,3,legitimate,0
1857.0,4,0.0,1.0,100.0,0.0,58,0.0,9,8,16,4.833333333,1,1,phishing,1
2188.0,0,0.111111111,0.8888888890000001,100.0,0.0,40,0.0,5,12,24,3.5,1,0,phishing,1
3992.0,0,0.0,1.0,100.0,0.0,126,0.198412698,12,17,50,8.142857142999999,1,3,phishing,1
5351.0,0,0.107843137,0.892156863,50.0,0.0,20,0.0,2,4,11,0.0,1,3,legitimate,0
2188.0,0,0.0,1.0,100.0,0.0,63,0.111111111,7,11,15,5.5,1,1,phishing,1
3828.0,0,0.0,1.0,100.0,0.0,92,0.086956522,8,15,36,8.6,1,3,phishing,1
5075.0,0,0.64,0.36,16.66666667,0.1875,29,0.0,2,14,21,0.0,1,4,legitimate,0
7156.0,0,0.106060606,0.8939393940000001,100.0,0.571428571,63,0.111111111,9,9,27,4.4,1,0,legitimate,0
6340.0,0,0.210843373,0.789156627,10.25641026,0.257142857,54,0.0,5,10,21,7.333333333,0,1,legitimate,0
7616.0,0,0.364705882,0.635294118,85.29411765,0.032258065,61,0.0,5,16,31,6.666666667,1,0,legitimate,0
91.0,1,0.142857143,0.857142857,50.0,1.0,66,0.0,10,8,12,4.222222222,0,0,phishing,1
37.0,0,0.84375,0.15625,33.33333333,0.018518519,33,0.0,2,12,25,0.0,1,2,phishing,1
5075.0,0,0.518518519,0.481481481,0.0,0.928571429,90,0.011111111,12,12,19,5.3,0,4,legitimate,0
2300.0,2,0.454545455,0.545454545,60.0,0.0,114,0.210526316,12,32,26,8.0,1,5,phishing,1
8348.0,0,1.0,0.0,0.0,0.0,70,0.042857143,8,13,16,6.666666667,0,2,phishing,1
5075.0,0,0.007518797,0.992481203,100.0,0.0,41,0.073170732,5,8,11,6.0,1,1,legitimate,0
5075.0,0,0.261904762,0.738095238,50.0,0.0,33,0.0,3,8,15,8.0,1,3,legitimate,0
6426.0,0,0.0,0.0,0.0,0.0,77,0.0,8,16,22,7.0,1,5,legitimate,0
4377.0,0,0.0,0.0,0.0,0.0,79,0.189873418,5,32,14,13.25,1,3,phishing,1
244.0,3,0.0,1.0,100.0,0.0,96,0.197916667,9,32,14,8.375,1,4,phishing,1
7351.0,0,0.256198347,0.743801653,100.0,0.0,49,0.0,6,7,18,4.75,1,0,legitimate,0
8391.0,0,0.0,0.0,0.0,0.0,106,0.037735849,12,22,14,8.444444444,1,6,legitimate,0
1819.0,1,0.012048193,0.987951807,88.88888889,1.0,73,0.0,7,21,29,6.0,1,4,phishing,1
5616.0,0,0.5301204820000001,0.469879518,56.92307692,0.363636364,53,0.113207547,8,7,36,4.0,1,1,phishing,1
7297.0,0,0.793103448,0.206896552,33.33333333,0.173913043,30,0.0,2,9,22,0.0,1,1,legitimate,0
5614.0,0,0.0,0.0,0.0,0.0,28,0.142857143,2,7,19,0.0,1,3,phishing,1
5075.0,3,0.0,1.0,0.0,0.0,50,0.22,14,8,14,3.4,1,4,phishing,1
5568.0,0,0.0,0.0,0.0,0.0,41,0.0,6,6,21,3.333333333,1,3,phishing,1
6112.0,0,0.042440318,0.957559682,73.03370787,0.125,27,0.0,2,11,18,0.0,0,3,legitimate,0
7106.0,0,0.105263158,0.894736842,60.0,0.5,25,0.0,2,9,17,0.0,1,3,legitimate,0
5075.0,2,0.05,0.95,93.75,0.0,86,0.418604651,7,42,21,10.4,1,17,phishing,1
6490.0,0,0.08974359,0.91025641,90.90909091,0.0,48,0.104166667,6,9,17,4.75,1,3,phishing,1
7299.0,0,0.910447761,0.089552239,0.0,0.459016393,34,0.0,4,8,26,0.0,1,0,legitimate,0
6140.0,0,0.103896104,0.896103896,26.92307692,0.0,26,0.0,2,10,17,0.0,0,4,legitimate,0
5075.0,0,0.007285974,0.992714026,66.66666667,0.5,32,0.0,3,8,11,5.5,0,0,legitimate,0
8019.0,0,1.0,0.0,0.0,0.0,123,0.056910569,14,18,26,6.909090909,1,3,phishing,1
6889.0,0,0.2,0.8,0.0,0.0,59,0.0,5,18,26,7.666666667,1,3,legitimate,0
2651.0,0,0.090909091,0.909090909,55.55555556,0.0,26,0.0,2,9,17,0.0,0,3,legitimate,0
1844.0,0,0.287671233,0.712328767,37.14285714,0.214285714,27,0.0,3,7,18,0.0,1,0,phishing,1
5075.0,0,0.02955665,0.97044335,25.0,0.333333333,18,0.0,2,3,9,0.0,0,3,legitimate,0
5075.0,0,0.066666667,0.933333333,78.37837838,0.444444444,63,0.0,6,17,21,6.0,1,1,legitimate,0
4428.0,1,0.09375,0.90625,33.33333333,0.0,109,0.0,14,15,23,5.5,1,6,legitimate,0
2046.0,0,0.0,0.0,0.0,0.0,51,0.0,4,17,16,8.333333332999999,1,0,phishing,1
12123.0,0,0.06,0.94,55.0,0.222222222,102,0.0,16,13,13,4.857142857,0,3,legitimate,0
4288.0,0,0.140350877,0.859649123,51.51515152,0.625,52,0.0,6,11,15,6.25,1,3,legitimate,0
7471.0,1,0.68,0.32,0.0,0.8235294120000001,69,0.028985507,9,10,14,5.0,1,1,phishing,1
5075.0,4,0.5,0.5,0.0,0.0,218,0.371559633,14,64,12,14.30769231,1,5,phishing,1
8516.0,0,0.643835616,0.356164384,100.0,0.0,34,0.0,3,9,16,9.0,0,4,legitimate,0
6606.0,0,0.120689655,0.879310345,0.0,0.214285714,39,0.051282051,4,8,20,4.0,0,1,phishing,1
4161.0,0,0.31147541,0.68852459,10.0,0.526315789,26,0.0,2,9,17,0.0,0,3,legitimate,0
7295.0,0,0.928571429,0.071428571,14.28571429,0.846153846,32,0.09375,2,10,23,0.0,1,0,phishing,1
7906.0,0,0.021052632,0.978947368,42.85714286,0.5,32,0.0,3,10,18,5.0,0,3,legitimate,0
5075.0,0,0.0,1.0,100.0,0.0,28,0.0,2,12,20,0.0,1,3,legitimate,0
3157.0,2,0.0,1.0,0.0,0.0,158,0.006329114,21,16,38,5.529411765,1,4,phishing,1
5075.0,0,0.0,0.0,0.0,0.0,58,0.0,3,37,13,37.0,1,3,phishing,1
5911.0,0,0.290322581,0.709677419,83.33333333,0.111111111,57,0.0,8,10,16,5.8,1,5,legitimate,0
328.0,3,0.0,0.0,0.0,0.0,243,0.255144033,36,17,25,5.117647058999999,1,5,phishing,1
5756.0,0,0.033333333,0.966666667,100.0,0.0,77,0.298701299,4,32,23,14.66666667,1,3,phishing,1
3992.0,0,0.0,1.0,100.0,0.0,130,0.161538462,14,17,54,7.375,1,5,phishing,1
5.0,0,0.0,1.0,100.0,0.0,23,0.0,2,5,14,0.0,1,1,phishing,1
7192.0,0,0.0,0.0,0.0,0.0,43,0.0,3,20,24,4.5,1,0,phishing,1
3992.0,0,0.0,1.0,100.0,0.0,119,0.151260504,12,17,42,7.375,1,1,phishing,1
5635.0,0,0.442307692,0.557692308,0.0,0.0,43,0.0,5,11,15,5.666666667,0,3,legitimate,0
1967.0,0,0.7894736840000001,0.210526316,6.25,0.6,30,0.0,2,14,22,0.0,0,3,legitimate,0
284.0,0,0.647196262,0.352803738,70.27027027,0.0072202169999999,41,0.0,5,7,23,7.0,1,3,phishing,1
10048.0,0,0.125748503,0.874251497,28.20512821,0.5476190479999999,24,0.0,2,8,15,0.0,1,0,legitimate,0
1335.0,0,0.666666667,0.333333333,0.0,0.0,41,0.0,4,9,13,6.0,1,1,phishing,1
7299.0,0,0.954545455,0.045454545,38.59649123,0.261904762,35,0.0,2,13,26,0.0,1,0,legitimate,0
3791.0,1,0.0,0.0,0.0,0.0,40,0.0,3,12,26,5.0,1,0,phishing,1
1967.0,0,0.75,0.25,0.0,0.0,43,0.139534884,3,20,14,20.0,1,2,phishing,1
8145.0,0,0.368421053,0.6315789470000001,44.44444444,0.158730159,48,0.0,7,9,17,3.8,0,3,legitimate,0
3992.0,0,0.0,1.0,100.0,0.0,117,0.170940171,11,17,42,8.142857142999999,1,3,phishing,1
3340.0,0,0.0,0.0,0.0,0.0,41,0.0,5,9,13,4.25,1,0,phishing,1
134.0,0,0.0,1.0,0.0,0.0,31,0.0,2,15,24,0.0,1,1,phishing,1
7130.0,0,0.049932524,0.950067476,73.38129496,0.27027027,51,0.0,7,9,16,4.4,0,0,legitimate,0
5157.0,0,0.0,0.0,0.0,0.0,32,0.0,2,13,24,0.0,1,0,phishing,1
7119.0,0,0.255451713,0.744548287,61.70212766,0.390243902,54,0.037037037,6,10,24,4.5,1,1,legitimate,0
7421.0,0,0.32,0.68,27.27272727,0.0625,27,0.0,2,11,18,0.0,0,3,legitimate,0
5160.0,0,0.6,0.4,0.0,0.666666667,73,0.054794521,12,11,14,4.1,0,4,legitimate,0
5075.0,0,0.326315789,0.673684211,7.142857143,0.322580645,28,0.0,2,11,19,0.0,1,4,legitimate,0
5075.0,0,0.111111111,0.8888888890000001,0.0,0.0,33,0.0,2,14,25,0.0,1,3,legitimate,0
9396.0,0,0.162790698,0.837209302,14.28571429,0.571428571,49,0.0,8,6,11,4.166666667,0,4,legitimate,0
606.0,0,0.5,0.5,0.0,0.0,37,0.0,4,10,19,4.5,1,1,phishing,1
7092.0,0,0.2,0.8,30.0,0.066666667,28,0.0,2,11,19,0.0,1,4,legitimate,0
5990.0,0,0.166666667,0.833333333,0.0,0.0,68,0.338235294,4,32,22,18.0,1,1,phishing,1
3815.0,0,0.0,1.0,100.0,0.0,91,0.087912088,8,15,36,8.6,1,3,phishing,1
199.0,0,0.0,0.0,0.0,0.0,38,0.0,3,18,26,3.0,1,4,phishing,1
5075.0,0,0.0,0.0,0.0,0.0,80,0.325,6,32,14,13.5,1,7,phishing,1
3992.0,0,0.0,1.0,100.0,0.0,125,0.144,12,17,50,8.142857142999999,1,3,phishing,1
7298.0,0,0.590163934,0.409836066,53.65853659,0.425925926,43,0.0,4,9,35,0.0,1,0,legitimate,0
3072.0,1,0.0,1.0,100.0,0.0,50,0.02,6,9,17,5.5,1,0,phishing,1
5731.0,0,0.146341463,0.853658537,16.0,0.4166666670000001,23,0.0,2,7,14,0.0,0,3,legitimate,0
4175.0,2,0.0,0.0,0.0,0.0,49,0.0,3,28,32,3.5,1,0,phishing,1
7027.0,0,0.061135371,0.938864629,60.0,0.0,35,0.2,4,7,14,5.5,0,4,legitimate,0
7130.0,0,0.063492063,0.936507937,64.17910448,0.625,52,0.0,6,9,16,6.0,0,0,legitimate,0
2300.0,2,0.454545455,0.545454545,60.0,0.0,60,0.1,8,10,22,4.166666667,1,1,phishing,1
4565.0,0,0.214285714,0.7857142859999999,0.0,0.0,55,0.054545455,7,7,13,5.0,1,4,phishing,1
3992.0,0,0.0,1.0,100.0,0.0,125,0.144,12,17,50,8.142857142999999,1,6,phishing,1
2048.0,3,0.926829268,0.073170732,16.66666667,0.00877193,111,0.207207207,11,32,15,7.9,1,4,phishing,1
3346.0,0,0.039823009,0.960176991,69.23076923,0.444444444,111,0.036036036,14,10,17,6.166666667,1,5,legitimate,0
8407.0,0,0.0,0.0,0.0,0.0,87,0.24137931,7,32,16,11.8,1,5,phishing,1
4106.0,0,0.392592593,0.6074074070000001,83.33333333,0.037735849,27,0.0,2,10,18,0.0,1,3,legitimate,0
396.0,0,0.0,0.0,0.0,0.0,25,0.0,1,13,17,0.0,1,1,phishing,1
2541.0,0,0.0,0.0,0.0,0.0,54,0.185185185,5,13,18,8.666666667000001,1,1,phishing,1
5231.0,0,0.0161290319999999,0.983870968,100.0,0.0,29,0.0,2,9,20,0.0,1,1,legitimate,0
2300.0,2,0.454545455,0.545454545,60.0,0.0,98,0.275510204,10,32,26,8.142857142999999,1,4,phishing,1
3237.0,0,0.84375,0.15625,0.0,0.111111111,27,0.0,2,12,20,0.0,1,4,legitimate,0
5075.0,0,0.0,0.0,0.0,0.0,86,0.360465116,6,50,19,19.0,1,7,phishing,1
6217.0,0,0.458128079,0.541871921,0.0,0.0,37,0.162162162,4,9,16,5.0,1,3,legitimate,0
2130.0,3,0.0,0.0,0.0,0.0,57,0.0,7,11,14,5.0,1,0,phishing,1
5075.0,3,0.0,1.0,0.0,0.0,86,0.11627907,12,16,23,4.5,1,5,phishing,1
3151.0,0,0.118918919,0.8810810809999999,26.08695652,0.727272727,50,0.04,5,12,16,5.75,1,3,phishing,1
7157.0,0,0.061538462,0.938461538,100.0,1.0,43,0.139534884,6,8,14,4.5,1,1,legitimate,0
1976.0,0,0.0,1.0,100.0,0.0,24,0.0,3,4,15,0.0,0,3,legitimate,0
6137.0,0,0.327586207,0.6724137929999999,0.0,0.078947368,72,0.0,7,13,17,6.833333333,1,1,legitimate,0
5075.0,0,0.666666667,0.333333333,100.0,0.0,33,0.0,2,16,24,0.0,0,5,legitimate,0
5075.0,0,0.0,0.0,0.0,0.0,33,0.0,3,16,19,2.5,1,0,phishing,1
1338.0,0,0.0,1.0,0.0,0.0,40,0.025,4,11,20,5.0,0,0,phishing,1
2975.0,0,0.0,0.0,0.0,0.0,30,0.0,4,7,15,2.5,1,4,phishing,1
535.0,0,0.0,0.0,0.0,0.0,81,0.296296296,6,32,19,12.5,1,6,phishing,1
7133.0,0,0.048,0.952,40.0,0.5,56,0.0,7,9,16,5.4,0,0,legitimate,0
3228.0,4,1.0,0.0,0.0,0.0,73,0.0,10,8,14,5.5,1,0,phishing,1
9121.0,0,0.259259259,0.740740741,83.33333333,0.040816327,47,0.0,6,8,12,6.0,0,3,legitimate,0
8143.0,0,0.0,0.0,0.0,0.0,84,0.166666667,14,9,11,4.5,1,4,legitimate,0
5075.0,0,0.0,0.0,0.0,0.0,85,0.329411765,6,50,18,19.0,1,2,phishing,1
5939.0,0,0.336842105,0.663157895,50.58823529,0.0625,42,0.0,2,21,34,0.0,1,0,phishing,1
7615.0,0,0.422222222,0.577777778,64.28571429,0.1578947369999999,100,0.0,10,16,31,6.75,1,2,legitimate,0
8217.0,0,0.040540541,0.959459459,97.2027972,0.222222222,94,0.0,12,10,21,5.5,1,2,legitimate,0
5075.0,2,0.0,0.0,0.0,0.0,59,0.0,6,12,10,7.2,1,0,phishing,1
5075.0,0,0.307692308,0.692307692,50.0,0.0,27,0.0,2,11,18,0.0,0,3,legitimate,0
5028.0,0,0.083333333,0.916666667,0.0,0.333333333,27,0.0,2,10,18,0.0,1,3,legitimate,0
1804.0,1,0.0,1.0,100.0,0.0,65,0.076923077,5,21,57,0.0,1,1,phishing,1
5075.0,0,0.285714286,0.7142857140000001,55.55555556,0.5,33,0.03030303,3,8,12,5.5,1,0,legitimate,0
5075.0,0,0.4875,0.5125,71.42857143,0.102564103,24,0.0,2,7,15,0.0,0,3,legitimate,0
5075.0,0,0.674418605,0.325581395,26.92307692,0.0,29,0.0,2,9,20,0.0,1,3,legitimate,0
3091.0,0,0.25,0.75,70.0,0.75,24,0.0,2,8,16,0.0,1,3,legitimate,0
2048.0,3,0.926829268,0.073170732,16.66666667,0.00877193,103,0.223300971,9,32,15,9.0,1,4,phishing,1
8517.0,0,0.573643411,0.426356589,100.0,0.0,39,0.0,3,14,16,14.0,0,4,legitimate,0
1546.0,0,0.25,0.75,100.0,0.0,91,0.0,11,9,11,6.3,1,3,legitimate,0
7133.0,0,0.060708263,0.939291737,75.51020408,0.472222222,43,0.0,5,9,16,5.333333333,0,1,legitimate,0
3066.0,0,0.125,0.875,0.0,0.0,30,0.0,2,8,21,0.0,0,1,legitimate,0
7874.0,0,0.134328358,0.865671642,50.0,0.148148148,45,0.1555555559999999,4,18,26,4.5,1,6,legitimate,0
5075.0,0,0.0,0.0,0.0,0.0,22,0.0,2,9,12,1.0,1,0,phishing,1
7295.0,0,0.928571429,0.071428571,14.28571429,0.230769231,32,0.09375,2,10,23,0.0,1,1,phishing,1
8431.0,0,0.0,1.0,0.0,0.0,38,0.0,2,16,30,0.0,1,1,legitimate,0
8919.0,0,0.244444444,0.7555555559999999,0.0,0.036363636,59,0.0,6,17,25,5.75,1,6,legitimate,0
2335.0,2,0.0,0.0,0.0,0.0,62,0.0,7,21,29,4.2,1,4,phishing,1
9052.0,1,0.2,0.8,66.66666667,0.117647059,61,0.081967213,7,9,13,5.666666667,0,1,legitimate,0
6153.0,0,0.0,0.0,0.0,0.0,37,0.0,5,7,10,4.0,1,0,phishing,1
4812.0,0,0.00678733,0.99321267,86.84210526,0.5555555560000001,62,0.0,6,9,12,7.2,0,1,legitimate,0
9325.0,0,0.121495327,0.878504673,20.0,0.230769231,31,0.0,3,8,16,6.0,0,3,legitimate,0
1059.0,0,0.155339806,0.844660194,13.04347826,0.1875,23,0.0,2,7,15,0.0,1,4,legitimate,0
1.0,0,0.115384615,0.884615385,100.0,0.0,55,0.0,7,19,33,2.5,1,4,phishing,1
7542.0,0,0.10326087,0.89673913,16.66666667,0.210526316,22,0.0,2,5,13,0.0,0,3,legitimate,0
7839.0,0,0.238434164,0.7615658359999999,34.21052632,0.253731343,50,0.0,5,10,23,8.5,0,4,legitimate,0
1899.0,2,0.097744361,0.902255639,30.0,0.153846154,29,0.0,3,9,13,3.0,1,0,phishing,1
111.0,0,0.0,1.0,0.0,0.0,31,0.096774194,3,12,20,2.0,1,3,phishing,1
5075.0,0,0.0,0.0,0.0,0.0,64,0.0,8,12,12,7.8,1,8,legitimate,0
7132.0,0,0.060900265,0.939099735,67.45283019,0.304347826,41,0.0,5,9,16,4.666666667,0,0,legitimate,0
2824.0,0,0.701086957,0.298913043,20.83333333,0.046511628,46,0.195652174,5,13,21,5.0,0,3,phishing,1
603.0,0,0.0,0.0,0.0,0.0,65,0.030769231,9,8,15,4.714285714,1,3,phishing,1
6708.0,0,0.272030651,0.7279693490000001,100.0,0.0,61,0.0,7,10,17,6.4,0,6,legitimate,0
4377.0,0,0.0,0.0,0.0,0.0,78,0.192307692,5,32,14,13.0,1,3,phishing,1
5627.0,0,0.818181818,0.181818182,25.0,0.277777778,58,0.051724138,7,17,24,7.666666667,1,1,phishing,1
5075.0,0,0.114285714,0.8857142859999999,75.0,0.0,39,0.0,4,9,30,0.0,1,3,legitimate,0
8854.0,0,0.040697674,0.959302326,46.15384615,0.142857143,21,0.0,2,5,12,0.0,1,3,legitimate,0
129.0,0,0.0,0.0,0.0,0.0,37,0.0,4,8,30,0.0,1,0,phishing,1
7419.0,0,0.0,0.0,0.0,0.0,36,0.0,3,9,15,5.5,1,0,phishing,1
5484.0,0,0.19047619,0.80952381,25.92592593,0.375,53,0.150943396,7,8,12,4.5,1,1,legitimate,0
5075.0,0,0.121212121,0.8787878790000001,72.72727273,0.75,32,0.0,2,16,24,0.0,1,3,legitimate,0
1953.0,0,0.0,0.0,0.0,0.0,52,0.057692308,5,10,14,9.0,1,3,phishing,1
7298.0,0,0.681818182,0.318181818,0.0,0.0,35,0.085714286,2,14,27,0.0,1,1,phishing,1
1282.0,2,0.0,0.0,0.0,0.0,164,0.06097561,9,92,24,17.85714286,1,1,phishing,1
3.0,1,0.166666667,0.833333333,100.0,0.0,48,0.020833333,6,15,23,3.5,1,4,phishing,1
7455.0,0,0.111111111,0.8888888890000001,55.55555556,0.090909091,99,0.01010101,11,18,25,7.375,1,4,legitimate,0
5119.0,0,0.095522388,0.904477612,67.85714286,0.0625,83,0.0,8,23,31,6.333333333,1,3,legitimate,0
1731.0,0,0.833333333,0.166666667,100.0,0.0,54,0.0,6,12,16,5.2,1,1,phishing,1
5058.0,0,0.227272727,0.772727273,0.0,0.0,32,0.0,2,12,24,0.0,1,3,phishing,1
2329.0,0,0.571428571,0.428571429,20.58823529,0.285714286,32,0.0,2,16,24,0.0,1,3,legitimate,0
4004.0,0,0.0,1.0,100.0,0.0,121,0.165289256,12,17,46,8.142857142999999,1,4,phishing,1
5075.0,0,0.115384615,0.884615385,21.42857143,0.133333333,54,0.0,5,12,18,6.25,1,2,phishing,1
2791.0,2,0.012820513,0.987179487,97.2972973,1.0,51,0.0,8,8,10,3.571428571,1,0,phishing,1
6867.0,0,0.085714286,0.914285714,0.0,0.0,43,0.023255814,3,12,24,9.0,1,0,phishing,1
3493.0,0,0.0,0.0,0.0,0.0,32,0.0,3,8,11,5.5,1,0,phishing,1
5075.0,1,0.142857143,0.857142857,0.0,1.0,35,0.0,4,8,27,0.0,1,1,phishing,1
5616.0,3,0.80952381,0.19047619,25.0,0.176470588,55,0.018181818,8,12,29,3.75,1,2,phishing,1
6672.0,0,0.419811321,0.580188679,10.84337349,0.0,53,0.037735849,5,11,19,8.0,1,3,legitimate,0
7133.0,0,0.029154519,0.970845481,70.14925373,0.35,57,0.0,7,9,16,5.6,0,1,legitimate,0
5092.0,0,0.7181818179999999,0.281818182,38.57142857,0.544303797,32,0.0,2,16,24,0.0,1,3,legitimate,0
4609.0,4,0.666666667,0.333333333,0.0,0.0,96,0.0,12,14,17,5.545454545,1,2,phishing,1
5075.0,0,0.0,1.0,0.0,0.0,486,0.456790123,31,85,11,14.5,1,29,phishing,1
342.0,0,0.0,0.0,0.0,0.0,78,0.0,12,9,16,4.5,1,1,phishing,1
3992.0,0,0.0,1.0,100.0,0.0,127,0.165354331,13,17,50,7.375,1,2,phishing,1
2041.0,0,0.340909091,0.659090909,66.66666667,0.133333333,89,0.02247191,9,15,19,6.625,1,2,legitimate,0
4108.0,0,0.952380952,0.047619048,6.666666667,0.4,37,0.0,2,21,29,0.0,1,3,legitimate,0
7615.0,0,0.397435897,0.602564103,73.33333333,0.096774194,59,0.0,4,16,31,9.5,1,1,legitimate,0
7199.0,0,0.0,1.0,0.0,0.0,71,0.056338028,10,11,14,5.125,1,3,legitimate,0
9293.0,0,0.022566996,0.977433004,86.66666667,0.5,54,0.240740741,6,13,17,6.5,1,6,legitimate,0
12648.0,0,0.0,0.0,0.0,0.0,59,0.06779661,8,9,21,5.2,1,2,legitimate,0
5910.0,0,0.405405405,0.594594595,50.0,0.333333333,51,0.0,6,13,16,8.333333332999999,1,3,legitimate,0
175.0,4,0.0,1.0,100.0,0.0,76,0.013157895,9,13,21,5.714285714,1,3,phishing,1
12210.0,0,0.0,1.0,100.0,0.0,61,0.147540984,8,11,21,4.333333333,0,2,legitimate,0
7246.0,0,0.7333333329999999,0.266666667,10.52631579,0.272727273,29,0.0,2,13,21,0.0,1,4,legitimate,0
7617.0,0,0.371681416,0.628318584,83.63636364,0.023809524,71,0.0,7,13,28,6.2,1,2,legitimate,0
1726.0,0,0.0,1.0,100.0,0.0,45,0.088888889,4,12,15,6.333333333,0,0,phishing,1
8434.0,0,0.10738255,0.89261745,89.61038961,0.3125,104,0.0,14,15,23,5.083333333,1,4,legitimate,0
8965.0,0,0.131208997,0.868791003,40.0,0.0,38,0.184210526,4,9,12,8.0,0,4,legitimate,0
4.0,0,0.147679325,0.852320675,84.32432432,0.114285714,51,0.0,6,14,23,4.0,1,5,phishing,1
8215.0,0,0.038235294,0.961764706,96.5648855,0.076923077,85,0.0,11,10,21,5.222222222,1,1,legitimate,0
6512.0,0,0.238738739,0.7612612609999999,38.29787234,0.075471698,34,0.0,2,18,26,0.0,1,3,legitimate,0
560.0,0,0.142857143,0.857142857,0.0,0.0,52,0.057692308,8,6,20,3.6,1,2,phishing,1
9504.0,0,0.166666667,0.833333333,61.53846154,0.25,76,0.0,9,8,15,6.571428571,0,4,legitimate,0
7975.0,0,0.027027027,0.972972973,75.0,0.333333333,35,0.0,4,7,9,5.333333333,0,1,legitimate,0
4041.0,1,0.0,0.0,0.0,0.0,41,0.0,4,9,17,7.0,1,4,phishing,1
4567.0,0,0.031746032,0.968253968,100.0,0.0,31,0.0,4,6,22,0.0,1,4,legitimate,0
5339.0,0,0.557823129,0.442176871,12.5,0.1707317069999999,110,0.1,16,10,15,5.285714286,1,3,legitimate,0
5160.0,0,0.6,0.4,0.0,0.666666667,75,0.053333333,13,8,14,3.818181818,0,5,legitimate,0
7296.0,0,0.465686275,0.534313725,64.96815287,0.410526316,33,0.0,2,13,26,0.0,1,0,legitimate,0
1884.0,2,0.8,0.2,9.090909091,0.625,69,0.0,8,11,15,5.714285714,1,1,phishing,1
1337.0,0,0.0,1.0,0.0,0.0,29,0.0,2,11,20,0.0,0,0,phishing,1
7298.0,0,0.464285714,0.535714286,75.75757576,0.102564103,32,0.0,3,8,23,0.0,0,1,legitimate,0
5075.0,0,0.058823529,0.941176471,0.0,0.0,42,0.0,6,9,20,3.333333333,1,6,legitimate,0
5160.0,0,0.0,1.0,0.0,0.0,46,0.0,3,22,33,1.0,1,1,legitimate,0
5290.0,0,0.081081081,0.918918919,62.5,0.0,52,0.0,5,14,14,9.333333333,0,3,legitimate,0
2241.0,1,0.0,1.0,100.0,0.0,40,0.0,5,11,19,3.666666667,1,3,phishing,1
5075.0,0,0.819477435,0.180522565,19.13357401,0.107246377,60,0.0,7,11,24,4.6,1,2,phishing,1
5075.0,0,0.0,0.0,0.0,0.0,20,0.15,2,7,4,7.0,1,0,phishing,1
86.0,0,0.0,0.0,0.0,0.0,40,0.05,3,15,32,0.0,1,0,phishing,1
2724.0,0,0.772727273,0.227272727,30.76923077,0.294117647,44,0.0,4,17,28,3.5,1,0,phishing,1
5958.0,0,0.0,1.0,100.0,0.0,27,0.0,3,7,15,2.0,0,3,legitimate,0
261.0,0,0.153846154,0.846153846,0.0,0.0,44,0.0,3,14,18,7.5,1,1,phishing,1
7296.0,0,0.347826087,0.6521739129999999,80.0,0.2,42,0.0,3,12,34,0.0,1,0,legitimate,0
8157.0,1,0.545454545,0.454545455,0.0,1.0,49,0.0,7,8,22,3.75,1,1,phishing,1
5075.0,0,0.0,0.0,0.0,0.0,39,0.102564103,4,12,16,4.0,1,2,phishing,1
1733.0,0,0.0,1.0,0.0,0.0,19,0.1578947369999999,2,5,11,0.0,1,0,phishing,1
5075.0,0,0.043478261,0.956521739,66.66666667,1.0,64,0.0,7,14,39,4.666666667,1,3,phishing,1
6298.0,0,0.047244094,0.952755906,77.55102041,0.25,52,0.076923077,7,8,16,4.6,0,3,legitimate,0
657.0,0,0.7,0.3,0.0,0.142857143,42,0.0,5,8,34,0.0,0,2,phishing,1
3122.0,0,0.6875,0.3125,20.37037037,0.045454545,22,0.0,2,5,13,0.0,1,3,legitimate,0
6681.0,0,0.189781022,0.810218978,25.0,0.192307692,52,0.0,4,18,26,8.5,1,3,legitimate,0
5511.0,0,0.062801932,0.937198068,53.57142857,0.615384615,59,0.0,8,13,21,4.0,0,4,legitimate,0
2155.0,0,0.571428571,0.428571429,100.0,0.0,51,0.0,4,14,42,0.0,1,1,phishing,1
6977.0,0,0.169491525,0.830508475,22.72727273,0.066666667,61,0.0,5,20,28,7.333333333,1,4,legitimate,0
3747.0,2,0.0,0.0,0.0,0.0,51,0.0,6,9,23,5.666666667,1,3,phishing,1
5075.0,0,0.142857143,0.857142857,50.0,1.0,49,0.0,6,11,14,4.6,0,0,legitimate,0
3632.0,3,0.0,0.0,0.0,0.0,102,0.049019608,10,14,13,8.0,1,4,phishing,1
1337.0,0,0.0,1.0,0.0,0.0,41,0.048780488,4,11,20,6.0,0,0,phishing,1
8759.0,0,0.1875,0.8125,46.15384615,0.166666667,103,0.067961165,16,12,18,4.5,0,5,legitimate,0
62.0,0,0.4,0.6,50.0,0.25,93,0.290322581,8,56,14,13.4,1,2,phishing,1
5075.0,1,0.090909091,0.909090909,100.0,0.0,26,0.0,3,5,8,4.5,0,0,legitimate,0
2249.0,2,0.0,1.0,100.0,0.0,59,0.0,6,15,19,5.6,1,0,phishing,1
1276.0,0,0.361702128,0.638297872,6.666666667,0.647058824,36,0.027777778,2,17,21,6.0,1,0,phishing,1
7131.0,0,0.078571429,0.921428571,70.46979866,0.8409090909999999,51,0.0,6,9,16,5.75,0,0,legitimate,0
5075.0,0,0.710843373,0.289156627,0.0,0.016949153,47,0.127659574,5,8,13,5.75,0,2,phishing,1
3910.0,1,0.753424658,0.246575342,16.66666667,0.036363636,62,0.0,6,16,20,6.0,1,2,phishing,1
4502.0,0,0.008652658,0.991347342,99.72222222,0.142857143,28,0.0,3,5,19,0.0,0,3,legitimate,0
5057.0,0,0.006688963,0.993311037,50.0,1.0,48,0.0,4,12,16,7.0,1,1,legitimate,0
7618.0,0,0.362831858,0.637168142,85.45454545,0.024390244,63,0.0,5,16,31,7.333333333,1,0,legitimate,0
8520.0,0,0.377358491,0.622641509,80.0,0.0,36,0.0,3,11,16,11.0,1,5,legitimate,0
5224.0,0,0.278947368,0.721052632,39.65517241,0.075471698,77,0.116883117,7,19,18,9.2,1,6,legitimate,0
2120.0,0,0.0,0.0,0.0,0.0,51,0.352941176,2,32,10,32.0,1,1,phishing,1
5273.0,0,0.115384615,0.884615385,100.0,0.166666667,17,0.0,2,3,10,0.0,1,3,legitimate,0
5767.0,0,0.033333333,0.966666667,100.0,0.0,77,0.311688312,4,32,23,14.66666667,1,2,phishing,1
2079.0,0,0.871794872,0.128205128,0.0,0.352941176,84,0.107142857,13,12,27,4.0,1,1,legitimate,0
2479.0,0,0.125,0.875,40.0,1.0,33,0.0,2,17,25,0.0,1,3,legitimate,0
7836.0,0,0.069306931,0.930693069,41.66666667,0.571428571,122,0.049180328,13,17,33,6.363636364,1,1,legitimate,0
5075.0,3,0.0,1.0,0.0,0.0,60,0.0,8,13,17,4.0,1,1,phishing,1
6255.0,1,0.067961165,0.932038835,0.0,0.285714286,38,0.026315789,4,13,21,4.0,1,1,phishing,1
2308.0,0,0.452380952,0.5476190479999999,50.0,0.026315789,26,0.0,2,11,19,0.0,1,3,legitimate,0
142.0,0,0.0,0.0,0.0,0.0,34,0.058823529,3,11,20,6.0,1,1,phishing,1
7715.0,0,0.0,1.0,100.0,0.0,43,0.046511628,6,9,19,3.0,1,3,phishing,1
8347.0,1,0.0,0.0,0.0,0.0,203,0.0591133,30,40,14,5.428571429,1,11,phishing,1
5075.0,0,0.083333333,0.916666667,92.85714286,1.0,30,0.0,2,15,22,0.0,1,4,legitimate,0
4924.0,0,0.0625,0.9375,0.0,0.0,69,0.0,8,14,25,5.166666667,1,0,legitimate,0
5908.0,0,0.108571429,0.891428571,14.28571429,0.052631579,44,0.022727273,6,8,22,4.0,1,4,legitimate,0
4027.0,0,0.045454545,0.954545455,33.33333333,0.5,64,0.0,8,10,29,6.0,1,3,legitimate,0
5701.0,0,0.577777778,0.422222222,33.33333333,0.192307692,32,0.0,2,16,24,0.0,1,3,legitimate,0
5075.0,0,0.333333333,0.666666667,0.0,0.0,32,0.0,4,5,9,4.333333333,1,1,phishing,1
1015.0,1,0.967741935,0.032258065,0.0,0.1,68,0.0,8,13,31,6.5,0,0,phishing,1
2573.0,0,0.0,1.0,100.0,0.0,49,0.081632653,5,13,17,5.25,1,1,phishing,1
537.0,0,0.233009709,0.7669902909999999,0.0,0.791666667,25,0.12,2,4,12,0.0,1,0,phishing,1
7154.0,0,0.608695652,0.391304348,100.0,0.0,552,0.170289855,23,136,22,23.9047619,1,14,phishing,1
1535.0,0,0.266666667,0.7333333329999999,42.85714286,0.25,29,0.0,2,13,21,0.0,1,4,legitimate,0
4949.0,0,0.287878788,0.712121212,20.0,0.210526316,82,0.134146341,12,9,11,4.6363636360000005,0,0,legitimate,0
7131.0,0,0.124830393,0.875169607,66.05166052,0.467391304,41,0.0,5,9,16,4.333333333,0,0,legitimate,0
899.0,0,0.0,1.0,0.0,0.0,91,0.0,11,13,19,5.4,1,2,phishing,1
3916.0,0,0.0647482009999999,0.935251799,20.0,0.111111111,23,0.0,2,7,14,0.0,0,3,legitimate,0
8934.0,0,0.842105263,0.1578947369999999,28.57142857,0.125,28,0.0,4,5,12,3.0,0,3,legitimate,0
7685.0,0,0.0,0.0,0.0,0.0,26,0.0,2,7,14,3.0,1,0,legitimate,0
112.0,0,0.0,1.0,0.0,0.0,32,0.09375,3,12,20,2.0,1,3,phishing,1
8941.0,0,0.0,1.0,100.0,0.0,49,0.0,6,8,12,6.5,0,3,legitimate,0
3509.0,0,0.0,0.0,0.0,0.0,129,0.317829457,10,32,73,8.6,1,6,phishing,1
3017.0,0,0.0,0.0,0.0,0.0,54,0.0,5,13,17,6.25,1,1,legitimate,0
187.0,0,0.0,0.0,0.0,0.0,49,0.081632653,5,11,19,6.666666667,1,3,phishing,1
3419.0,0,0.492537313,0.5074626870000001,83.33333333,0.0,27,0.0,2,10,18,0.0,0,3,legitimate,0
5075.0,0,0.5555555560000001,0.444444444,0.0,0.0,20,0.0,1,8,11,0.0,1,0,legitimate,0
7650.0,0,0.657894737,0.342105263,0.0,0.4,15,0.0,1,3,6,0.0,0,0,legitimate,0
5075.0,0,0.035928144,0.964071856,87.75510204,0.0,30,0.0,2,14,21,0.0,1,3,legitimate,0
7603.0,1,0.0,1.0,0.0,0.0,113,0.0,16,23,15,5.5,1,5,legitimate,0
5075.0,0,0.0,1.0,100.0,0.0,21,0.238095238,2,5,8,4.0,1,2,phishing,1
9173.0,0,0.0,1.0,100.0,0.0,23,0.0,2,7,15,0.0,1,3,legitimate,0
2695.0,0,0.076923077,0.923076923,0.0,0.5,23,0.043478261,2,6,16,0.0,1,0,legitimate,0
4160.0,0,0.684210526,0.315789474,28.57142857,0.019230769,83,0.072289157,14,7,11,3.846153846,0,4,legitimate,0
7295.0,0,0.928571429,0.071428571,14.28571429,0.846153846,30,0.066666667,2,9,22,0.0,1,0,phishing,1
7131.0,0,0.055099648,0.944900352,71.51515152,0.468085106,46,0.0,6,9,16,4.5,0,0,legitimate,0
5075.0,1,0.0,0.0,0.0,0.0,40,0.25,14,6,13,2.4,1,0,phishing,1
8708.0,0,0.012295082,0.987704918,76.92307692,0.0,48,0.0,4,10,18,10.0,0,3,legitimate,0
12203.0,0,1.0,0.0,0.0,0.0,75,0.0,8,28,14,9.8,1,3,legitimate,0
8422.0,0,0.037037037,0.962962963,100.0,0.0,31,0.0,4,6,22,0.0,1,3,legitimate,0
5626.0,0,0.0,0.0,0.0,0.0,78,0.115384615,6,36,69,0.0,1,3,phishing,1
3639.0,0,0.0,1.0,100.0,0.0,50,0.0,7,17,25,2.4,1,3,phishing,1
152.0,0,0.109589041,0.8904109590000001,87.80487805,0.375,80,0.3125,5,32,27,14.0,1,7,phishing,1
5075.0,0,0.025423729,0.974576271,95.45454545,0.666666667,32,0.0,2,12,23,0.0,1,3,legitimate,0
4537.0,0,0.036945813,0.963054187,63.63636364,0.066666667,33,0.0,2,16,24,0.0,1,3,legitimate,0
4973.0,0,0.153846154,0.846153846,0.0,0.0,43,0.023255814,4,16,24,5.0,1,3,legitimate,0
3052.0,0,0.03968254,0.96031746,40.0,0.4,37,0.0,2,20,28,0.0,1,3,legitimate,0
3596.0,1,0.083333333,0.916666667,0.0,0.0,31,0.0,2,10,24,0.0,1,1,legitimate,0
3469.0,0,0.046153846,0.953846154,50.0,0.5,24,0.0,2,7,15,0.0,0,3,legitimate,0
2652.0,0,0.180451128,0.819548872,0.0,0.041666667,25,0.0,2,9,16,0.0,0,3,legitimate,0
4489.0,1,0.107142857,0.892857143,0.0,0.0,26,0.0,2,8,18,0.0,1,1,phishing,1
7611.0,0,0.299270073,0.700729927,10.25641026,0.146341463,68,0.0,9,11,13,5.857142857,0,4,legitimate,0
7233.0,0,0.321428571,0.6785714290000001,83.33333333,0.0,35,0.0,4,12,20,2.0,1,4,legitimate,0
5075.0,0,0.842105263,0.1578947369999999,14.28571429,0.0,23,0.0,1,13,16,0.0,1,0,legitimate,0
1338.0,0,0.0,1.0,0.0,0.0,37,0.216216216,3,11,25,3.0,0,1,phishing,1
1338.0,0,0.0,1.0,0.0,0.0,39,0.025641026,4,11,20,5.0,0,0,phishing,1
9803.0,0,0.036057692,0.963942308,50.0,0.266666667,28,0.035714286,3,7,15,5.0,0,1,legitimate,0
9239.0,0,0.0,0.0,0.0,0.0,56,0.053571429,6,9,17,7.0,1,2,legitimate,0
5093.0,0,0.153846154,0.846153846,65.11627907,0.2,28,0.0,2,11,19,0.0,1,4,legitimate,0
7100.0,1,0.0,1.0,100.0,0.0,74,0.162162162,7,15,28,6.4,1,1,phishing,1
4757.0,1,0.0,1.0,100.0,0.0,66,0.0,6,20,23,6.2,1,4,phishing,1
6257.0,0,0.123853211,0.8761467890000001,55.17241379,0.0,40,0.0,3,17,25,7.0,1,4,legitimate,0
778.0,3,0.578947368,0.421052632,11.11111111,0.227272727,71,0.056338028,8,15,24,5.5,1,0,phishing,1
5160.0,0,0.6,0.4,0.0,0.666666667,77,0.051948052,12,14,14,4.5,0,4,legitimate,0
7295.0,0,0.928571429,0.071428571,14.28571429,0.230769231,30,0.0,2,10,23,0.0,1,0,phishing,1
6240.0,0,0.5,0.5,0.0,1.0,24,0.0,2,8,16,0.0,1,5,legitimate,0
5075.0,0,0.173913043,0.826086957,100.0,0.0,57,0.01754386,7,13,16,4.666666667,1,0,phishing,1
1080.0,0,0.80952381,0.19047619,25.0,0.176470588,38,0.0,3,12,29,0.0,1,0,phishing,1
8872.0,0,0.0,0.0,0.0,0.0,84,0.047619048,10,13,13,6.75,1,4,legitimate,0
1658.0,2,0.0,1.0,0.0,0.0,243,0.349794239,17,64,60,18.55555556,1,15,phishing,1
7159.0,0,0.059701493,0.940298507,100.0,1.0,43,0.139534884,6,8,14,4.5,1,0,legitimate,0
2925.0,0,0.127659574,0.872340426,100.0,0.0,31,0.0,2,15,23,0.0,1,3,legitimate,0
3339.0,1,0.0,0.0,0.0,0.0,49,0.0,8,9,17,3.166666667,1,3,phishing,1
5783.0,0,0.0,0.0,0.0,0.0,79,0.316455696,6,32,22,11.5,1,3,phishing,1
2756.0,0,0.013944223,0.986055777,97.05882353,0.285714286,25,0.0,2,10,17,0.0,0,3,legitimate,0
4003.0,0,0.0,1.0,100.0,0.0,123,0.12195122,13,17,46,7.375,1,6,phishing,1
1338.0,0,0.0,1.0,0.0,0.0,38,0.210526316,3,11,25,3.0,0,1,phishing,1
3229.0,0,0.6,0.4,0.0,0.0,51,0.196078431,5,13,43,0.0,1,1,phishing,1
2783.0,1,0.0625,0.9375,100.0,0.0,73,0.0,10,11,15,5.375,1,1,phishing,1
5075.0,0,0.035555556,0.964444444,36.36363636,0.25,41,0.073170732,4,14,22,4.5,1,3,legitimate,0
5075.0,2,0.222222222,0.7777777779999999,33.33333333,0.666666667,56,0.0,8,8,23,5.25,1,3,phishing,1
5075.0,0,0.078431373,0.921568627,0.0,0.125,53,0.0,6,10,18,6.0,1,5,legitimate,0
8.0,0,0.086956522,0.913043478,46.15384615,0.625,19,0.0,2,5,12,0.0,1,1,phishing,1
5075.0,1,0.882352941,0.117647059,0.0,0.0,106,0.169811321,11,17,45,8.0,1,3,phishing,1
5075.0,1,0.0,1.0,0.0,0.0,34,0.264705882,11,5,12,3.0,1,0,phishing,1
1087.0,0,0.0,1.0,0.0,0.0,52,0.0,7,10,19,3.8,1,0,phishing,1
4376.0,0,0.0,0.0,0.0,0.0,72,0.180555556,4,32,14,15.66666667,1,3,phishing,1
6220.0,0,0.239583333,0.760416667,12.5,0.195652174,34,0.0,2,17,25,0.0,0,3,legitimate,0
2539.0,3,0.059322034,0.940677966,0.0,0.142857143,74,0.0,7,22,30,6.0,1,3,phishing,1
4003.0,0,0.0,1.0,100.0,0.0,128,0.1875,13,17,50,7.375,1,4,phishing,1
1527.0,2,0.065420561,0.934579439,100.0,0.0,58,0.0,7,14,22,4.8,1,4,phishing,1
227.0,0,0.02173913,0.97826087,33.33333333,0.0,99,0.121212121,3,75,11,39.0,1,1,phishing,1
5193.0,0,0.75,0.25,0.0,0.0,68,0.0,7,11,48,5.5,1,4,phishing,1
3952.0,0,0.7428571429999999,0.257142857,10.52631579,0.653846154,77,0.038961039,8,14,22,6.833333333,1,3,legitimate,0
7840.0,0,0.1,0.9,14.28571429,0.117647059,77,0.012987013,12,8,16,4.3,0,3,legitimate,0
284.0,3,0.045454545,0.954545455,0.0,0.0,105,0.0,11,24,32,6.222222222,1,3,phishing,1
4003.0,0,0.0,1.0,100.0,0.0,119,0.218487395,12,17,42,7.375,1,6,phishing,1
6668.0,0,0.425837321,0.574162679,10.84337349,0.0,47,0.0,4,11,19,9.5,1,4,legitimate,0
8683.0,0,0.0,0.0,0.0,0.0,40,0.0,5,7,10,4.75,1,0,phishing,1
5075.0,0,0.0,0.0,0.0,0.0,54,0.481481481,3,32,13,32.0,1,4,phishing,1
1038.0,0,0.481481481,0.518518519,100.0,0.0,25,0.0,3,5,16,0.0,1,3,legitimate,0
2777.0,0,0.387096774,0.612903226,100.0,0.166666667,178,0.191011236,21,16,26,7.411764706,1,5,phishing,1
3044.0,0,0.134328358,0.865671642,53.33333333,0.444444444,35,0.0,4,10,18,4.0,1,4,phishing,1
7621.0,0,0.257142857,0.7428571429999999,0.0,0.0,43,0.0,2,21,35,0.0,1,3,phishing,1
8465.0,0,0.110169492,0.889830508,46.66666667,0.384615385,59,0.0,7,10,18,5.8,1,3,legitimate,0
3763.0,1,0.0,0.0,0.0,0.0,59,0.288135593,3,32,15,17.0,1,4,phishing,1
5075.0,0,0.333333333,0.666666667,0.0,1.0,17,0.117647059,1,6,9,0.0,1,1,phishing,1
5159.0,0,0.6,0.4,0.0,0.666666667,40,0.0,2,22,33,0.0,0,0,legitimate,0
2910.0,0,0.244444444,0.7555555559999999,48.0,0.181818182,24,0.0,2,7,15,0.0,0,3,legitimate,0
7957.0,0,0.0,0.0,0.0,0.0,60,0.0,6,12,20,7.0,0,3,legitimate,0
5075.0,3,0.0,0.0,0.0,0.0,68,0.058823529,9,8,22,5.333333333,1,4,phishing,1
8973.0,0,0.018518519,0.981481481,95.0,0.0,51,0.019607843,6,12,15,6.25,0,3,legitimate,0
5627.0,0,0.80952381,0.19047619,25.0,0.294117647,52,0.211538462,4,27,44,0.0,1,1,phishing,1
3698.0,1,0.0,1.0,100.0,0.0,33,0.272727273,3,11,25,0.0,1,1,phishing,1
7132.0,0,0.052439024,0.947560976,68.61313869,0.279069767,52,0.0,6,9,16,6.0,0,0,legitimate,0
7837.0,0,0.071428571,0.928571429,0.0,0.0,69,0.0,10,8,16,4.75,0,3,legitimate,0
6260.0,0,0.0694789079999999,0.930521092,53.33333333,0.107142857,39,0.0,3,17,25,6.0,1,4,legitimate,0
8466.0,0,0.076124567,0.923875433,34.782608700000004,0.363636364,41,0.0,3,13,24,9.0,1,4,legitimate,0
8768.0,0,0.552631579,0.447368421,42.85714286,0.023809524,34,0.0,2,17,25,0.0,1,3,legitimate,0
7133.0,0,0.211779449,0.788220551,56.44329897,0.289940828,68,0.0,8,10,16,6.333333333,0,0,legitimate,0
3262.0,0,0.961538462,0.038461538,0.0,0.0,40,0.0,6,10,10,6.666666667,1,3,phishing,1
0.0,0,0.0,0.0,0.0,0.0,33,0.03030303,4,10,26,0.0,1,0,phishing,1
8645.0,0,0.042477876,0.957522124,73.07692308,0.083333333,48,0.0,5,10,18,6.666666667,0,3,legitimate,0
3750.0,2,0.045454545,0.954545455,100.0,0.0,210,0.323809524,13,64,18,14.33333333,1,14,phishing,1
2074.0,3,1.0,0.0,0.0,0.0,66,0.045454545,8,13,19,5.5,1,4,phishing,1
4110.0,0,0.0,1.0,100.0,0.0,61,0.016393443,8,9,15,5.5,1,4,legitimate,0
8455.0,0,0.172268908,0.8277310920000001,73.46938776,0.926829268,58,0.327586207,9,8,17,3.857142857,0,3,legitimate,0
3179.0,0,0.271929825,0.728070175,36.36363636,0.193548387,31,0.0,2,15,23,0.0,1,3,legitimate,0
6070.0,0,0.489130435,0.510869565,9.259259259,0.133333333,51,0.0,6,7,23,6.0,1,0,legitimate,0
3750.0,2,0.045454545,0.954545455,100.0,0.0,210,0.380952381,13,64,18,14.33333333,1,14,phishing,1
5454.0,0,0.209302326,0.790697674,10.0,0.0,45,0.0,5,11,19,5.333333333,1,4,legitimate,0
4057.0,0,0.302752294,0.697247706,83.33333333,0.03030303,117,0.042735043,13,19,37,5.545454545,1,3,legitimate,0
2484.0,0,0.028169014,0.971830986,0.0,0.0,25,0.0,2,8,16,0.0,1,3,legitimate,0
5075.0,0,0.1578947369999999,0.842105263,40.54054054,0.222222222,61,0.213114754,5,25,11,9.75,0,1,phishing,1
5075.0,1,1.0,0.0,0.0,0.0,49,0.0,8,7,14,3.333333333,1,5,phishing,1
7919.0,0,0.102564103,0.897435897,57.14285714,0.125,69,0.101449275,9,12,12,6.142857143,1,4,legitimate,0
8348.0,1,1.0,0.0,0.0,0.0,82,0.073170732,9,28,16,7.285714286,0,2,phishing,1
5075.0,0,1.0,0.0,0.0,0.0,64,0.171875,8,12,19,4.285714286,1,1,phishing,1
5075.0,0,0.515151515,0.484848485,8.333333332999999,0.039215686,34,0.0,2,17,25,0.0,1,5,legitimate,0
5075.0,0,0.058823529,0.941176471,0.0,1.0,63,0.015873016,9,15,18,3.75,1,6,phishing,1
8571.0,0,0.06557377,0.93442623,50.0,0.25,28,0.071428571,3,6,15,5.0,1,0,legitimate,0
4378.0,0,0.019607843,0.980392157,100.0,0.0,61,0.0,7,14,22,5.4,1,3,legitimate,0
5075.0,0,0.0,1.0,0.0,0.0,35,0.085714286,4,9,16,5.0,1,0,phishing,1
4307.0,0,0.152777778,0.8472222220000001,38.46153846,0.0,23,0.0,2,6,14,0.0,0,3,legitimate,0
7380.0,0,0.289473684,0.7105263159999999,0.0,1.454545455,26,0.0,1,13,19,0.0,1,0,legitimate,0
5627.0,0,0.818181818,0.181818182,25.0,0.277777778,65,0.046153846,7,17,31,7.666666667,1,2,phishing,1
5078.0,0,0.315789474,0.684210526,0.0,0.0,28,0.0,2,11,19,0.0,1,3,legitimate,0
1771.0,0,0.25,0.75,92.30769231,0.0,37,0.0,5,5,17,5.0,1,6,phishing,1
7295.0,0,0.928571429,0.071428571,14.28571429,0.846153846,30,0.0,2,10,23,0.0,1,1,phishing,1
3992.0,0,0.0,1.0,100.0,0.0,127,0.125984252,13,17,50,7.375,1,5,phishing,1
5075.0,0,1.0,0.0,0.0,0.016393443,21,0.047619048,2,4,8,4.0,1,0,phishing,1
7295.0,0,0.928571429,0.071428571,14.28571429,0.846153846,33,0.03030303,2,11,24,0.0,1,0,phishing,1
1369.0,0,0.0,1.0,100.0,0.0,34,0.0,3,11,15,4.5,1,1,phishing,1
1527.0,0,0.1372549019999999,0.862745098,22.22222222,0.7142857140000001,30,0.0,2,14,22,0.0,1,5,legitimate,0
2105.0,1,0.212121212,0.787878788,71.42857143,0.0,78,0.0,7,29,37,5.8,1,4,phishing,1
7062.0,0,0.067961165,0.932038835,0.0,0.285714286,30,0.0,3,8,22,0.0,1,1,phishing,1
7726.0,0,0.0,0.0,0.0,0.0,58,0.0,8,13,28,3.6,1,5,phishing,1
7836.0,0,0.226190476,0.773809524,28.57142857,0.263157895,49,0.0,6,10,23,5.0,0,4,legitimate,0
9806.0,0,0.0,1.0,0.0,0.0,64,0.09375,7,19,14,7.6,1,1,legitimate,0
3671.0,1,0.532786885,0.467213115,3.389830508,0.107692308,61,0.016393443,8,12,19,4.833333333,1,4,phishing,1
6111.0,0,0.092715232,0.907284768,55.0,0.357142857,22,0.0,2,6,13,0.0,1,3,legitimate,0
5090.0,0,0.0,0.0,0.0,0.0,27,0.0,2,12,16,2.0,1,0,phishing,1
5075.0,0,0.022088353,0.977911647,60.86956522,0.090909091,19,0.0,1,7,10,0.0,0,0,legitimate,0
2390.0,0,0.145454545,0.854545455,72.22222222,0.375,52,0.0,9,8,16,3.142857143,0,5,legitimate,0
8778.0,0,0.142857143,0.857142857,100.0,0.0,69,0.0,8,10,18,6.166666667,0,5,legitimate,0
7133.0,0,0.089041096,0.910958904,51.85185185,0.384615385,41,0.0,6,9,16,3.25,1,0,legitimate,0
3358.0,0,0.939297125,0.060702875,82.09523809999997,0.193877551,60,0.1,6,16,23,6.5,1,4,legitimate,0
19.0,0,0.35,0.65,10.0,0.0,43,0.046511628,5,7,11,5.25,1,0,phishing,1
1918.0,0,0.368421053,0.6315789470000001,26.31578947,0.142857143,33,0.0,2,16,24,0.0,1,4,legitimate,0
5640.0,1,0.404761905,0.595238095,0.0,0.0,43,0.023255814,5,11,15,5.666666667,1,3,legitimate,0
5075.0,0,0.0,1.0,100.0,0.0,24,0.0,2,11,5,11.0,0,0,phishing,1
8516.0,0,0.581967213,0.418032787,100.0,0.0,43,0.0,3,18,16,18.0,0,4,legitimate,0
1837.0,0,0.0,1.0,100.0,0.0,112,0.1607142859999999,14,18,71,5.6,1,1,phishing,1
1731.0,1,0.066666667,0.933333333,100.0,0.0,26,0.0,2,9,17,0.0,0,4,legitimate,0
4629.0,3,0.333333333,0.666666667,0.0,0.0,49,0.0,6,13,17,3.8,1,0,phishing,1
3778.0,1,0.152542373,0.847457627,78.125,0.222222222,44,0.0,5,8,13,6.666666667,1,3,legitimate,0
2238.0,0,0.0709219859999999,0.929078014,20.0,0.8,62,0.0,7,10,18,6.2,1,3,legitimate,0
6416.0,0,0.06557377,0.93442623,50.0,0.25,84,0.035714286,12,9,17,5.666666667,1,3,legitimate,0
7379.0,0,0.115384615,0.884615385,0.0,1.0,70,0.014285714,7,19,15,8.6,1,3,legitimate,0
5819.0,0,0.177777778,0.8222222220000001,100.0,0.125,17,0.0,1,5,8,0.0,0,0,legitimate,0
5178.0,0,0.422222222,0.577777778,56.25,0.026315789,35,0.0,2,16,26,0.0,1,3,legitimate,0
5075.0,0,0.101265823,0.898734177,50.0,0.125,75,0.0,6,25,10,10.6,1,3,legitimate,0
6256.0,0,0.046474359,0.953525641,51.61290323,0.413793103,43,0.0,3,17,25,10.0,1,4,legitimate,0
5075.0,0,0.342857143,0.6571428570000001,33.33333333,0.0,24,0.0,2,8,15,0.0,0,3,legitimate,0
5075.0,5,0.066666667,0.933333333,85.71428571,1.0,230,0.347826087,14,64,23,14.38461538,1,13,phishing,1
5838.0,3,0.0,1.0,0.0,0.0,94,0.0,11,11,12,6.3,1,0,phishing,1
5763.0,0,0.004101723,0.995898277,98.42105263,0.6,23,0.0,2,7,14,0.0,0,5,legitimate,0
2475.0,0,0.01937658,0.98062342,95.87628866,0.434782609,23,0.0,2,8,15,0.0,1,6,legitimate,0
5075.0,1,0.739130435,0.260869565,0.0,0.352941176,40,0.0,5,12,15,3.5,1,2,phishing,1
216.0,2,0.333333333,0.666666667,50.0,1.0,61,0.0,8,16,20,3.857142857,1,2,phishing,1
7802.0,0,0.928571429,0.071428571,0.0,0.153846154,73,0.02739726,8,15,18,7.0,1,2,phishing,1
359.0,1,0.0,0.0,0.0,0.0,76,0.223684211,8,20,22,8.2,1,9,phishing,1
7087.0,0,1.0,0.0,0.0,0.0,127,0.204724409,14,20,27,6.5,1,6,phishing,1
5075.0,0,0.0,0.0,0.0,0.0,23,0.0,2,5,16,0.0,1,0,legitimate,0
1448.0,0,0.291666667,0.708333333,100.0,0.0,51,0.0,4,11,43,0.0,1,1,phishing,1
3709.0,0,0.013888889,0.986111111,33.33333333,0.0,53,0.0,5,17,25,6.0,1,3,legitimate,0
5075.0,3,0.473684211,0.526315789,100.0,0.0,63,0.0,9,8,11,4.625,1,1,phishing,1
3192.0,0,0.008174387,0.991825613,99.54954955,0.0,57,0.0,8,7,15,4.833333333,0,4,legitimate,0
5075.0,0,0.6790123459999999,0.320987654,80.0,0.0,55,0.0,7,11,19,4.4,1,4,legitimate,0
2414.0,0,1.0,0.0,0.0,1.0,92,0.25,10,32,15,7.75,1,7,phishing,1
4911.0,0,0.151785714,0.8482142859999999,39.28571429,0.294117647,33,0.0,2,15,25,0.0,1,3,legitimate,0
3837.0,0,0.036144578,0.963855422,94.87179487,0.7777777779999999,25,0.0,2,9,17,0.0,0,3,legitimate,0
2300.0,2,0.454545455,0.545454545,60.0,0.0,93,0.279569892,9,32,22,8.0,1,1,phishing,1
5613.0,0,0.368421053,0.6315789470000001,100.0,0.0,142,0.126760563,9,67,25,20.6,1,6,phishing,1
12561.0,0,0.0,1.0,100.0,0.0,58,0.0172413789999999,7,9,17,5.8,1,3,legitimate,0
1950.0,1,1.0,0.0,0.0,0.0,39,0.0,2,15,31,0.0,1,2,phishing,1
7063.0,1,0.067961165,0.932038835,0.0,0.285714286,28,0.142857143,4,5,11,4.0,1,0,phishing,1
7133.0,0,0.090439276,0.909560724,73.07692308,0.428571429,41,0.0,6,9,16,3.25,0,0,legitimate,0
9803.0,0,0.073359073,0.926640927,36.36363636,0.368421053,46,0.0,7,5,13,4.2,0,1,legitimate,0
10676.0,0,0.068965517,0.931034483,60.0,0.0,79,0.101265823,11,10,18,4.888888889,0,2,legitimate,0
5380.0,0,0.136645963,0.863354037,0.0,0.045454545,25,0.0,3,4,17,0.0,1,3,legitimate,0
5075.0,0,0.7,0.3,0.0,0.571428571,46,0.086956522,8,6,15,3.6,1,1,phishing,1
4258.0,2,0.0,0.0,0.0,0.0,85,0.035294118,11,19,30,4.222222222,1,1,phishing,1
333.0,0,0.4,0.6,0.0,0.0,44,0.045454545,5,8,22,6.5,1,5,phishing,1
5075.0,0,0.037181996,0.962818004,14.28571429,0.1578947369999999,32,0.0,2,16,23,0.0,1,3,legitimate,0
6656.0,0,0.009596929,0.990403071,99.13043478,0.0,50,0.0,6,12,20,4.75,1,4,legitimate,0
3993.0,0,0.0,1.0,100.0,0.0,126,0.166666667,13,17,50,7.375,1,6,phishing,1
5075.0,1,0.0,1.0,0.0,0.0,129,0.457364341,9,49,14,14.42857143,1,13,phishing,1
2613.0,1,0.0,0.0,0.0,0.0,49,0.0,5,11,18,7.0,1,4,phishing,1
4005.0,0,0.025641026,0.974358974,83.33333333,0.6,26,0.0,1,11,19,0.0,1,0,legitimate,0
2179.0,0,0.413793103,0.5862068970000001,16.66666667,0.166666667,55,0.090909091,6,11,47,0.0,0,4,phishing,1
7986.0,0,0.272727273,0.727272727,14.28571429,0.333333333,59,0.0,7,12,15,6.2,0,2,legitimate,0
4761.0,0,0.382608696,0.617391304,23.07692308,0.113636364,65,0.123076923,8,16,24,4.333333333,1,3,legitimate,0
6290.0,0,0.021276596,0.978723404,100.0,0.0,25,0.0,2,9,16,0.0,0,3,legitimate,0
7452.0,0,0.0,1.0,100.0,0.0,47,0.0,5,12,14,7.666666667,0,3,legitimate,0
5044.0,0,0.061403509,0.938596491,64.28571429,0.142857143,71,0.0,7,14,22,7.4,0,3,legitimate,0
5516.0,0,0.541666667,0.458333333,27.77777778,0.076923077,75,0.16,10,13,13,5.75,1,2,phishing,1
5075.0,0,0.846153846,0.153846154,50.0,0.0,48,0.0,5,13,12,6.0,1,7,phishing,1
3208.0,3,0.135135135,0.864864865,85.71428571,0.8,47,0.0,5,9,13,5.5,1,3,phishing,1
5090.0,0,0.048096192,0.951903808,76.76767677,0.25,47,0.0,4,20,28,5.0,1,4,legitimate,0
8881.0,0,0.0592783509999999,0.940721649,83.87096774,0.260869565,65,0.0,9,9,13,5.285714286,1,3,legitimate,0
829.0,0,0.518518519,0.481481481,83.33333333,0.0,50,0.0,4,19,27,7.0,1,2,phishing,1
5075.0,0,0.0,1.0,100.0,0.0,21,0.0,2,6,13,0.0,0,3,legitimate,0
5613.0,0,0.368421053,0.6315789470000001,100.0,0.0,153,0.14379085,11,65,39,20.2,1,6,phishing,1
7295.0,0,0.9375,0.0625,14.28571429,0.2,35,0.0,2,14,27,0.0,1,0,phishing,1
359.0,1,0.0,0.0,0.0,0.0,90,0.211111111,8,32,23,10.6,1,3,phishing,1
4574.0,0,0.064516129,0.935483871,33.33333333,0.4,21,0.0,2,6,13,0.0,1,3,legitimate,0
643.0,1,0.0,1.0,100.0,0.0,49,0.0,6,10,14,4.4,1,0,phishing,1
8904.0,0,0.6938775509999999,0.306122449,25.0,0.0,62,0.0,8,12,11,6.166666667,0,3,legitimate,0
2420.0,0,0.0,1.0,0.0,0.0,35,0.0,4,10,18,4.0,1,3,phishing,1
7295.0,0,0.928571429,0.071428571,14.28571429,0.230769231,43,0.023255814,2,23,36,0.0,1,0,phishing,1
4634.0,1,0.0,0.0,0.0,0.0,41,0.0,5,8,19,4.0,1,2,phishing,1
958.0,1,0.1700680269999999,0.829931973,0.0,0.08,18,0.0,2,5,8,2.0,1,0,phishing,1
2555.0,0,0.7,0.3,0.0,0.0,26,0.038461538,2,12,16,2.0,1,0,phishing,1
2886.0,0,0.0,0.0,0.0,0.0,34,0.0,3,6,18,3.5,1,0,phishing,1
2920.0,1,0.4,0.6,0.0,0.0,97,0.051546392,13,12,20,4.909090909,1,4,phishing,1
8347.0,1,1.0,0.0,0.0,0.0,82,0.073170732,9,19,16,7.285714286,0,1,phishing,1
5942.0,0,1.0,0.0,0.0,0.111111111,46,0.043478261,5,11,39,0.0,1,0,phishing,1
7083.0,0,1.0,0.0,0.0,0.0,59,0.050847458,7,11,26,4.0,1,4,phishing,1
6669.0,0,0.39408867,0.60591133,11.53846154,0.0,53,0.037735849,5,11,19,8.0,1,4,legitimate,0
9205.0,0,0.13,0.87,37.5,0.0,45,0.0,5,10,18,5.666666667,0,3,legitimate,0
4300.0,0,0.465838509,0.534161491,50.0,0.213333333,61,0.06557377,8,8,16,5.0,1,3,legitimate,0
5075.0,0,0.859605911,0.140394089,4.545454545,0.080229226,23,0.0,2,4,14,0.0,0,3,legitimate,0
2521.0,0,0.0,0.0,0.0,0.0,48,0.1875,3,30,7,15.5,1,1,phishing,1
1822.0,1,0.129032258,0.870967742,0.0,0.0,48,0.0625,5,11,15,7.666666667,1,8,phishing,1
171.0,0,0.472222222,0.5277777779999999,42.85714286,0.117647059,36,0.055555556,2,20,28,0.0,1,3,phishing,1
6382.0,0,0.964285714,0.035714286,0.0,0.037037037,47,0.021276596,7,8,35,1.0,1,1,phishing,1
6171.0,0,0.983558994,0.016441006,1.807228916,0.030481809,49,0.0,6,10,21,4.25,1,0,legitimate,0
1479.0,0,0.181818182,0.818181818,100.0,0.0,34,0.0,4,10,18,3.0,1,9,phishing,1
385.0,0,0.125,0.875,50.0,1.0,41,0.0,4,14,22,4.5,0,4,phishing,1
5075.0,3,0.0,1.0,0.0,0.0,91,0.263736264,7,32,22,9.333333333,1,2,phishing,1
6073.0,0,0.311188811,0.688811189,14.54545455,0.08988764,48,0.0,6,9,17,5.0,1,0,legitimate,0
5075.0,0,0.0,1.0,0.0,0.0,26,0.0,3,4,15,2.0,1,3,legitimate,0
5075.0,0,0.354700855,0.645299145,18.42105263,0.048192771,22,0.0,2,6,13,0.0,1,3,legitimate,0
12873.0,0,0.109375,0.890625,45.45454545,0.142857143,72,0.0,8,16,15,9.0,1,3,legitimate,0
2300.0,2,0.454545455,0.545454545,60.0,0.0,60,0.083333333,8,10,22,4.0,1,1,phishing,1
5767.0,0,0.033333333,0.966666667,100.0,0.0,77,0.311688312,4,32,23,14.66666667,1,3,phishing,1
8453.0,0,0.048543689,0.951456311,66.66666667,0.0,22,0.0,2,7,15,0.0,1,3,legitimate,0
3955.0,0,0.186046512,0.813953488,82.60869565,0.0,91,0.0,12,10,18,5.4,1,4,legitimate,0
3596.0,0,0.142857143,0.857142857,0.0,0.0,93,0.0,10,13,21,7.125,0,3,legitimate,0
5075.0,0,0.1,0.9,85.71428571,0.333333333,97,0.237113402,8,32,20,9.0,1,4,phishing,1
5075.0,0,0.0,0.0,0.0,0.0,41,0.0,5,11,19,4.0,1,4,phishing,1
6259.0,0,0.142156863,0.857843137,51.61290323,0.0,43,0.0,3,17,25,10.0,1,4,legitimate,0
5075.0,0,0.032663317,0.967336683,0.0,0.230769231,21,0.0,2,3,14,0.0,1,3,legitimate,0
4757.0,1,0.0,1.0,100.0,0.0,67,0.0,6,20,23,6.2,1,4,phishing,1
5075.0,0,0.208333333,0.791666667,0.0,0.2,24,0.083333333,2,8,11,5.0,1,0,phishing,1
5075.0,0,0.25,0.75,0.0,0.0,56,0.0,7,8,15,4.666666667,1,2,phishing,1
5075.0,0,0.068965517,0.931034483,94.11764706,0.75,18,0.0,1,8,11,0.0,0,0,legitimate,0
9202.0,0,0.145833333,0.854166667,35.29411765,0.0,47,0.0,5,10,18,6.333333333,0,4,legitimate,0
6260.0,0,0.103942652,0.8960573479999999,51.61290323,0.0,44,0.0,3,17,25,11.0,1,4,legitimate,0
5075.0,1,0.079617834,0.920382166,74.54545455,0.16,25,0.0,3,7,13,2.0,0,0,legitimate,0
12121.0,0,0.0,0.0,0.0,0.0,58,0.103448276,9,8,15,5.0,1,9,legitimate,0
2658.0,0,0.0,1.0,100.0,0.0,267,0.146067416,18,29,213,6.666666667,1,7,phishing,1
6389.0,0,0.054054054,0.945945946,40.0,0.125,32,0.0,2,16,24,0.0,1,3,legitimate,0
3729.0,2,0.0,1.0,0.0,0.0,85,0.0,13,12,20,4.272727273,1,6,phishing,1
5075.0,0,0.5,0.5,0.0,1.0,30,0.333333333,10,5,13,3.0,1,0,phishing,1
9156.0,1,0.8,0.2,0.0,0.0,61,0.081967213,6,24,15,8.5,0,4,phishing,1
7132.0,0,0.09,0.91,25.0,0.333333333,46,0.0,5,9,20,5.0,0,0,legitimate,0
1266.0,3,0.068965517,0.931034483,0.0,0.0,66,0.0,10,8,15,4.375,1,4,phishing,1
5627.0,0,0.818181818,0.181818182,25.0,0.277777778,81,0.024691358,7,30,47,7.333333333,1,2,phishing,1
6259.0,0,0.094462541,0.905537459,51.61290323,0.413793103,40,0.0,3,17,25,7.0,1,4,legitimate,0
3317.0,1,0.5,0.5,0.0,1.0,69,0.0,6,14,21,9.25,1,3,phishing,1
5767.0,0,0.033333333,0.966666667,100.0,0.0,77,0.194805195,4,32,23,14.66666667,1,1,phishing,1
284.0,0,0.647196262,0.352803738,70.27027027,0.0072202169999999,32,0.0,4,7,23,0.0,1,2,phishing,1
971.0,1,0.0,1.0,100.0,0.0,102,0.245098039,7,40,15,12.33333333,1,2,phishing,1
3465.0,0,0.016949153,0.983050847,85.71428571,1.0,30,0.0,2,13,21,0.0,1,4,legitimate,0
5075.0,0,0.464285714,0.535714286,0.0,0.076923077,29,0.068965517,4,4,8,3.333333333,0,1,legitimate,0
5529.0,1,0.870588235,0.129411765,0.0,0.27027027,38,0.0,4,12,16,3.666666667,1,0,phishing,1
296.0,1,1.0,0.0,0.0,0.0,346,0.161849711,16,75,26,23.07692308,1,10,phishing,1
3377.0,0,0.0,0.0,0.0,0.0,26,0.0,2,8,18,0.0,1,1,phishing,1
1950.0,1,1.0,0.0,0.0,0.0,43,0.0,2,18,34,0.0,1,1,phishing,1
10.0,0,0.0,1.0,0.0,0.0,19,0.0,2,4,11,0.0,1,1,phishing,1
5627.0,0,0.80952381,0.19047619,25.0,0.294117647,47,0.063829787,5,12,29,10.0,1,4,phishing,1
3053.0,4,0.111111111,0.8888888890000001,100.0,0.0,110,0.045454545,13,10,13,6.333333333,1,4,phishing,1
3993.0,0,0.0,1.0,100.0,0.0,127,0.165354331,13,17,50,7.375,1,2,phishing,1
177.0,2,0.0,0.0,0.0,0.0,48,0.020833333,6,9,15,5.25,1,4,phishing,1
3151.0,0,0.118918919,0.8810810809999999,26.08695652,0.681818182,50,0.02,5,12,16,5.75,1,4,phishing,1
5075.0,0,0.0,1.0,100.0,0.0,37,0.0,2,17,28,0.0,1,4,legitimate,0
2134.0,0,0.3,0.7,100.0,0.0,25,0.0,2,9,17,0.0,1,3,legitimate,0
7132.0,0,0.130500759,0.869499241,59.43396226,0.372093023,46,0.0,5,9,16,6.333333333,0,0,legitimate,0
5075.0,0,0.1,0.9,100.0,0.0,46,0.0,6,10,12,5.75,0,3,phishing,1
7134.0,0,0.0375,0.9625,52.0,0.666666667,43,0.0,5,9,16,5.333333333,0,0,legitimate,0
5161.0,0,0.153846154,0.846153846,0.0,0.5,25,0.0,2,7,18,0.0,1,0,legitimate,0
6996.0,0,0.067961165,0.932038835,0.0,0.285714286,39,0.102564103,3,12,31,0.0,1,1,phishing,1
7325.0,0,0.431137725,0.568862275,26.92307692,0.0,27,0.0,2,10,18,0.0,0,4,legitimate,0
6326.0,1,0.402597403,0.597402597,66.66666667,0.0,46,0.02173913,5,9,13,5.0,0,1,legitimate,0
5767.0,0,0.033333333,0.966666667,100.0,0.0,77,0.272727273,4,32,23,14.66666667,1,2,phishing,1
2388.0,0,0.0,0.0,0.0,0.0,30,0.0,3,7,9,5.5,1,0,phishing,1
1523.0,0,0.014285714,0.985714286,0.0,0.0,28,0.0,2,12,20,0.0,1,3,legitimate,0
2668.0,3,0.0,1.0,100.0,0.0,58,0.0,7,9,19,5.4,1,5,phishing,1
9204.0,0,0.243697479,0.756302521,18.75,0.379310345,40,0.0,4,10,18,6.5,0,3,legitimate,0
7.0,1,0.0,0.0,0.0,0.0,48,0.0,7,6,23,3.25,1,0,phishing,1
5075.0,0,0.695652174,0.304347826,60.0,0.0625,31,0.0,2,13,16,6.0,1,0,phishing,1
5075.0,1,1.0,0.0,0.0,0.0,40,0.0,3,15,31,0.0,1,4,phishing,1
7295.0,0,0.928571429,0.071428571,14.28571429,0.846153846,31,0.064516129,2,9,22,0.0,1,1,phishing,1
3993.0,0,0.0,1.0,100.0,0.0,76,0.131578947,7,15,50,8.5,1,4,phishing,1
1079.0,0,0.4,0.6,100.0,0.2,24,0.0,2,7,15,0.0,1,4,legitimate,0
5201.0,0,0.098765432,0.901234568,33.33333333,0.0,84,0.071428571,8,13,20,8.5,1,3,legitimate,0
384.0,0,0.333333333,0.666666667,0.0,0.4,26,0.0,1,14,18,0.0,0,1,phishing,1
9283.0,0,0.236111111,0.7638888890000001,73.68421053,0.073529412,54,0.055555556,8,7,15,4.166666667,0,4,legitimate,0
5075.0,0,0.933333333,0.066666667,100.0,0.0,30,0.0,2,13,21,0.0,1,3,legitimate,0
5154.0,0,0.6808510640000001,0.319148936,33.33333333,0.1875,58,0.034482759,6,13,17,5.6,1,0,legitimate,0
5010.0,0,0.0,1.0,0.0,0.0,25,0.0,2,11,18,0.0,1,0,phishing,1
3992.0,0,0.0,1.0,100.0,0.0,125,0.184,12,17,50,8.142857142999999,1,4,phishing,1
5751.0,0,0.655913978,0.344086022,0.0,0.098360656,47,0.0,5,11,19,5.666666667,1,3,legitimate,0
2388.0,0,0.181818182,0.818181818,72.22222222,0.3,54,0.0,7,9,16,5.2,0,6,legitimate,0
1301.0,0,0.240740741,0.759259259,46.42857143,1.0,87,0.011494253,10,10,13,6.444444444,1,1,phishing,1
5701.0,0,0.06557377,0.93442623,80.0,0.0,50,0.0,4,19,27,6.5,1,3,legitimate,0
3737.0,0,0.392405063,0.607594937,3.225806452,0.161290323,34,0.0,2,17,25,0.0,1,3,legitimate,0
5159.0,0,0.0,0.0,0.0,0.0,35,0.0,2,15,26,0.0,1,0,phishing,1
7693.0,0,0.333333333,0.666666667,0.0,2.0,72,0.069444444,8,11,17,7.0,0,5,legitimate,0
2719.0,0,1.0,0.0,0.0,1.0,65,0.0,6,12,33,7.0,1,0,phishing,1
8346.0,1,0.655172414,0.344827586,0.0,0.0,113,0.088495575,11,29,15,9.0,1,1,phishing,1
8052.0,0,0.166666667,0.833333333,33.33333333,0.666666667,33,0.0,2,17,25,0.0,1,3,legitimate,0
3101.0,2,0.6,0.4,0.0,0.0,86,0.174418605,6,32,50,5.75,1,3,phishing,1
6126.0,0,0.716666667,0.283333333,66.66666667,0.046511628,68,0.0,6,16,30,6.5,1,2,legitimate,0
3259.0,0,0.0,1.0,100.0,0.0,79,0.0,9,10,14,7.285714286,1,0,phishing,1
5075.0,0,0.604166667,0.395833333,10.0,0.103448276,37,0.0,2,17,28,0.0,1,4,legitimate,0
7133.0,0,0.030418251,0.969581749,46.66666667,0.3125,33,0.03030303,4,9,16,3.5,1,0,legitimate,0
5075.0,0,0.0,1.0,0.0,0.0,20,0.45,8,3,12,2.25,1,2,phishing,1
3533.0,0,0.357142857,0.642857143,68.75,0.04,31,0.0,2,15,23,0.0,1,4,legitimate,0
6674.0,0,0.022900763,0.977099237,66.66666667,0.0,32,0.0,3,11,19,4.0,1,5,legitimate,0
5616.0,1,0.818181818,0.181818182,25.0,0.166666667,73,0.04109589,10,9,41,4.0,1,3,phishing,1
5075.0,0,0.315068493,0.684931507,75.0,0.054347826,36,0.0,6,5,11,3.25,0,3,legitimate,0
2292.0,0,1.0,0.0,0.0,0.0,49,0.0,7,10,13,4.6,1,3,phishing,1
1812.0,0,0.018181818,0.981818182,100.0,0.0,27,0.0,2,10,18,0.0,1,4,legitimate,0
5075.0,0,0.444444444,0.5555555560000001,79.31034483,0.125,29,0.0,2,13,21,0.0,1,3,legitimate,0
5075.0,0,0.5,0.5,0.0,0.0,45,0.022222222,5,12,20,4.333333333,0,4,legitimate,0
9205.0,0,0.175438596,0.8245614040000001,32.0,0.1,44,0.0,4,11,18,8.5,0,3,legitimate,0
5569.0,0,0.111111111,0.8888888890000001,100.0,0.0,45,0.0,4,13,21,7.0,1,3,phishing,1
3715.0,1,0.18452381,0.81547619,68.60465116,0.129032258,58,0.0,6,15,19,5.2,1,3,legitimate,0
8759.0,0,0.048689139,0.951310861,52.0,0.307692308,102,0.049019608,14,10,19,5.25,1,5,legitimate,0
5378.0,0,0.801857585,0.198142415,0.775193798,0.054054054,61,0.06557377,7,12,20,5.8,0,5,legitimate,0
3206.0,0,0.921875,0.078125,27.27272727,0.118644068,88,0.261363636,6,32,21,10.8,1,2,phishing,1
1.0,0,0.0,0.0,0.0,0.0,30,0.0,3,7,21,0.0,1,2,phishing,1
7826.0,0,1.0,0.0,0.0,0.0,54,0.240740741,4,32,11,16.5,0,3,phishing,1
5075.0,0,0.805555556,0.194444444,60.0,0.637931034,21,0.047619048,2,6,6,6.0,0,0,legitimate,0
2625.0,0,0.092783505,0.907216495,11.11111111,0.222222222,90,0.055555556,11,15,23,5.555555556,1,4,legitimate,0
2362.0,0,0.0,0.0,0.0,0.0,188,0.186170213,21,34,24,7.157894737,1,14,phishing,1
6136.0,0,0.054054054,0.945945946,50.0,0.5,66,0.0,7,11,19,7.0,1,3,legitimate,0
8969.0,0,0.268980477,0.731019523,75.0,0.0080645159999999,36,0.194444444,4,9,12,7.0,0,4,legitimate,0
7528.0,4,0.0,1.0,0.0,0.0,48,0.0,6,12,9,5.4,1,3,phishing,1
6036.0,0,0.0,0.0,0.0,0.0,48,0.0,6,10,28,3.333333333,1,5,phishing,1
5616.0,0,0.368421053,0.6315789470000001,100.0,0.0,142,0.126760563,9,67,25,20.6,1,6,phishing,1
6828.0,0,0.073770492,0.926229508,12.5,0.222222222,32,0.0,2,17,24,0.0,1,3,legitimate,0
1433.0,0,0.6,0.4,0.0,0.0,34,0.0,3,11,15,4.5,1,0,phishing,1
804.0,0,0.142857143,0.857142857,0.0,0.0,28,0.0,2,7,19,0.0,1,0,phishing,1
1797.0,2,0.0,1.0,100.0,0.0,95,0.042105263,12,15,23,5.4,1,6,phishing,1
6070.0,0,0.286836935,0.713163065,36.36363636,0.116438356,46,0.0,5,8,18,6.0,1,0,legitimate,0
3992.0,0,0.0,1.0,100.0,0.0,127,0.181102362,13,17,50,7.375,1,6,phishing,1
5616.0,0,0.80952381,0.19047619,25.0,0.176470588,66,0.212121212,8,18,35,4.75,1,1,phishing,1
8019.0,0,1.0,0.0,0.0,0.0,122,0.049180328,14,27,23,7.090909091,1,2,phishing,1
9109.0,0,0.31097561,0.68902439,25.0,0.117647059,43,0.0,6,7,12,5.0,1,3,legitimate,0
8710.0,0,0.148387097,0.8516129029999999,74.50980392,0.695652174,18,0.0,2,3,10,0.0,0,3,legitimate,0
7295.0,0,1.0,0.0,0.0,0.0,35,0.114285714,2,13,26,0.0,1,0,phishing,1
4609.0,4,0.666666667,0.333333333,0.0,0.0,124,0.0,15,21,17,6.142857143,1,3,phishing,1
5075.0,0,0.039408867,0.960591133,56.25,0.5,95,0.0,13,10,12,5.818181817999999,0,4,legitimate,0
2986.0,0,0.0,0.0,0.0,0.0,55,0.181818182,6,13,19,8.666666667000001,1,1,phishing,1
672.0,0,0.454545455,0.545454545,0.0,0.0,26,0.038461538,2,7,11,6.0,1,0,phishing,1
7814.0,0,0.177570093,0.8224299070000001,77.92207792,0.605263158,54,0.111111111,5,9,22,7.333333333,1,0,legitimate,0
1602.0,0,0.0123456789999999,0.987654321,83.33333333,0.0,34,0.0,2,10,26,0.0,1,0,phishing,1
3220.0,0,0.352941176,0.647058824,0.0,0.333333333,38,0.0,2,22,30,0.0,1,6,legitimate,0
1901.0,1,0.0,1.0,0.0,0.0,38,0.0,3,10,30,0.0,1,0,phishing,1
2535.0,0,0.0,0.0,0.0,0.0,47,0.021276596,4,12,25,6.5,0,3,phishing,1
12210.0,0,0.006329114,0.993670886,97.22222222,0.0,61,0.147540984,8,11,21,4.333333333,0,2,legitimate,0
3936.0,0,0.146341463,0.853658537,78.37837838,0.111111111,59,0.0,6,14,21,6.5,1,4,phishing,1
5616.0,1,0.80952381,0.19047619,25.0,0.176470588,66,0.0,9,9,38,5.666666667,1,3,phishing,1
76.0,0,0.0,0.0,0.0,0.0,55,0.218181818,5,16,47,0.0,1,5,phishing,1
7764.0,0,0.649350649,0.350649351,5.714285714,0.4266666670000001,127,0.165354331,20,12,18,4.6111111110000005,0,4,legitimate,0
2286.0,0,0.063291139,0.936708861,0.0,0.0,37,0.0,2,22,29,0.0,1,3,legitimate,0
5616.0,0,0.5301204820000001,0.469879518,56.92307692,0.363636364,58,0.0,6,24,41,4.0,1,1,phishing,1
7083.0,0,1.0,0.0,0.0,0.0,51,0.019607843,4,16,32,5.0,1,1,phishing,1
5075.0,0,0.666666667,0.333333333,75.67567568,0.25,18,0.0,1,6,9,0.0,1,0,legitimate,0
8458.0,0,0.5,0.5,11.11111111,0.065217391,21,0.0,2,4,12,0.0,0,3,legitimate,0
3992.0,0,0.0,1.0,100.0,0.0,76,0.105263158,7,15,50,8.5,1,3,phishing,1
1950.0,2,1.0,0.0,0.0,0.0,37,0.027027027,2,13,29,0.0,1,1,phishing,1
3340.0,5,0.076923077,0.923076923,90.90909091,1.0,83,0.0,10,9,13,6.0,1,0,phishing,1
5075.0,0,0.322580645,0.677419355,64.0,0.3,17,0.0,1,7,10,0.0,0,0,legitimate,0
7968.0,0,0.4166666670000001,0.583333333,0.0,0.0,204,0.098039216,14,62,27,12.91666667,1,6,phishing,1
563.0,0,0.071428571,0.928571429,100.0,1.0,27,0.0,3,6,18,0.0,1,0,phishing,1
3378.0,0,0.0,0.0,0.0,0.0,44,0.5,3,15,29,7.0,1,0,phishing,1
8884.0,0,0.0,0.0,0.0,0.0,25,0.0,3,6,14,2.0,1,1,phishing,1
3327.0,0,0.0,1.0,0.0,0.0,68,0.0,8,13,17,5.1428571430000005,1,1,legitimate,0
7767.0,0,0.602739726,0.397260274,12.21374046,0.454545455,116,0.189655172,18,12,18,4.625,1,4,legitimate,0
3993.0,0,0.0,1.0,100.0,0.0,128,0.1640625,13,17,50,7.375,1,4,phishing,1
7296.0,0,0.695652174,0.304347826,0.0,0.0,29,0.0,2,9,22,0.0,1,0,legitimate,0
4913.0,0,0.278688525,0.721311475,33.33333333,0.235294118,30,0.0,2,14,21,0.0,1,4,legitimate,0
7299.0,0,0.563636364,0.436363636,54.71698113,0.338709677,35,0.0,2,14,27,0.0,1,0,legitimate,0
5075.0,0,0.7,0.3,0.0,0.571428571,42,0.095238095,2,19,33,0.0,1,2,phishing,1
5987.0,0,0.132450331,0.8675496690000001,28.57142857,0.25,44,0.090909091,4,12,22,6.0,1,4,legitimate,0
2545.0,0,0.481481481,0.518518519,53.84615385,0.5,23,0.0,2,7,15,0.0,1,4,legitimate,0
9285.0,0,0.151315789,0.8486842109999999,6.25,0.217391304,85,0.105882353,12,10,15,5.2,0,4,legitimate,0
2192.0,0,0.148148148,0.851851852,86.04651163,0.333333333,93,0.204301075,6,32,14,13.0,1,3,phishing,1
3379.0,0,0.125,0.875,0.0,0.0,45,0.022222222,6,6,15,4.75,1,0,phishing,1
3198.0,0,0.042394015,0.957605985,97.69230769,0.294117647,16,0.0,1,4,7,0.0,1,1,legitimate,0
5075.0,0,0.892857143,0.107142857,88.88888889,0.15,34,0.117647059,4,7,17,4.0,1,0,legitimate,0
962.0,0,0.0,0.0,0.0,0.0,48,0.041666667,6,11,27,3.666666667,1,3,phishing,1
5948.0,0,0.015625,0.984375,100.0,0.0,45,0.044444444,4,11,15,6.333333333,0,0,legitimate,0
7120.0,0,0.324786325,0.675213675,69.56521739,0.407894737,55,0.036363636,6,10,24,4.75,1,2,legitimate,0
7086.0,0,1.0,0.0,0.0,0.0,302,0.42384106,15,192,26,19.61538462,1,3,phishing,1
1374.0,2,0.212765957,0.787234043,76.74418605,0.3,44,0.0,5,13,21,4.0,1,4,phishing,1
2485.0,0,0.052083333,0.947916667,60.0,0.4,25,0.0,3,5,17,0.0,1,3,legitimate,0
4.0,0,0.147679325,0.852320675,84.32432432,0.114285714,32,0.0,2,14,23,0.0,1,3,phishing,1
5612.0,0,0.5301204820000001,0.469879518,56.92307692,0.363636364,56,0.107142857,8,9,38,4.0,1,3,phishing,1
6591.0,0,0.35483871,0.64516129,50.0,0.272727273,37,0.0,3,13,21,7.0,1,4,legitimate,0
3993.0,0,0.0,1.0,100.0,0.0,126,0.119047619,13,17,50,7.375,1,2,phishing,1
1179.0,0,0.909090909,0.090909091,0.0,0.033333333,28,0.0,2,13,21,0.0,1,3,legitimate,0
3270.0,1,0.333333333,0.666666667,75.0,0.0,52,0.0,5,13,16,6.0,1,2,phishing,1
2047.0,3,0.115384615,0.884615385,86.04651163,0.444444444,115,0.147826087,12,32,19,7.9,1,6,phishing,1
9133.0,0,0.7125,0.2875,50.0,0.192982456,75,0.08,9,17,25,5.1428571430000005,1,5,legitimate,0
6163.0,0,0.019480519,0.980519481,66.66666667,0.0,49,0.0,4,11,18,10.5,0,4,legitimate,0
5886.0,0,0.083333333,0.916666667,89.01098901,0.117647059,45,0.0,6,7,15,4.75,0,3,legitimate,0
3277.0,0,0.0,1.0,100.0,0.0,85,0.176470588,7,32,10,10.0,1,3,phishing,1
1115.0,0,0.0,1.0,100.0,0.0,138,0.326086957,16,24,13,7.285714286,1,4,phishing,1
6753.0,0,0.2,0.8,0.0,0.0,33,0.0,3,7,11,6.0,0,0,phishing,1
5075.0,0,0.030821918,0.969178082,96.91780822,0.055555556,36,0.0,3,12,19,7.0,1,0,phishing,1
686.0,0,0.0,1.0,0.0,0.0,21,0.19047619,2,7,13,0.0,1,1,phishing,1
5627.0,1,0.80952381,0.19047619,25.0,0.294117647,61,0.0,9,7,44,4.0,1,2,phishing,1
8347.0,0,0.428571429,0.571428571,0.0,0.0,96,0.09375,7,38,17,13.2,1,3,phishing,1
7087.0,0,1.0,0.0,0.0,0.0,167,0.011976048,19,18,31,6.470588235,1,66,phishing,1
5075.0,0,0.7762237759999999,0.223776224,2.491103203,0.039039039,76,0.078947368,9,10,12,5.875,1,3,legitimate,0
1082.0,0,0.464285714,0.535714286,42.85714286,0.0,57,0.0,7,7,14,6.2,0,4,phishing,1
1856.0,0,0.285714286,0.7142857140000001,0.0,0.0,19,0.0,1,9,12,0.0,1,0,legitimate,0
322.0,4,0.0,0.0,0.0,0.0,125,0.0,7,52,38,14.6,1,6,phishing,1
647.0,0,0.517857143,0.482142857,0.0,0.0,66,0.060606061,7,10,13,6.5,1,1,phishing,1
6382.0,0,1.0,0.0,0.0,0.0,52,0.0,6,8,35,8.0,1,1,phishing,1
1986.0,0,0.31372549,0.68627451,8.333333332999999,0.375,29,0.0,2,14,21,0.0,1,3,legitimate,0
7296.0,0,0.916666667,0.083333333,0.0,0.090909091,34,0.0,2,13,26,0.0,1,0,legitimate,0
7164.0,0,0.027777778,0.972222222,62.5,0.0,38,0.0,3,11,19,9.0,1,4,legitimate,0
5075.0,0,0.090909091,0.909090909,84.48275862,0.125,30,0.0,2,14,21,0.0,1,3,legitimate,0
7445.0,0,0.41221374,0.58778626,87.80487805,0.037037037,62,0.129032258,7,11,21,5.4,1,3,legitimate,0
2634.0,0,0.9375,0.0625,100.0,0.0,26,0.0,2,7,18,0.0,1,1,phishing,1
16.0,0,0.0,1.0,100.0,0.0,938,0.7238805970000001,11,829,56,96.22222222,1,59,phishing,1
5659.0,0,0.36,0.64,100.0,0.0,83,0.228915663,8,19,22,8.0,1,3,phishing,1
5075.0,0,0.0,0.0,0.0,0.0,39,0.0,5,12,13,8.0,1,1,phishing,1
5668.0,0,0.373770492,0.626229508,65.78947368,0.087719298,112,0.0,13,10,18,6.818181817999999,1,5,legitimate,0
8246.0,0,0.020408163,0.979591837,100.0,0.0,43,0.023255814,5,11,19,4.666666667,1,3,legitimate,0
5627.0,0,0.818181818,0.181818182,25.0,0.277777778,52,0.0,7,9,44,0.0,1,4,phishing,1
323.0,0,0.8,0.2,0.0,0.0,29,0.0,2,10,22,0.0,1,0,phishing,1
1834.0,0,0.0,1.0,100.0,0.0,71,0.225352113,3,22,45,17.0,1,2,phishing,1
8145.0,0,0.306451613,0.693548387,50.0,0.0,60,0.0,6,18,26,5.75,1,4,legitimate,0
7605.0,0,0.022058824,0.977941176,44.44444444,0.166666667,59,0.0,6,11,19,7.0,1,4,legitimate,0
5075.0,1,0.0,1.0,0.0,0.0,121,0.115702479,19,13,17,4.222222222,1,3,phishing,1
5075.0,0,0.2,0.8,0.0,0.0,27,0.0,3,6,14,4.0,1,3,legitimate,0
3251.0,0,0.807692308,0.192307692,0.0,0.0,41,0.024390244,5,11,10,10.5,1,3,phishing,1
869.0,0,0.0,1.0,0.0,0.0,38,0.263157895,4,8,14,6.5,1,6,phishing,1
1109.0,2,0.872727273,0.127272727,83.33333333,0.020833333,129,0.217054264,16,30,15,6.066666667000001,1,4,phishing,1
4521.0,0,0.0,0.0,0.0,0.0,37,0.0,5,12,20,2.333333333,1,3,phishing,1
12377.0,0,0.0,0.0,0.0,0.0,79,0.0,8,20,19,9.4,1,4,legitimate,0
5616.0,0,0.80952381,0.19047619,25.0,0.176470588,58,0.206896552,7,14,31,5.333333333,1,10,phishing,1
2521.0,0,0.0,0.0,0.0,0.0,47,0.063829787,6,13,7,5.4,1,0,phishing,1
7304.0,0,0.125,0.875,0.0,0.0,52,0.0,7,9,17,4.4,1,3,legitimate,0
3891.0,0,0.8222222220000001,0.177777778,0.0,0.054054054,48,0.0,5,9,17,6.333333333,1,5,legitimate,0
615.0,1,0.04,0.96,96.55172414,0.0,55,0.272727273,6,12,39,8.0,1,4,phishing,1
7506.0,0,0.084745763,0.915254237,44.44444444,1.0,55,0.0,7,11,18,5.0,0,3,legitimate,0
5075.0,0,0.0,0.0,0.0,0.0,33,0.0,2,14,17,7.0,1,1,phishing,1
5211.0,0,0.906976744,0.093023256,0.0,0.0,74,0.0,8,11,15,7.666666667,0,5,phishing,1
6133.0,0,0.179775281,0.820224719,100.0,0.0,41,0.0,7,8,16,2.6,1,4,legitimate,0
6735.0,0,0.26,0.74,71.42857143,0.068376068,29,0.0,2,12,20,0.0,1,3,legitimate,0
1013.0,0,0.069444444,0.930555556,0.0,0.0,27,0.0,2,13,20,0.0,1,0,phishing,1
5590.0,3,0.005617978,0.994382022,66.66666667,0.0,334,0.245508982,29,94,13,10.51851852,0,11,phishing,1
2914.0,0,0.331125828,0.668874172,95.18072289,0.06,37,0.0,2,20,28,0.0,1,4,legitimate,0
5207.0,0,0.052941176,0.947058824,58.82352941,0.333333333,109,0.073394495,15,12,17,5.384615385,1,4,legitimate,0
5075.0,0,0.06122449,0.93877551,78.57142857,1.0,33,0.0,3,10,15,10.0,1,4,legitimate,0
2139.0,0,0.875,0.125,0.0,0.0,26,0.038461538,2,7,10,7.0,0,1,phishing,1
4842.0,0,0.0,0.0,0.0,0.0,96,0.083333333,13,13,7,5.666666667,1,1,phishing,1
5075.0,0,0.294117647,0.705882353,9.090909091,0.1,60,0.0,8,8,16,5.0,0,3,legitimate,0
5075.0,0,0.0,1.0,100.0,0.0,62,0.258064516,4,32,10,14.0,1,1,phishing,1
5075.0,0,0.128571429,0.8714285709999999,37.5,0.0,78,0.0,9,11,17,6.571428571,1,4,legitimate,0
1546.0,0,0.774193548,0.225806452,4.347826087,0.125,39,0.076923077,2,13,31,0.0,1,4,phishing,1
5728.0,1,0.0,0.0,0.0,0.0,52,0.057692308,6,9,9,6.2,1,0,phishing,1
3459.0,0,0.290909091,0.709090909,0.0,0.25,80,0.0,12,8,34,5.5,1,4,legitimate,0
5160.0,0,0.363636364,0.636363636,50.0,0.0,29,0.0,3,6,16,1.0,1,0,legitimate,0
1546.0,1,0.0,0.0,0.0,0.0,44,0.0681818179999999,4,13,26,4.0,1,4,phishing,1
4995.0,0,0.85,0.15,9.090909091,0.004524887,32,0.0,2,15,23,0.0,1,3,legitimate,0
8347.0,1,0.666666667,0.333333333,0.0,0.0,113,0.061946903,11,41,15,9.0,1,4,phishing,1
4099.0,4,0.578947368,0.421052632,0.0,0.727272727,100,0.01,9,21,25,7.375,1,2,phishing,1
7295.0,0,0.928571429,0.071428571,14.28571429,0.230769231,32,0.15625,2,12,25,0.0,1,0,phishing,1
3015.0,1,0.0,1.0,0.0,0.0,44,0.045454545,4,18,29,3.0,0,1,phishing,1
2817.0,0,0.0,1.0,0.0,0.0,52,0.019230769,5,14,13,9.333333333,1,2,phishing,1
4875.0,0,0.21875,0.78125,6.382978723,0.206349206,24,0.0,2,8,15,0.0,0,3,legitimate,0
3063.0,0,0.2,0.8,11.11111111,0.285714286,65,0.0,9,7,17,4.571428571,1,1,legitimate,0
1613.0,2,0.0,0.0,0.0,0.0,49,0.0,7,7,13,4.8,1,0,phishing,1
5075.0,3,0.125,0.875,50.0,1.0,49,0.020408163,7,9,12,4.0,0,0,phishing,1
7764.0,0,1.0,0.0,0.0,0.0,132,0.0681818179999999,10,52,16,12.5,1,3,phishing,1
2646.0,0,0.857142857,0.142857143,57.44680851,0.833333333,32,0.03125,4,7,15,3.5,1,3,legitimate,0
5075.0,0,0.226315789,0.773684211,2.631578947,0.186046512,19,0.0,2,3,10,0.0,0,3,legitimate,0
3374.0,0,0.243243243,0.756756757,64.10256410000001,0.333333333,54,0.0,5,13,21,7.666666667,1,3,legitimate,0
8195.0,0,0.090909091,0.909090909,0.0,0.0,59,0.0,7,12,31,4.0,1,1,phishing,1
4401.0,0,0.302325581,0.697674419,8.333333332999999,0.051282051,82,0.0,12,10,18,4.6,0,3,legitimate,0
7838.0,0,0.070422535,0.929577465,33.33333333,0.066666667,64,0.0,8,8,16,5.833333333,0,4,legitimate,0
5614.0,0,0.368421053,0.6315789470000001,100.0,0.0,155,0.15483871,11,67,39,20.6,1,5,phishing,1
7132.0,0,0.048923679,0.951076321,79.33884298,0.4,51,0.0,6,9,16,5.75,0,2,legitimate,0
3097.0,0,0.590909091,0.409090909,58.33333333,0.461538462,24,0.0,2,8,16,0.0,0,3,legitimate,0
1859.0,0,0.0,1.0,0.0,0.0,43,0.0,5,10,18,5.0,1,4,phishing,1
1936.0,0,0.073170732,0.926829268,0.0,0.0,23,0.0,2,6,14,0.0,1,3,legitimate,0
1969.0,0,0.340425532,0.659574468,100.0,0.0,83,0.228915663,13,10,23,4.1,1,3,phishing,1
6831.0,0,0.025179856,0.974820144,37.5,0.571428571,25,0.0,2,9,16,0.0,0,3,legitimate,0
1573.0,0,0.447368421,0.552631579,24.32432432,0.294117647,64,0.03125,7,9,13,6.166666667,1,0,legitimate,0
5075.0,0,0.05,0.95,100.0,0.5,33,0.03030303,2,15,25,0.0,1,0,phishing,1
2137.0,0,0.0625,0.9375,96.66666667,0.2,56,0.053571429,6,12,20,5.75,1,4,legitimate,0
254.0,1,0.142857143,0.857142857,0.0,1.0,87,0.0,10,11,51,6.0,1,1,phishing,1
2480.0,0,0.474358974,0.5256410260000001,26.66666667,0.081081081,24,0.0,2,8,16,0.0,1,3,legitimate,0
8027.0,1,0.0,1.0,0.0,0.0,107,0.0,13,12,16,6.6363636360000005,0,3,legitimate,0
8386.0,0,0.051660517,0.948339483,20.0,0.285714286,30,0.0,2,13,21,0.0,1,3,legitimate,0
4166.0,5,1.0,0.0,0.0,0.0,148,0.047297297,19,10,17,6.294117647,1,1,phishing,1
1802.0,0,0.0,1.0,100.0,0.0,36,0.027777778,3,15,23,4.0,1,4,phishing,1
1975.0,0,0.0,1.0,0.0,0.0,69,0.0,7,21,25,5.166666667,1,0,phishing,1
518.0,2,0.0,1.0,100.0,0.0,100,0.07,11,10,16,6.6,1,3,phishing,1
3573.0,0,0.689655172,0.310344828,18.03278689,0.7,39,0.0,5,6,14,4.666666667,1,0,legitimate,0
1574.0,0,0.6,0.4,50.0,0.285714286,56,0.107142857,5,16,20,6.25,1,6,phishing,1
6302.0,3,0.0,0.0,0.0,0.0,53,0.0,7,10,17,4.6,1,5,phishing,1
4979.0,0,0.297619048,0.7023809520000001,62.0,0.72,50,0.02,6,10,13,6.5,1,0,phishing,1
484.0,1,0.0,1.0,100.0,0.0,49,0.081632653,4,20,27,4.0,1,0,phishing,1
2644.0,0,0.0,0.0,0.0,0.0,26,0.038461538,3,10,16,1.0,1,0,phishing,1
3270.0,0,0.0,1.0,100.0,0.0,30,0.033333333,3,11,15,3.0,1,0,phishing,1
7616.0,0,0.420454545,0.579545455,61.9047619,0.162162162,111,0.0,13,14,29,5.818181817999999,1,2,legitimate,0
5075.0,0,0.084337349,0.915662651,70.0,0.285714286,21,0.0,2,6,14,0.0,1,0,legitimate,0
3624.0,0,0.020979021,0.979020979,70.0,0.111111111,25,0.0,2,9,16,0.0,1,3,legitimate,0
2532.0,0,0.0,1.0,0.0,0.0,60,0.3666666670000001,3,32,12,19.0,1,3,phishing,1
6272.0,0,0.097560976,0.902439024,40.0,0.25,28,0.0,2,11,19,0.0,1,4,legitimate,0
2300.0,2,0.454545455,0.545454545,60.0,0.0,98,0.244897959,10,32,26,8.142857142999999,1,5,phishing,1
5621.0,0,0.0,0.0,0.0,0.0,33,0.0,4,8,8,5.0,1,1,phishing,1
1706.0,2,0.0,1.0,100.0,0.0,99,0.050505051,12,10,12,6.9,1,3,phishing,1
554.0,0,0.0,0.0,0.0,0.0,29,0.0,3,7,9,7.0,1,0,phishing,1
6055.0,0,0.183673469,0.816326531,63.63636364,0.166666667,50,0.0,4,20,28,6.5,1,5,legitimate,0
6202.0,0,0.329949239,0.670050761,100.0,0.0,34,0.0,2,18,26,0.0,0,3,legitimate,0
920.0,0,0.054545455,0.945454545,33.33333333,0.0,20,0.0,2,4,7,3.0,0,1,phishing,1
3640.0,0,0.0,1.0,0.0,0.0,56,0.053571429,5,18,26,6.666666667,1,4,phishing,1
8493.0,1,0.0,0.0,0.0,0.0,28,0.0,3,8,20,0.0,1,0,phishing,1
645.0,1,0.0,0.0,0.0,0.0,69,0.0144927539999999,14,8,16,2.833333333,1,4,phishing,1
5075.0,0,0.1578947369999999,0.842105263,100.0,0.0,41,0.0,5,10,18,4.0,1,3,phishing,1
5075.0,0,0.0,0.0,0.0,0.0,40,0.0,7,5,21,3.0,1,4,phishing,1
3992.0,0,0.0,1.0,100.0,0.0,127,0.141732283,13,17,50,7.375,1,6,phishing,1
8770.0,0,0.352941176,0.647058824,66.66666667,0.0,18,0.0,1,6,10,0.0,0,0,legitimate,0
7297.0,0,0.565891473,0.434108527,13.33333333,0.054794521,32,0.03125,2,12,25,0.0,1,0,legitimate,0
5887.0,0,0.064705882,0.935294118,93.25842697,0.090909091,54,0.0,7,9,15,5.4,1,5,legitimate,0
6255.0,0,0.067961165,0.932038835,0.0,0.285714286,34,0.088235294,2,18,26,0.0,1,1,phishing,1
1054.0,0,1.0,0.0,0.0,0.0,28,0.0,2,12,20,0.0,1,3,legitimate,0
7142.0,0,0.75,0.25,4.545454545,0.142857143,39,0.076923077,4,12,31,0.0,1,4,phishing,1
5075.0,0,0.403508772,0.596491228,80.85106383,0.391304348,22,0.0,2,6,14,0.0,1,2,phishing,1
7123.0,0,0.22826087,0.77173913,55.20833333,0.5,50,0.0,5,11,24,5.0,1,1,legitimate,0
5075.0,0,0.0,1.0,100.0,0.0,29,0.0,2,13,21,0.0,0,4,legitimate,0
3993.0,0,0.0,1.0,100.0,0.0,126,0.222222222,12,17,50,8.142857142999999,1,4,phishing,1
554.0,0,0.0,0.0,0.0,0.0,53,0.188679245,5,13,17,8.666666667000001,1,1,phishing,1
5106.0,0,0.0,0.0,0.0,0.0,76,0.289473684,5,32,10,13.75,1,6,phishing,1
2604.0,0,0.666666667,0.333333333,35.39823009,0.494382022,65,0.092307692,10,8,16,4.25,1,4,legitimate,0
5850.0,0,0.0,0.0,0.0,0.0,55,0.327272727,3,32,15,32.0,1,4,phishing,1
1605.0,0,0.0,0.0,0.0,0.0,53,0.0,6,13,20,5.25,1,4,phishing,1
7505.0,0,0.14893617,0.85106383,85.71428571,0.0,37,0.0,2,20,28,0.0,1,3,legitimate,0
7295.0,0,0.928571429,0.071428571,14.28571429,0.230769231,38,0.0,2,18,31,0.0,1,0,phishing,1
3861.0,0,0.0625,0.9375,100.0,0.0,57,0.0,6,13,21,6.0,1,3,phishing,1
2341.0,0,0.153846154,0.846153846,75.0,0.5625,66,0.0,9,10,18,4.571428571,1,4,legitimate,0
5075.0,0,0.37254902,0.62745098,18.18181818,0.263157895,37,0.027027027,4,8,6,6.666666667,1,1,phishing,1
5075.0,2,0.214285714,0.7857142859999999,82.35294118,0.0,138,0.028985507,12,24,17,9.363636364,1,1,phishing,1
3394.0,0,0.238095238,0.761904762,44.44444444,0.066666667,27,0.0,2,11,19,0.0,1,3,legitimate,0
3993.0,0,0.0,1.0,100.0,0.0,118,0.203389831,12,17,42,7.375,1,3,phishing,1
5614.0,0,0.368421053,0.6315789470000001,100.0,0.0,57,0.1578947369999999,8,8,38,5.0,1,4,phishing,1
5382.0,0,0.388888889,0.611111111,28.57142857,0.142857143,27,0.0,2,11,19,0.0,0,4,legitimate,0
7588.0,1,0.0,1.0,0.0,0.0,131,0.213740458,14,32,15,8.083333332999999,1,4,phishing,1
7130.0,0,0.057692308,0.942307692,35.71428571,0.5555555560000001,58,0.0,7,10,16,5.8,1,0,legitimate,0
3965.0,0,0.554054054,0.445945946,17.39130435,0.073170732,33,0.0,2,17,25,0.0,1,5,legitimate,0
1416.0,0,0.0,1.0,0.0,0.0,27,0.0,2,10,18,0.0,1,3,legitimate,0
2179.0,0,0.25,0.75,50.0,0.25,21,0.0,2,6,13,0.0,0,3,legitimate,0
5037.0,0,0.0,0.0,0.0,0.0,132,0.166666667,16,21,29,5.857142857,1,6,legitimate,0
4079.0,0,0.854545455,0.145454545,63.63636364,0.063829787,49,0.0,7,7,24,3.5,1,0,legitimate,0
50.0,0,0.2,0.8,0.0,0.0,34,0.0,4,6,17,4.0,1,0,phishing,1
7132.0,0,0.1592178769999999,0.840782123,61.22448979999999,0.649122807,38,0.0,4,9,16,6.0,0,0,legitimate,0
7292.0,0,0.5234375,0.4765625,20.0,0.014925373,78,0.038461538,11,9,17,5.0,1,3,legitimate,0
7132.0,0,0.035264484,0.964735516,74.54545455,0.285714286,45,0.0,5,9,16,6.0,0,1,legitimate,0
2704.0,0,0.307692308,0.692307692,28.57142857,0.25,23,0.0,1,11,14,0.0,1,0,legitimate,0
7226.0,0,0.155279503,0.8447204970000001,52.68817204,0.5,58,0.0,7,16,24,4.4,1,5,legitimate,0
5075.0,2,1.0,0.0,0.0,0.0,37,0.0,5,6,29,0.0,1,1,phishing,1
9900.0,0,0.411764706,0.588235294,78.72340426,0.071428571,51,0.0,6,9,14,6.0,1,3,legitimate,0
7600.0,1,0.228346457,0.771653543,18.75,0.24137931,39,0.0,4,9,17,5.5,1,4,legitimate,0
2995.0,0,0.0,1.0,0.0,0.0,25,0.04,3,6,15,2.0,1,0,phishing,1
4202.0,0,0.0,1.0,100.0,0.0,49,0.020408163,8,6,13,3.666666667,1,1,legitimate,0
5075.0,4,0.0,1.0,100.0,0.0,253,0.316205534,18,64,15,12.52941176,1,4,phishing,1
6300.0,0,0.7209302329999999,0.279069767,11.76470588,0.161290323,61,0.049180328,7,12,20,5.8,1,6,legitimate,0
9284.0,0,0.5,0.5,0.0,0.166666667,82,0.0,14,6,12,4.166666667,0,5,legitimate,0
9318.0,0,0.8909090909999999,0.109090909,5.555555556,0.102040816,80,0.0875,17,7,16,2.8,0,2,legitimate,0
7516.0,0,0.0,0.0,0.0,0.0,55,0.0,6,17,25,4.75,1,3,legitimate,0
8018.0,0,0.884615385,0.115384615,0.0,0.0,129,0.054263566,14,42,25,7.454545455,1,3,phishing,1
7134.0,0,0.041904762,0.958095238,75.82417582,0.363636364,39,0.0,4,9,16,6.5,0,1,legitimate,0
6669.0,0,0.402843602,0.597156398,10.84337349,0.0,56,0.035714286,5,11,19,9.0,1,6,legitimate,0
4003.0,0,0.0,1.0,100.0,0.0,128,0.1796875,13,17,50,7.375,1,4,phishing,1
5809.0,0,0.305785124,0.694214876,57.14285714,0.216216216,54,0.0,5,10,18,8.666666667000001,1,3,legitimate,0
4174.0,0,0.395348837,0.604651163,3.846153846,0.470588235,27,0.0,2,11,19,0.0,0,4,legitimate,0
1469.0,0,0.083333333,0.916666667,0.0,0.0,27,0.296296296,3,10,9,10.0,1,2,phishing,1
5223.0,0,0.833333333,0.166666667,9.523809524,0.08,34,0.0,2,19,26,0.0,0,3,legitimate,0
4923.0,0,0.09375,0.90625,0.0,0.0,21,0.0,1,10,13,0.0,1,0,legitimate,0
6070.0,0,0.319905213,0.680094787,13.43283582,0.059259259,50,0.0,7,6,16,4.4,1,0,legitimate,0
3992.0,0,0.0,1.0,100.0,0.0,117,0.205128205,11,17,42,8.142857142999999,1,2,phishing,1
5075.0,0,0.171428571,0.828571429,8.0,0.361111111,90,0.066666667,13,11,15,5.181818182,1,3,legitimate,0
2521.0,0,0.0,0.0,0.0,0.0,48,0.083333333,3,30,7,15.5,1,2,phishing,1
779.0,0,0.601398601,0.398601399,53.54609929,0.139534884,48,0.0,5,12,27,5.0,1,3,phishing,1
5075.0,1,0.375,0.625,25.0,0.0,22,0.1363636359999999,2,7,6,7.0,1,0,phishing,1
6865.0,0,0.067961165,0.932038835,0.0,0.285714286,56,0.017857143,7,8,32,7.5,1,4,phishing,1
1877.0,0,0.0,1.0,100.0,0.0,90,0.055555556,11,13,17,5.5,1,1,phishing,1
5075.0,1,0.516129032,0.483870968,0.0,0.4375,213,0.291079812,16,24,15,11.73333333,1,7,phishing,1
5160.0,0,0.592105263,0.407894737,29.8245614,0.133333333,31,0.0,2,13,24,0.0,1,1,legitimate,0
5075.0,0,0.461538462,0.538461538,11.76470588,0.583333333,28,0.0,2,11,20,0.0,0,3,legitimate,0
7296.0,0,0.463917526,0.536082474,70.3125,0.266666667,35,0.0,3,8,27,0.0,1,0,legitimate,0
7814.0,0,0.23364486,0.76635514,82.92682927,0.28,65,0.0,6,17,32,5.0,1,2,legitimate,0
5075.0,3,0.0,1.0,0.0,0.0,108,0.12037037,15,16,23,4.769230769,1,4,phishing,1
5075.0,0,0.230769231,0.7692307690000001,0.0,0.0,43,0.0,5,7,13,4.75,1,1,phishing,1
2786.0,0,0.468085106,0.531914894,60.71428571,0.1363636359999999,28,0.0,2,11,19,0.0,0,3,legitimate,0
3992.0,0,0.0,1.0,100.0,0.0,123,0.154471545,13,17,46,7.375,1,4,phishing,1
3770.0,1,0.0,0.0,0.0,0.0,47,0.0,5,14,22,5.0,1,3,phishing,1
7295.0,0,0.928571429,0.071428571,14.28571429,0.846153846,35,0.0,2,14,27,0.0,1,1,phishing,1
3420.0,3,0.0,0.0,0.0,0.0,73,0.0,10,12,20,4.75,1,4,phishing,1
7308.0,0,0.06122449,0.93877551,0.0,0.0,23,0.0,2,6,14,0.0,0,3,legitimate,0
5075.0,0,0.6333333329999999,0.3666666670000001,70.0,0.105263158,67,0.0,7,12,19,7.0,1,6,phishing,1
5466.0,0,0.106060606,0.8939393940000001,75.0,0.142857143,28,0.0,2,11,19,0.0,1,4,legitimate,0
5075.0,0,0.21875,0.78125,33.33333333,0.285714286,26,0.0,1,10,17,0.0,1,0,phishing,1
7747.0,0,0.256,0.7440000000000001,34.04255319,0.109375,24,0.0,2,7,15,0.0,1,4,legitimate,0
5232.0,0,0.027777778,0.972222222,0.0,0.0,43,0.0,2,23,34,0.0,1,2,legitimate,0
7296.0,0,1.0,0.0,0.0,0.0,49,0.020408163,7,8,36,1.0,1,1,phishing,1
7618.0,0,0.405405405,0.594594595,70.37037037,0.033333333,69,0.0,5,16,31,9.333333333,1,0,legitimate,0
5159.0,0,0.0,1.0,100.0,0.0,30,0.0,2,12,23,0.0,1,0,legitimate,0
967.0,1,0.7428571429999999,0.257142857,75.0,0.115384615,37,0.108108108,5,7,16,3.333333333,1,0,phishing,1
7083.0,0,1.0,0.0,0.0,0.0,47,0.021276596,6,11,28,5.0,1,1,phishing,1
8130.0,0,0.7777777779999999,0.222222222,25.0,0.015873016,31,0.0,2,14,18,4.0,1,0,legitimate,0
5908.0,0,0.318181818,0.681818182,70.0,0.357142857,26,0.0,2,9,17,0.0,0,4,legitimate,0
5085.0,0,0.909677419,0.090322581,40.0,0.0,32,0.0,1,20,24,0.0,1,0,legitimate,0
2347.0,0,0.5,0.5,0.0,1.0,56,0.0,5,10,26,6.333333333,1,0,legitimate,0
5075.0,0,0.0,0.0,0.0,0.0,70,0.085714286,8,10,19,6.333333333,1,2,legitimate,0
7128.0,0,0.067961165,0.932038835,0.0,0.285714286,50,0.02,6,11,42,0.0,1,4,phishing,1
5075.0,0,0.0,0.0,0.0,0.0,86,0.418604651,6,50,19,19.0,1,6,phishing,1
7489.0,0,0.48,0.52,0.0,0.0,35,0.0,2,15,11,15.0,1,1,legitimate,0
5075.0,0,0.0,0.0,0.0,0.0,48,0.0,3,21,28,5.0,1,3,phishing,1
5075.0,0,0.235294118,0.764705882,100.0,0.0,26,0.0,1,14,17,0.0,1,0,legitimate,0
5942.0,0,0.005228758,0.994771242,90.90909091,0.0,105,0.095238095,11,15,28,6.777777778,1,0,legitimate,0
7446.0,0,0.457746479,0.542253521,54.83870968,0.030769231,123,0.06504065,15,25,39,4.769230769,1,4,legitimate,0
8018.0,0,1.0,0.0,0.0,0.0,141,0.035460993,15,46,34,7.083333333,1,2,phishing,1
2910.0,0,0.15625,0.84375,85.71428571,0.4,30,0.0,2,14,22,0.0,1,3,legitimate,0
5075.0,0,0.037760417,0.962239583,27.77777778,0.068965517,20,0.0,1,10,13,0.0,0,0,legitimate,0
5075.0,0,0.0,0.0,0.0,0.0,39,0.230769231,3,13,27,3.0,1,0,phishing,1
3544.0,0,0.173913043,0.826086957,11.32075472,0.153846154,28,0.0,2,12,20,0.0,1,3,legitimate,0
4107.0,0,0.0472103,0.9527897,18.18181818,0.272727273,32,0.0,2,16,23,0.0,0,3,legitimate,0
3523.0,0,0.0,1.0,0.0,0.0,72,0.097222222,7,14,10,7.833333333,1,6,phishing,1
3232.0,0,0.6,0.4,0.0,0.0,29,0.0,2,13,17,4.0,1,3,phishing,1
5075.0,0,0.0,1.0,0.0,0.0,45,0.0,4,12,15,6.666666667,1,0,phishing,1
1579.0,0,0.472727273,0.527272727,35.29411765,0.230769231,29,0.0,2,13,21,0.0,1,4,legitimate,0
4711.0,0,0.035294118,0.964705882,0.0,0.583333333,37,0.0,3,13,29,0.0,1,3,legitimate,0
5616.0,0,0.80952381,0.19047619,25.0,0.176470588,52,0.038461538,6,15,24,9.5,1,1,phishing,1
8415.0,1,0.0,0.0,0.0,0.0,76,0.052631579,10,16,59,4.0,1,6,phishing,1
3829.0,0,0.55,0.45,66.66666667,0.090909091,30,0.0,2,16,20,2.0,1,1,phishing,1
6260.0,0,0.09,0.91,80.0,0.0,46,0.0,3,17,25,13.0,1,4,legitimate,0
4668.0,2,0.428571429,0.571428571,0.0,1.0,64,0.171875,9,10,12,4.5,1,1,phishing,1
4824.0,0,0.316239316,0.683760684,45.23809524,0.324324324,58,0.0,6,19,27,5.0,1,7,legitimate,0
5441.0,0,0.0,0.0,0.0,0.0,42,0.095238095,5,9,19,4.333333333,1,1,phishing,1
9127.0,1,0.590163934,0.409836066,80.0,0.083333333,153,0.013071895,15,32,41,8.454545455,1,2,phishing,1
4964.0,0,0.666666667,0.333333333,38.70967742,0.321428571,85,0.094117647,12,10,18,4.9,0,4,legitimate,0
8347.0,1,0.642857143,0.357142857,0.0,0.0,111,0.036036036,12,29,15,7.8,1,3,phishing,1
7299.0,0,0.93258427,0.06741573,13.63636364,0.5542168670000001,35,0.0,2,14,27,0.0,1,0,legitimate,0
5075.0,0,0.186046512,0.813953488,38.46153846,0.0,62,0.096774194,7,14,8,6.666666667,0,0,legitimate,0
58.0,0,0.076923077,0.923076923,0.0,0.0,39,0.0,5,12,20,2.666666667,1,4,phishing,1
1256.0,1,0.083333333,0.916666667,100.0,0.0,76,0.0,11,16,20,3.8,1,1,phishing,1
5075.0,0,0.026666667,0.973333333,60.0,0.166666667,24,0.0,2,9,16,0.0,1,3,legitimate,0
3775.0,0,0.3859649120000001,0.614035088,95.45454545,0.0,33,0.0,2,17,25,0.0,1,4,legitimate,0
5075.0,0,0.035714286,0.964285714,0.0,0.0,29,0.0,2,9,16,4.0,1,0,phishing,1
7689.0,0,0.6635514020000001,0.336448598,60.71428571,0.056338028,33,0.0,2,13,17,7.0,1,1,legitimate,0
5075.0,0,0.03030303,0.96969697,0.0,1.0,21,0.0,2,7,14,0.0,0,0,legitimate,0
6683.0,0,0.230769231,0.7692307690000001,25.0,0.5,103,0.029126214,11,13,15,7.888888888999999,0,2,legitimate,0
6788.0,0,0.7419354840000001,0.258064516,25.0,0.086956522,83,0.012048193,14,8,16,4.363636364,1,5,legitimate,0
5075.0,0,0.25,0.75,100.0,0.0,33,0.0,2,9,16,8.0,0,0,phishing,1
5075.0,0,0.0,0.0,0.0,0.0,50,0.02,5,14,21,6.333333333,1,4,phishing,1
315.0,0,0.666666667,0.333333333,0.0,0.0,31,0.0,1,18,22,0.0,1,1,phishing,1
3153.0,0,0.152173913,0.8478260870000001,50.0,0.0,27,0.0,2,11,19,0.0,1,3,legitimate,0
4284.0,2,0.217391304,0.7826086959999999,20.0,0.0,85,0.258823529,7,32,21,10.2,1,6,phishing,1
5075.0,0,0.033333333,0.966666667,70.0,0.0,26,0.0,2,10,17,0.0,0,3,legitimate,0
3992.0,0,0.0,1.0,100.0,0.0,126,0.198412698,13,17,50,7.375,1,2,phishing,1
3295.0,0,0.414634146,0.585365854,11.11111111,0.0,30,0.0,2,14,22,0.0,1,3,legitimate,0
5657.0,0,0.099656357,0.9003436429999999,22.22222222,0.103448276,55,0.0,7,12,20,4.4,1,5,legitimate,0
5075.0,0,0.179245283,0.820754717,73.33333333,0.1578947369999999,29,0.0,3,10,17,2.0,0,3,legitimate,0
1747.0,0,0.0,1.0,0.0,0.0,32,0.0625,3,8,10,6.0,1,0,phishing,1
8292.0,0,0.5,0.5,25.0,0.095238095,78,0.102564103,11,9,15,5.1111111110000005,0,3,legitimate,0
1725.0,0,0.06557377,0.93442623,84.31372549,0.125,29,0.0,2,12,20,0.0,1,3,legitimate,0
4798.0,3,0.144846797,0.855153203,0.0,0.326923077,437,0.432494279,27,40,23,15.16,1,27,phishing,1
7422.0,0,1.0,0.0,0.0,0.0,49,0.0,7,7,13,4.6,0,4,legitimate,0
4202.0,0,0.217391304,0.7826086959999999,100.0,0.0,45,0.0,4,9,38,0.0,1,1,phishing,1
3924.0,0,0.036809816,0.963190184,99.31034483,0.166666667,58,0.0862068969999999,4,26,18,14.5,1,3,legitimate,0
5616.0,0,0.80952381,0.19047619,25.0,0.176470588,70,0.0,10,9,38,4.75,1,3,phishing,1
5184.0,0,0.132075472,0.867924528,72.72727273,0.428571429,55,0.0,6,15,23,5.25,1,3,legitimate,0
5075.0,0,0.565217391,0.434782609,23.52941176,0.076923077,46,0.0,5,12,11,8.0,0,3,legitimate,0
5075.0,0,0.0,0.0,0.0,0.0,44,0.0,4,11,18,5.333333333,1,0,phishing,1
5075.0,0,0.6785714290000001,0.321428571,50.0,0.052631579,32,0.0,3,14,21,2.0,1,3,legitimate,0
553.0,2,0.0,0.0,0.0,0.0,74,0.081081081,10,17,25,4.125,1,5,phishing,1
7296.0,0,0.579545455,0.420454545,50.0,0.196078431,28,0.0,2,8,21,0.0,1,1,legitimate,0
5.0,0,0.0,0.0,0.0,0.0,28,0.0,2,9,20,0.0,1,1,phishing,1
895.0,0,1.0,0.0,0.0,0.0,27,0.0,2,11,14,4.0,1,0,phishing,1
8278.0,0,0.214285714,0.7857142859999999,40.98360656,0.148148148,109,0.082568807,17,9,16,4.733333333,0,4,legitimate,0
5075.0,0,0.6521739129999999,0.347826087,30.76923077,0.2,39,0.0,4,8,7,6.666666667,1,1,legitimate,0
5075.0,0,0.042168675,0.957831325,77.77777778,0.285714286,37,0.0,4,8,16,5.5,1,3,legitimate,0
1796.0,0,0.140625,0.859375,83.33333333,0.333333333,30,0.0,3,7,21,0.0,1,3,legitimate,0
8843.0,0,0.012820513,0.987179487,80.0,0.0,24,0.0,3,6,14,2.0,1,3,legitimate,0
5075.0,0,0.145833333,0.854166667,0.0,0.285714286,37,0.0,4,7,12,7.0,0,2,legitimate,0
3368.0,0,0.0,0.0,0.0,0.0,47,0.0,4,19,26,5.5,1,5,phishing,1
5075.0,3,0.333333333,0.666666667,40.0,0.5,68,0.0,7,9,12,7.0,0,1,phishing,1
5627.0,0,0.5301204820000001,0.469879518,56.92307692,0.363636364,55,0.0,6,20,37,4.0,1,1,phishing,1
5075.0,0,0.078947368,0.921052632,85.0,1.0,22,0.0,2,7,14,0.0,1,3,legitimate,0
5075.0,0,0.0764331209999999,0.923566879,33.33333333,0.083333333,22,0.0,2,6,13,0.0,0,4,legitimate,0
7856.0,0,0.0,0.0,0.0,0.0,36,0.055555556,5,5,15,3.666666667,1,1,phishing,1
8347.0,1,1.0,0.0,0.0,0.0,70,0.142857143,6,33,16,10.5,0,2,phishing,1
7299.0,0,0.68556701,0.31443299,39.68253968,0.466165414,32,0.0,2,12,25,0.0,1,0,legitimate,0
7967.0,0,0.011494253,0.988505747,100.0,0.0,34,0.117647059,4,7,15,5.0,1,0,phishing,1
3894.0,0,0.0,0.0,0.0,0.0,22,0.0,1,9,15,0.0,1,0,legitimate,0
5075.0,0,0.115044248,0.884955752,25.0,0.153846154,29,0.0,2,13,20,0.0,1,3,legitimate,0
2520.0,0,0.0,0.0,0.0,0.0,57,0.140350877,8,15,7,4.857142857,1,0,phishing,1
5075.0,0,0.0,1.0,0.0,0.0,26,0.0,2,11,18,0.0,1,0,phishing,1
8049.0,0,0.098591549,0.901408451,44.44444444,0.214285714,41,0.0,4,13,26,3.0,0,1,legitimate,0
5670.0,0,0.647435897,0.352564103,6.956521738999999,0.168316832,99,0.272727273,8,32,37,12.5,1,3,phishing,1
184.0,0,0.0,1.0,0.0,0.0,24,0.041666667,2,8,16,0.0,1,4,legitimate,0
72.0,3,0.0,0.0,0.0,0.0,97,0.020618557,6,52,9,14.8,1,4,phishing,1
5075.0,1,0.261904762,0.738095238,37.5,0.727272727,107,0.037383178,17,13,27,4.214285714,1,3,phishing,1
1993.0,5,0.655172414,0.344827586,32.3943662,0.684210526,58,0.0,8,8,11,4.714285714,1,0,phishing,1
3993.0,0,0.0,1.0,100.0,0.0,76,0.131578947,7,15,50,8.5,1,3,phishing,1
0.0,0,0.0,1.0,100.0,0.0,140,0.1,12,24,37,10.875,1,2,phishing,1
3926.0,0,0.010714286,0.989285714,90.625,0.0,57,0.0,7,11,19,5.0,1,3,legitimate,0
5231.0,0,0.013888889,0.986111111,0.0,0.5,30,0.0,2,12,23,0.0,1,1,legitimate,0
55.0,1,0.0,1.0,100.0,0.0,40,0.0,5,8,20,3.333333333,1,0,phishing,1
7299.0,0,0.854961832,0.145038168,0.0,0.026785714,52,0.0,2,31,44,0.0,1,0,legitimate,0
5159.0,0,0.0,1.0,0.0,0.0,33,0.0,2,15,26,0.0,1,0,legitimate,0
5075.0,0,0.0,1.0,100.0,0.0,21,0.0,1,7,12,0.0,1,0,phishing,1
8018.0,0,0.263157895,0.736842105,100.0,0.0,142,0.028169014,14,17,34,7.909090909,1,1,phishing,1
6375.0,0,0.024719101,0.975280899,93.42105263,0.181818182,38,0.0,2,21,29,0.0,1,4,legitimate,0
3502.0,0,0.192307692,0.807692308,76.47058824,0.6,30,0.0,2,13,21,0.0,1,4,legitimate,0
8534.0,0,0.196078431,0.8039215690000001,60.0,0.0,37,0.108108108,5,7,12,5.0,1,3,legitimate,0
5075.0,0,0.0,0.0,0.0,0.0,80,0.025,10,11,32,7.0,1,2,legitimate,0
4662.0,0,0.333333333,0.666666667,2.380952381,0.140350877,28,0.0,2,12,19,0.0,1,3,legitimate,0
8971.0,0,0.428571429,0.571428571,0.0,0.0,35,0.0,5,5,12,4.333333333,0,3,legitimate,0
7446.0,0,1.0,0.0,0.0,0.583333333,26,0.0,2,8,19,0.0,1,0,phishing,1
5161.0,0,0.225806452,0.774193548,0.0,0.0,33,0.0,3,9,20,1.0,1,0,legitimate,0
5075.0,0,0.0,0.0,0.0,0.0,55,0.090909091,6,12,18,6.5,1,0,phishing,1
1633.0,0,0.896551724,0.103448276,0.0,0.0,47,0.0,4,9,38,0.0,1,0,phishing,1
5075.0,3,0.030769231,0.969230769,96.91780822,0.055555556,64,0.0,8,12,23,4.333333333,1,4,phishing,1
1272.0,0,0.666666667,0.333333333,0.0,1.0,43,0.046511628,4,14,23,5.5,1,4,phishing,1
5085.0,0,0.906040268,0.093959732,14.28571429,0.0,42,0.0,2,20,24,9.0,1,1,legitimate,0
8019.0,0,0.884615385,0.115384615,0.0,0.0,160,0.1,16,46,43,6.923076922999999,1,5,phishing,1
2747.0,0,0.4166666670000001,0.583333333,12.5,0.2,103,0.058252427,13,11,15,5.666666667,1,1,legitimate,0
5616.0,0,0.80952381,0.19047619,25.0,0.176470588,56,0.214285714,7,14,31,4.666666667,1,10,phishing,1
2208.0,0,0.0,0.0,0.0,0.0,20,0.0,1,6,12,0.0,1,0,phishing,1
532.0,0,0.095238095,0.904761905,100.0,0.0,46,0.0,5,11,16,6.666666667,1,3,phishing,1
5160.0,0,0.0,1.0,0.0,0.0,34,0.0,3,10,21,1.0,1,1,legitimate,0
2292.0,0,1.0,0.0,0.0,0.0,83,0.072289157,12,13,13,5.2,1,4,phishing,1
7083.0,0,1.0,0.0,0.0,0.0,37,0.0,3,11,25,3.0,1,2,phishing,1
535.0,4,0.25,0.75,100.0,0.0,84,0.0,12,9,12,4.909090909,0,0,phishing,1
5075.0,0,0.0,0.0,0.0,0.0,16,0.0,1,2,9,0.0,1,0,legitimate,0
8396.0,0,0.238095238,0.761904762,50.0,0.5,21,0.0,2,5,12,0.0,0,0,legitimate,0
6811.0,0,0.0,0.0,0.0,0.0,84,0.095238095,10,14,19,6.125,1,4,legitimate,0
232.0,0,0.105263158,0.894736842,0.0,0.0,41,0.0,2,22,33,0.0,1,0,phishing,1
2024.0,0,0.418803419,0.581196581,78.37837838,0.081632653,32,0.0,2,15,23,0.0,1,3,legitimate,0
3875.0,0,0.102739726,0.8972602740000001,12.5,0.133333333,22,0.0,2,6,14,0.0,1,3,legitimate,0
5784.0,0,0.573426573,0.426573427,16.66666667,0.012195122,36,0.0,2,17,27,0.0,1,4,legitimate,0
8348.0,1,1.0,0.0,0.0,0.0,82,0.073170732,9,20,16,7.285714286,0,1,phishing,1
8965.0,0,0.263261297,0.736738703,50.0,0.007462687,36,0.194444444,4,9,12,7.0,0,4,legitimate,0
3228.0,4,1.0,0.0,0.0,0.0,55,0.0,7,8,14,5.6,1,0,phishing,1
5075.0,0,0.0,1.0,0.0,0.0,90,0.011111111,10,15,20,5.777777778,1,1,phishing,1
5075.0,0,0.327586207,0.6724137929999999,14.0625,0.210526316,33,0.0,2,14,25,0.0,1,3,legitimate,0
360.0,1,0.166666667,0.833333333,0.0,0.0,169,0.218934911,18,29,10,7.764705882,1,2,phishing,1
12127.0,1,0.0,0.0,0.0,0.0,126,0.111111111,23,14,13,4.0476190480000005,1,5,legitimate,0
8048.0,0,0.100671141,0.899328859,47.05882353,0.2,46,0.0,4,13,22,7.5,0,2,legitimate,0
7121.0,0,0.181818182,0.818181818,59.0,0.4875,65,0.061538462,7,11,24,5.6,1,1,legitimate,0
2838.0,0,0.523809524,0.476190476,0.0,0.0,46,0.0,4,14,37,0.0,1,1,legitimate,0
9120.0,0,0.0,0.0,0.0,0.0,83,0.048192771,11,11,12,6.1111111110000005,1,6,legitimate,0
7226.0,1,0.086092715,0.913907285,68.75,0.576923077,74,0.0,9,16,24,5.1428571430000005,1,5,legitimate,0
5075.0,1,0.516129032,0.483870968,0.0,0.375,164,0.341463415,13,22,17,10.66666667,1,7,phishing,1
8075.0,0,0.246666667,0.7533333329999999,44.44444444,0.378378378,40,0.0,4,13,21,4.5,1,3,legitimate,0
8018.0,0,0.263157895,0.736842105,100.0,0.0,135,0.044444444,14,40,26,8.0,1,4,phishing,1
7408.0,0,0.0,1.0,0.0,0.0,263,0.16730038,29,32,22,7.592592592999999,0,6,phishing,1
4003.0,0,0.0,1.0,100.0,0.0,127,0.188976378,13,17,50,7.375,1,6,phishing,1
5160.0,0,0.153846154,0.846153846,100.0,0.0,34,0.0,4,6,27,0.0,1,1,legitimate,0
1340.0,0,0.120567376,0.8794326240000001,0.0,0.117647059,24,0.0,2,7,15,0.0,1,3,legitimate,0
4527.0,0,0.033755274,0.966244726,36.36363636,0.25,22,0.0,2,5,13,0.0,0,3,legitimate,0
3242.0,2,0.173913043,0.826086957,66.66666667,0.0,84,0.0,11,17,20,4.6,1,1,phishing,1
1723.0,0,0.0,1.0,0.0,0.0,68,0.044117647,9,11,19,4.857142857,1,8,phishing,1
5075.0,0,0.0,0.0,0.0,0.0,49,0.0,5,12,31,4.0,1,1,phishing,1
5232.0,0,0.083333333,0.916666667,25.0,0.25,27,0.0,3,6,20,0.0,1,1,legitimate,0
6810.0,0,0.0,1.0,100.0,0.0,51,0.0,6,8,14,5.0,1,1,phishing,1
5161.0,0,0.486486486,0.513513514,6.25,0.0,31,0.0,2,13,24,0.0,1,0,legitimate,0
3154.0,0,0.0,0.0,0.0,0.0,19,0.0,2,5,6,5.0,1,1,phishing,1
7446.0,0,0.0,0.0,0.0,0.0,82,0.073170732,10,11,31,5.1428571430000005,1,1,legitimate,0
7519.0,0,0.236363636,0.763636364,41.17647059,0.038461538,61,0.0,6,18,26,6.0,0,4,legitimate,0
7122.0,0,0.337748344,0.662251656,57.89473684,0.470588235,60,0.033333333,6,11,24,6.0,1,1,legitimate,0
5075.0,0,0.230769231,0.7692307690000001,0.0,0.0,33,0.0,3,12,15,4.0,1,0,phishing,1
5640.0,0,0.527272727,0.472727273,0.0,0.137931034,43,0.0,4,14,15,9.0,0,3,legitimate,0
552.0,1,0.014084507,0.985915493,100.0,0.0,80,0.0,13,10,14,3.666666667,0,1,phishing,1
1838.0,0,0.191489362,0.808510638,82.92682927,0.037037037,26,0.0,2,10,18,0.0,1,3,legitimate,0
454.0,0,0.0,0.0,0.0,0.0,59,0.169491525,5,15,23,8.666666667000001,1,1,phishing,1
5075.0,0,0.151515152,0.848484848,0.0,0.2,47,0.021276596,6,10,18,4.25,1,4,legitimate,0
7223.0,0,0.056338028,0.943661972,60.0,0.125,77,0.0,9,10,19,6.0,0,5,legitimate,0
7724.0,0,0.174603175,0.825396825,50.0,0.0,49,0.0,5,13,21,6.0,1,4,legitimate,0
296.0,0,0.962962963,0.037037037,0.0,0.307692308,31,0.0,2,8,23,0.0,1,1,phishing,1
1953.0,0,0.0,0.0,0.0,0.0,45,0.177777778,4,11,14,10.5,1,2,phishing,1
7297.0,0,0.466101695,0.533898305,77.92207792,0.272727273,35,0.0,2,15,28,0.0,1,0,legitimate,0
5075.0,1,0.585714286,0.414285714,0.0,0.0,30,0.0,1,18,22,0.0,1,0,legitimate,0
6507.0,0,0.076923077,0.923076923,28.57142857,0.8,50,0.0,5,15,23,5.666666667,1,3,legitimate,0
5075.0,0,1.0,0.0,0.0,0.0,42,0.0,3,14,21,5.5,1,1,phishing,1
3171.0,1,0.558441558,0.4415584420000001,37.5,0.0,41,0.0,4,13,17,4.333333333,0,1,legitimate,0
5075.0,0,0.031055901,0.968944099,83.33333333,0.4,30,0.0,2,14,21,0.0,1,3,legitimate,0
5658.0,0,0.569892473,0.4301075270000001,77.77777778,0.075471698,86,0.0,9,29,33,4.625,1,1,legitimate,0
3157.0,1,0.0,1.0,0.0,0.0,113,0.008849558,12,16,38,7.375,1,4,phishing,1
5879.0,0,0.03163017,0.96836983,77.77777778,0.0,27,0.0,2,10,18,0.0,1,3,legitimate,0
3830.0,0,0.425,0.575,0.0,0.323529412,42,0.0,5,7,17,3.5,0,0,legitimate,0
4593.0,0,0.181818182,0.818181818,25.0,0.083333333,30,0.0,1,17,23,0.0,1,1,legitimate,0
6589.0,1,0.666666667,0.333333333,0.0,0.0,557,0.350089767,64,64,25,7.4354838710000015,1,146,legitimate,0
1016.0,0,0.967741935,0.032258065,0.0,0.1,93,0.247311828,7,32,28,18.33333333,0,4,phishing,1
6431.0,0,0.048888889,0.951111111,85.33333333,0.181818182,37,0.0,4,10,17,5.0,0,0,legitimate,0
7887.0,0,0.005681818,0.994318182,100.0,2.0,91,0.065934066,12,10,13,6.0,1,5,legitimate,0
2362.0,0,0.0,0.0,0.0,0.0,188,0.20212766,21,34,24,7.157894737,1,11,phishing,1
7298.0,0,0.913978495,0.086021505,2.97029703,0.294117647,34,0.0,2,13,26,0.0,1,1,legitimate,0
5075.0,1,0.0,1.0,0.0,0.0,34,0.0,2,13,19,5.0,1,0,phishing,1
5075.0,0,0.014925373,0.985074627,100.0,0.0,23,0.0,1,9,16,0.0,1,0,legitimate,0
5105.0,0,0.666666667,0.333333333,14.28571429,0.055555556,29,0.0,2,12,20,0.0,1,3,legitimate,0
2085.0,0,0.121621622,0.878378378,37.5,0.074074074,34,0.0,2,17,25,0.0,1,3,legitimate,0
9639.0,0,0.585034014,0.414965986,38.0952381,0.093023256,48,0.0,6,8,17,4.75,0,0,legitimate,0
152.0,0,0.148148148,0.851851852,86.04651163,0.333333333,86,0.302325581,5,32,27,16.0,1,6,phishing,1
5626.0,0,0.0,0.0,0.0,0.0,54,0.166666667,7,11,46,0.0,1,1,phishing,1
5075.0,1,0.0,0.0,0.0,0.0,94,0.234042553,7,32,20,12.2,1,5,phishing,1
5075.0,0,0.909090909,0.090909091,0.0,0.4,26,0.038461538,3,6,9,4.0,1,1,phishing,1
5075.0,1,0.967741935,0.032258065,0.0,0.1,59,0.0,5,16,29,6.666666667,0,1,phishing,1
7.0,0,0.030769231,0.969230769,96.92832765,0.055555556,34,0.058823529,2,19,23,3.0,1,0,phishing,1
5626.0,0,0.0,0.0,0.0,0.0,57,0.1578947369999999,7,11,48,0.0,1,1,phishing,1
5350.0,0,0.02739726,0.97260274,50.0,0.0,48,0.0,5,15,23,4.666666667,1,3,legitimate,0
7928.0,0,0.088235294,0.911764706,100.0,0.0,48,0.0,6,8,18,4.5,0,0,phishing,1
5075.0,0,0.287128713,0.712871287,7.692307692000001,0.068965517,47,0.0,5,14,11,7.333333333,0,3,legitimate,0
5075.0,0,0.461538462,0.538461538,80.0,0.027777778,29,0.0,2,10,21,0.0,0,3,legitimate,0
4003.0,0,0.0,1.0,100.0,0.0,76,0.118421053,7,15,50,8.5,1,3,phishing,1
1521.0,1,0.0,0.0,0.0,0.0,55,0.0,3,31,35,5.0,1,1,phishing,1
9689.0,0,0.040816327,0.959183673,60.0,1.0,128,0.046875,16,10,9,6.4,1,2,legitimate,0
5075.0,0,0.341269841,0.658730159,55.67010309,0.255813953,40,0.0,5,6,13,5.333333333,1,3,legitimate,0
3103.0,0,0.7,0.3,0.0,0.214285714,29,0.0,3,6,20,0.0,1,3,legitimate,0
8348.0,0,0.5,0.5,50.0,0.0,173,0.144508671,22,16,14,6.45,1,9,phishing,1
2305.0,0,0.333333333,0.666666667,0.0,0.0,74,0.0,5,23,14,16.66666667,1,10,phishing,1
7187.0,0,0.026315789,0.973684211,100.0,0.0,35,0.0,3,10,13,6.0,1,0,legitimate,0
7119.0,0,0.075280899,0.924719101,58.82352941,0.597014925,50,0.04,6,10,24,3.5,1,0,legitimate,0
1953.0,0,0.0,0.0,0.0,0.0,44,0.113636364,4,10,14,10.0,1,1,phishing,1
9399.0,0,0.233082707,0.766917293,62.5,0.0,40,0.025,5,7,14,4.666666667,0,0,legitimate,0
7295.0,0,0.928571429,0.071428571,14.28571429,0.846153846,33,0.090909091,2,13,26,0.0,1,3,phishing,1
5075.0,0,0.176470588,0.8235294120000001,70.0,0.0,31,0.0,1,17,24,0.0,1,0,legitimate,0
3921.0,0,0.028571429,0.971428571,100.0,0.0,74,0.3378378379999999,4,32,28,18.0,1,2,phishing,1
4520.0,2,0.538461538,0.461538462,100.0,0.0,59,0.084745763,10,5,14,4.1428571430000005,1,3,phishing,1
10234.0,0,0.442477876,0.557522124,37.03703704,0.12,74,0.202702703,10,8,15,5.375,0,5,legitimate,0
5075.0,0,0.043209877,0.956790123,40.0,0.0,26,0.0,2,10,17,0.0,0,3,legitimate,0
1950.0,1,1.0,0.0,0.0,0.0,35,0.114285714,2,11,27,0.0,1,1,phishing,1
8837.0,0,0.1549295769999999,0.845070423,93.5483871,0.0,93,0.107526882,13,12,20,4.909090909,1,4,legitimate,0
4937.0,0,0.0681818179999999,0.931818182,100.0,0.0,26,0.0,2,10,18,0.0,0,4,legitimate,0
4243.0,0,0.149253731,0.850746269,60.0,0.2,40,0.0,3,11,31,0.0,1,3,legitimate,0
7015.0,0,0.172413793,0.8275862070000001,37.5,0.2,86,0.023255814,10,14,27,5.375,1,3,phishing,1
816.0,0,0.1,0.9,0.0,0.0,32,0.0625,4,9,18,2.5,0,1,phishing,1
2786.0,4,0.444444444,0.5555555560000001,100.0,0.0,78,0.0,10,14,21,4.444444444,1,0,phishing,1
7051.0,0,0.067961165,0.932038835,0.0,0.285714286,34,0.029411765,3,10,26,0.0,1,0,phishing,1
8019.0,0,0.53125,0.46875,0.0,0.235294118,58,0.0,7,18,26,4.0,1,4,phishing,1
5075.0,5,0.066666667,0.933333333,85.71428571,1.0,89,0.0,11,16,23,4.9,1,0,phishing,1
7142.0,0,0.75,0.25,4.545454545,0.142857143,40,0.075,4,12,31,0.0,1,4,phishing,1
235.0,1,0.083333333,0.916666667,50.0,0.666666667,56,0.0,5,20,28,5.666666667,1,3,phishing,1
98.0,0,0.0,1.0,0.0,0.0,81,0.0,11,11,12,5.1,1,3,phishing,1
3992.0,0,0.0,1.0,100.0,0.0,127,0.141732283,13,17,50,7.375,1,4,phishing,1
5034.0,0,0.018867925,0.981132075,100.0,0.0,107,0.0,14,11,18,5.833333333,1,4,phishing,1
5075.0,0,0.057142857,0.942857143,100.0,0.0,26,0.0,3,5,17,0.0,1,3,legitimate,0
5613.0,1,0.5301204820000001,0.469879518,56.92307692,0.363636364,46,0.0,6,11,28,4.0,1,2,phishing,1
50.0,0,0.0,0.0,0.0,0.0,80,0.275,7,32,13,8.5,1,0,phishing,1
5948.0,0,0.279069767,0.7209302329999999,60.0,0.020833333,25,0.0,2,8,16,0.0,0,3,legitimate,0
1758.0,0,0.159090909,0.8409090909999999,0.0,0.285714286,25,0.0,2,9,16,0.0,1,3,legitimate,0
4103.0,0,0.0,1.0,100.0,0.0,25,0.0,2,10,17,0.0,0,4,legitimate,0
7087.0,0,1.0,0.0,0.0,0.0,441,0.480725624,13,288,31,35.54545455,1,25,phishing,1
5075.0,0,0.251396648,0.748603352,94.69026549,0.133333333,19,0.0,2,5,12,0.0,1,3,legitimate,0
3993.0,0,0.0,1.0,100.0,0.0,124,0.153225806,13,17,46,7.375,1,8,phishing,1
4594.0,0,0.263157895,0.736842105,25.0,0.2,59,0.033898305,4,18,22,8.333333332999999,1,1,legitimate,0
5075.0,2,0.0,1.0,0.0,0.0,42,0.0,4,10,13,6.0,1,0,phishing,1
5075.0,0,0.059602649,0.940397351,84.61538462,0.0,34,0.0,3,11,25,0.0,1,0,legitimate,0
340.0,1,0.045454545,0.954545455,100.0,0.0,44,0.0,6,8,11,4.2,1,0,phishing,1
5075.0,0,0.5555555560000001,0.444444444,41.11111111,0.5375,66,0.106060606,9,10,17,5.0,1,4,legitimate,0
105.0,0,0.5,0.5,94.44444444,0.0,26,0.0,2,8,18,0.0,1,3,phishing,1
1127.0,0,0.444444444,0.5555555560000001,0.0,0.5,18,0.0,1,3,11,0.0,0,0,legitimate,0
6316.0,0,0.571428571,0.428571429,0.0,0.75,123,0.162601626,21,13,11,4.3684210530000005,1,3,phishing,1
295.0,2,0.875,0.125,0.0,0.0,41,0.0,4,11,29,3.0,1,1,phishing,1
7133.0,0,0.093333333,0.906666667,62.3655914,0.371428571,60,0.0,7,12,18,7.5,0,4,legitimate,0
8932.0,0,0.024615385,0.975384615,44.44444444,0.25,63,0.079365079,9,10,18,4.285714286,1,5,legitimate,0
5075.0,0,0.142857143,0.857142857,50.0,1.0,72,0.0,10,10,18,4.75,0,3,legitimate,0
5075.0,0,0.0178173719999999,0.982182628,88.88888889,0.0,21,0.0,1,9,12,0.0,0,0,legitimate,0
7759.0,0,0.115044248,0.884955752,95.50561798,0.030769231,26,0.0,3,6,18,0.0,1,3,legitimate,0
2613.0,1,0.284482759,0.7155172409999999,20.68965517,0.242424242,92,0.0,10,23,31,5.625,1,4,legitimate,0
359.0,0,0.75,0.25,0.0,0.0,46,0.195652174,5,9,34,3.0,1,3,phishing,1
0.0,0,0.0,1.0,100.0,0.0,62,0.064516129,7,10,37,5.0,1,0,phishing,1
7448.0,0,0.457627119,0.542372881,57.89473684,0.018518519,33,0.0,2,10,24,0.0,1,1,legitimate,0
8348.0,2,1.0,0.0,0.0,0.0,39,0.0,4,9,16,6.5,0,1,phishing,1
5075.0,0,1.0,0.0,0.0,0.0,28,0.035714286,2,12,15,4.0,1,0,phishing,1
4481.0,0,0.642857143,0.357142857,28.57142857,0.222222222,56,0.0,9,5,21,4.6,1,5,legitimate,0
5075.0,0,0.5,0.5,0.0,0.25,196,0.071428571,24,13,25,6.454545455,1,5,phishing,1
7415.0,0,0.194444444,0.805555556,61.53846154,0.285714286,26,0.0,2,9,17,0.0,0,4,legitimate,0
1535.0,1,0.142857143,0.857142857,0.0,0.0,42,0.142857143,4,13,34,0.0,1,5,phishing,1
5075.0,1,0.0,0.0,0.0,0.0,63,0.095238095,8,9,20,4.833333333,1,3,phishing,1
2695.0,0,0.0,1.0,100.0,0.0,24,0.0,2,8,16,0.0,0,4,legitimate,0
7133.0,0,0.028571429,0.971428571,94.44444444,0.5,60,0.0,7,10,16,6.2,0,1,legitimate,0
12184.0,0,0.0,0.0,0.0,0.0,58,0.0862068969999999,11,5,17,3.25,1,1,legitimate,0
7420.0,0,1.0,0.0,0.0,0.0,60,0.0,11,6,13,3.333333333,0,3,legitimate,0
7578.0,0,0.375,0.625,0.0,0.333333333,64,0.0,8,13,21,5.0,1,3,legitimate,0
2299.0,0,0.137931034,0.8620689659999999,100.0,0.0,45,0.0,6,9,17,3.75,0,3,legitimate,0
5330.0,0,0.08,0.92,0.0,0.166666667,27,0.0,2,10,18,0.0,0,3,legitimate,0
7083.0,2,1.0,0.0,0.0,0.0,263,0.125475285,9,200,25,31.85714286,1,13,phishing,1
5075.0,1,0.4375,0.5625,100.0,0.0,53,0.0,9,6,17,3.833333333,1,3,phishing,1
9285.0,0,0.249169435,0.750830565,73.68421053,0.066666667,49,0.040816327,8,8,15,3.333333333,0,3,legitimate,0
5075.0,0,0.005434783,0.994565217,100.0,0.0,46,0.173913043,6,9,14,5.25,0,8,legitimate,0
5075.0,0,0.2,0.8,22.22222222,0.571428571,44,0.0,6,12,19,3.5,1,3,legitimate,0
2699.0,2,0.877777778,0.122222222,8.196721311000001,0.088607595,80,0.0,9,9,13,6.25,1,2,legitimate,0
3208.0,3,0.135135135,0.864864865,85.71428571,0.8,46,0.0,5,9,13,5.5,1,3,phishing,1
5207.0,0,0.234567901,0.7654320990000001,10.0,0.315789474,50,0.0,4,16,24,8.5,1,4,legitimate,0
1400.0,0,0.007692308,0.992307692,100.0,0.0,34,0.0,2,17,25,0.0,1,3,legitimate,0
1620.0,0,0.772727273,0.227272727,0.0,0.058823529,159,0.075471698,23,19,13,5.523809524,1,3,phishing,1
7083.0,0,1.0,0.0,0.0,0.0,42,0.0,4,11,24,4.5,1,0,phishing,1
1985.0,0,0.166666667,0.833333333,100.0,0.0,27,0.0,2,11,18,0.0,1,3,legitimate,0
8149.0,0,0.366863905,0.633136095,50.0,0.14516129,45,0.0,6,9,17,4.25,0,3,legitimate,0
4081.0,0,0.0,1.0,0.0,0.0,50,0.02,6,7,43,0.0,1,0,phishing,1
5075.0,3,0.0,1.0,0.0,0.0,61,0.0,8,13,17,4.0,1,1,phishing,1
5886.0,0,0.06010929,0.93989071,89.74358974,0.090909091,41,0.024390244,6,7,15,3.75,0,3,legitimate,0
3919.0,0,0.627272727,0.372727273,21.62162162,0.217391304,32,0.0,2,16,24,0.0,1,4,legitimate,0
3993.0,0,0.0,1.0,100.0,0.0,127,0.173228346,13,17,50,7.375,1,6,phishing,1
5396.0,0,0.0,0.0,0.0,0.0,57,0.035087719,9,9,17,3.714285714,1,5,legitimate,0
6056.0,0,0.0,1.0,0.0,0.0,61,0.0,6,12,20,7.5,0,3,legitimate,0
4003.0,0,0.0,1.0,100.0,0.0,122,0.155737705,12,17,46,8.142857142999999,1,6,phishing,1
5075.0,1,0.0,0.0,0.0,0.0,42,0.0,4,13,19,4.333333333,1,0,phishing,1
7740.0,0,0.0,0.0,0.0,0.0,20,0.0,1,6,13,0.0,0,0,legitimate,0
7297.0,0,0.8983957220000001,0.101604278,12.61261261,0.482142857,29,0.0,2,9,22,0.0,1,3,legitimate,0
127.0,1,0.375,0.625,0.0,0.0,62,0.0,6,18,22,5.6,1,1,phishing,1
5614.0,0,0.444444444,0.5555555560000001,25.0,0.375,43,0.11627907,7,7,34,0.0,1,1,phishing,1
6334.0,0,0.052631579,0.947368421,100.0,0.0,39,0.0,5,11,19,3.333333333,1,3,legitimate,0
1454.0,0,0.666666667,0.333333333,0.0,0.0,105,0.19047619,9,32,50,11.0,1,3,phishing,1
5075.0,0,0.0,0.0,0.0,0.0,140,0.0,19,11,10,6.235294118,1,3,legitimate,0
5616.0,0,0.80952381,0.19047619,25.0,0.176470588,70,0.085714286,10,9,38,4.75,1,1,phishing,1
6613.0,0,0.197740113,0.8022598870000001,19.44444444,0.6571428570000001,74,0.0,9,17,25,5.0,0,3,legitimate,0
479.0,0,0.133333333,0.8666666670000001,83.72093023,0.375,27,0.0,2,7,18,0.0,1,0,phishing,1
6993.0,0,0.6,0.4,35.0,0.125,28,0.0,4,5,13,2.0,0,3,legitimate,0
5075.0,0,0.360655738,0.639344262,0.0,0.409090909,22,0.0,2,6,13,0.0,0,4,legitimate,0
5442.0,0,0.126582278,0.873417722,33.33333333,0.3,13,0.0,1,3,6,0.0,1,0,legitimate,0
8346.0,1,0.56,0.44,0.0,0.0,99,0.111111111,7,56,15,14.2,1,3,phishing,1
8348.0,2,1.0,0.0,0.0,0.0,44,0.0,4,13,16,8.5,0,2,phishing,1
6956.0,0,0.037037037,0.962962963,50.0,0.0,30,0.0,2,13,21,0.0,0,3,legitimate,0
8345.0,0,0.111940299,0.888059701,11.11111111,0.266666667,72,0.0,12,8,15,3.9,0,2,legitimate,0
2176.0,0,1.0,0.0,0.0,0.0,101,0.0,5,62,22,23.0,1,4,legitimate,0
7365.0,0,0.043165468,0.956834532,63.85542169,0.357142857,29,0.0,3,6,20,0.0,1,4,legitimate,0
5159.0,0,0.0,1.0,0.0,0.0,26,0.0,2,8,19,0.0,1,0,legitimate,0
5891.0,0,0.0,1.0,0.0,0.0,40,0.0,3,13,17,13.0,0,3,legitimate,0
3992.0,0,0.0,1.0,100.0,0.0,118,0.220338983,11,17,42,8.142857142999999,1,3,phishing,1
5075.0,0,0.0,0.0,0.0,0.0,35,0.0,4,8,11,4.333333333,1,1,legitimate,0
4003.0,0,0.0,1.0,100.0,0.0,68,0.117647059,6,15,42,8.5,1,2,phishing,1
2381.0,0,0.0625,0.9375,66.66666667,0.333333333,31,0.0,3,6,22,0.0,1,3,legitimate,0
5640.0,0,0.527272727,0.472727273,0.0,0.137931034,43,0.0,4,14,15,9.0,0,5,legitimate,0
5075.0,1,0.938461538,0.061538462,11.11111111,0.393442623,41,0.317073171,11,6,15,4.0,1,0,phishing,1
8347.0,1,0.666666667,0.333333333,0.0,0.0,99,0.050505051,7,56,15,14.2,1,5,phishing,1
5340.0,0,0.411764706,0.588235294,0.0,0.285714286,28,0.0,2,12,20,0.0,0,3,legitimate,0
7616.0,0,0.376237624,0.6237623760000001,84.44444444,0.026315789,53,0.0,4,13,28,8.0,1,0,legitimate,0
7295.0,0,0.928571429,0.071428571,14.28571429,0.846153846,34,0.117647059,2,12,25,0.0,1,0,phishing,1
4781.0,0,0.6176470589999999,0.382352941,11.11111111,0.0,23,0.0,2,8,16,0.0,0,7,legitimate,0
8348.0,2,0.256410256,0.7435897440000001,33.33333333,0.4,39,0.0,4,8,16,6.0,1,1,phishing,1
5394.0,0,0.377358491,0.622641509,42.85714286,0.15,34,0.0,3,9,25,0.0,1,3,legitimate,0
507.0,0,0.467532468,0.5324675320000001,28.94736842,0.166666667,67,0.402985075,6,19,14,8.2,1,6,phishing,1
6435.0,0,0.112903226,0.8870967740000001,85.71428571,0.090909091,49,0.204081633,5,10,17,7.0,1,5,legitimate,0
1528.0,1,0.0,1.0,100.0,0.0,74,0.094594595,7,21,23,7.8,1,6,phishing,1
7905.0,0,0.0,0.0,0.0,0.0,206,0.325242718,18,24,21,10.8,1,101,phishing,1
2046.0,3,0.102272727,0.897727273,85.71428571,0.5555555560000001,106,0.198113208,10,32,19,9.0,1,10,phishing,1
5075.0,2,0.0,1.0,0.0,0.0,174,0.114942529,26,18,14,5.12,1,6,phishing,1
3726.0,0,0.0,1.0,100.0,0.0,28,0.0,2,11,19,0.0,1,3,legitimate,0
667.0,0,0.0,0.0,0.0,0.0,60,0.166666667,5,16,24,8.666666667000001,1,1,phishing,1
5062.0,3,0.0,1.0,0.0,0.0,64,0.09375,7,18,26,5.0,1,6,phishing,1
4912.0,0,0.24137931,0.75862069,60.0,0.428571429,29,0.0,1,16,20,0.0,1,0,legitimate,0
8047.0,0,0.1503267969999999,0.8496732029999999,40.0,0.130434783,62,0.0161290319999999,7,13,31,3.8,0,1,legitimate,0
31.0,1,0.0,1.0,0.0,0.0,261,0.14559387,10,200,13,25.77777778,1,13,phishing,1
5409.0,0,0.583333333,0.4166666670000001,52.38095238,0.285714286,68,0.117647059,9,9,14,5.428571429,0,4,legitimate,0
5075.0,1,0.516129032,0.483870968,0.0,0.4375,165,0.327272727,15,22,21,9.538461538,1,7,phishing,1
4582.0,0,0.219178082,0.780821918,0.0,0.0625,62,0.096774194,8,8,22,5.6,1,4,legitimate,0
2087.0,0,0.3125,0.6875,100.0,0.0,29,0.0,2,12,21,0.0,0,3,legitimate,0
8347.0,2,0.388888889,0.611111111,100.0,0.0,56,0.0,4,26,16,15.0,1,1,phishing,1
1953.0,0,0.0,0.0,0.0,0.0,33,0.121212121,3,10,14,10.0,1,1,phishing,1
2615.0,0,0.428571429,0.571428571,0.0,0.0,443,0.135440181,4,406,19,206.0,1,8,phishing,1
5075.0,0,0.0,0.0,0.0,0.0,23,0.0,1,12,15,0.0,1,1,phishing,1
5075.0,0,0.0,1.0,100.0,0.0,42,0.0,6,6,8,4.4,1,0,legitimate,0
2887.0,0,0.062893082,0.937106918,33.33333333,0.2,47,0.063829787,5,14,18,4.25,1,0,legitimate,0
7160.0,0,0.179487179,0.8205128209999999,64.84375,0.530612245,43,0.139534884,6,8,14,4.5,1,1,legitimate,0
1589.0,6,0.966666667,0.033333333,7.142857143,0.0,126,0.03968254,14,15,19,6.692307692000001,1,4,phishing,1
4375.0,0,0.105263158,0.894736842,0.0,0.833333333,71,0.0,6,18,25,8.25,1,3,legitimate,0
4260.0,4,0.0,0.0,0.0,0.0,70,0.0,12,7,13,3.9,1,2,phishing,1
1950.0,1,1.0,0.0,0.0,0.0,33,0.0,2,11,25,0.0,1,1,phishing,1
5075.0,0,0.7777777779999999,0.222222222,50.0,0.142857143,80,0.0,9,10,13,6.25,1,1,phishing,1
1629.0,0,0.0,1.0,100.0,0.0,42,0.023809524,7,8,29,5.0,1,4,phishing,1
3153.0,0,0.0,0.0,0.0,0.0,19,0.052631579,2,5,6,5.0,1,0,phishing,1
1002.0,0,0.049295775,0.950704225,33.33333333,0.142857143,20,0.0,1,7,11,0.0,0,1,legitimate,0
1393.0,1,0.0,1.0,0.0,0.0,56,0.0,5,17,21,6.0,1,1,phishing,1
1079.0,0,0.0,1.0,0.0,0.0,65,0.015384615,9,10,7,4.875,1,1,phishing,1
1612.0,0,0.0,1.0,0.0,0.0,60,0.0,5,17,21,7.0,1,3,phishing,1
8546.0,0,0.010909091,0.989090909,22.22222222,0.333333333,36,0.0,4,7,13,6.5,0,5,legitimate,0
8296.0,0,0.15,0.85,0.0,0.0,49,0.0,7,11,11,5.0,0,3,phishing,1
2618.0,3,0.0,1.0,100.0,0.0,98,0.081632653,15,15,13,4.769230769,1,5,phishing,1
4609.0,4,0.666666667,0.333333333,0.0,0.0,111,0.0,15,14,17,5.214285714,1,2,phishing,1
5627.0,1,0.80952381,0.19047619,25.0,0.294117647,44,0.045454545,5,13,30,5.0,1,4,phishing,1
4852.0,0,0.7777777779999999,0.222222222,100.0,0.0,69,0.0,6,26,34,6.0,1,4,legitimate,0
5075.0,3,0.8620689659999999,0.137931034,0.0,0.0,65,0.046153846,9,7,10,5.0,1,14,phishing,1
2457.0,0,0.333333333,0.666666667,84.21052632,0.037735849,29,0.0,2,12,20,0.0,0,3,legitimate,0
3938.0,0,0.0779220779999999,0.922077922,16.66666667,0.166666667,29,0.0,2,12,20,0.0,1,3,legitimate,0
9203.0,0,0.151785714,0.8482142859999999,33.33333333,0.0,43,0.0,4,10,18,8.0,0,3,legitimate,0
4003.0,0,0.0,1.0,100.0,0.0,128,0.1484375,13,17,50,7.375,1,6,phishing,1
257.0,0,1.0,0.0,0.0,0.0,29,0.206896552,3,7,21,0.0,1,1,phishing,1
5484.0,0,0.135802469,0.864197531,42.10526316,0.272727273,63,0.126984127,9,8,12,4.375,1,3,legitimate,0
7131.0,0,0.07133059,0.92866941,76.25570776,0.211538462,65,0.0,8,10,16,5.833333333,0,2,legitimate,0
7296.0,0,0.831578947,0.168421053,24.63768116,0.544303797,34,0.0,2,13,26,0.0,1,0,legitimate,0
8645.0,0,0.023255814,0.976744186,25.0,0.0,23,0.0,1,8,14,0.0,0,0,legitimate,0
1662.0,0,0.315789474,0.684210526,81.08108108,0.0,28,0.0,2,11,19,0.0,0,3,legitimate,0
9283.0,0,0.264880952,0.7351190479999999,73.68421053,0.056179775,48,0.0,7,7,15,4.0,0,3,legitimate,0
6388.0,1,0.0,1.0,100.0,0.0,41,0.0,5,10,19,4.0,1,0,phishing,1
5075.0,0,0.020408163,0.979591837,50.0,0.0,25,0.0,3,6,13,2.0,0,3,legitimate,0
9202.0,0,0.186206897,0.813793103,22.58064516,0.37037037,40,0.0,4,10,18,6.5,0,4,legitimate,0
4465.0,0,0.352941176,0.647058824,0.0,0.0,40,0.0,2,23,8,23.0,0,1,legitimate,0
3992.0,0,0.0,1.0,100.0,0.0,76,0.118421053,7,15,50,8.5,1,6,phishing,1
2523.0,0,0.0072202169999999,0.992779783,75.0,0.0,30,0.0,2,13,21,0.0,1,3,legitimate,0
3514.0,0,0.352272727,0.647727273,92.64705882,0.0,58,0.068965517,7,10,18,5.6,0,4,legitimate,0
6220.0,0,0.248138958,0.751861042,13.04347826,0.28,38,0.0,4,9,16,6.0,0,0,legitimate,0
5469.0,0,0.0,0.0,0.0,0.0,57,0.0,7,10,19,5.2,1,0,legitimate,0
8217.0,0,0.047337278,0.952662722,80.0,0.125,64,0.0,8,15,21,4.833333333,1,2,legitimate,0
9174.0,0,0.203883495,0.796116505,45.0,0.047619048,47,0.0,5,10,18,6.0,0,4,legitimate,0
216.0,0,0.142857143,0.857142857,0.0,1.0,183,0.240437158,25,39,37,5.571428571,1,8,phishing,1
3654.0,1,0.04109589,0.95890411,87.5,0.166666667,66,0.0,10,9,17,4.125,0,3,phishing,1
2948.0,0,0.0,0.0,0.0,0.0,34,0.0,4,10,13,5.5,1,4,legitimate,0
9032.0,0,0.616935484,0.383064516,18.83116883,0.006535948,96,0.0625,13,9,13,5.25,1,4,legitimate,0
5075.0,0,0.061403509,0.938596491,0.0,0.0,64,0.0,8,9,12,6.5,1,3,legitimate,0
4826.0,0,0.076923077,0.923076923,25.0,0.666666667,35,0.0,3,12,20,7.0,0,3,legitimate,0
8916.0,0,0.0,0.0,0.0,0.0,63,0.0,6,19,37,5.0,1,0,phishing,1
7449.0,0,0.405405405,0.594594595,88.88888889,0.022222222,36,0.0,2,13,27,0.0,1,1,legitimate,0
5075.0,0,0.12962963,0.87037037,60.0,0.285714286,35,0.0,3,17,25,2.0,1,4,legitimate,0
5075.0,0,0.115789474,0.8842105259999999,55.55555556,0.0,106,0.009433962,14,17,25,5.727272727000001,1,8,legitimate,0
5075.0,0,0.0,1.0,100.0,0.0,39,0.0,2,16,20,10.0,1,1,phishing,1
2737.0,0,0.280701754,0.7192982459999999,66.66666667,0.0625,40,0.0,5,10,13,4.0,1,0,phishing,1
8826.0,0,0.279069767,0.7209302329999999,76.0,0.166666667,33,0.121212121,4,9,17,2.5,1,3,legitimate,0
4003.0,0,0.0,1.0,100.0,0.0,115,0.191304348,11,17,42,8.142857142999999,1,3,phishing,1
7858.0,1,0.0,0.0,0.0,0.0,77,0.0,11,7,16,5.0,1,1,phishing,1
6588.0,1,0.666666667,0.333333333,0.0,0.0,108,0.222222222,12,15,25,6.1,1,7,phishing,1
2963.0,0,0.168421053,0.831578947,84.09090909,0.3125,23,0.0,2,8,15,0.0,0,3,legitimate,0
8899.0,0,0.384615385,0.615384615,88.88888889,0.2,23,0.0,2,6,14,0.0,1,3,legitimate,0
2618.0,4,0.0,1.0,100.0,0.0,79,0.126582278,12,15,13,4.8,1,5,phishing,1
3229.0,0,0.6,0.4,0.0,0.0,51,0.196078431,5,13,43,0.0,1,0,phishing,1
723.0,2,0.0,0.0,0.0,0.0,170,0.047058824,21,14,17,6.631578947,1,3,phishing,1
5643.0,0,0.0,1.0,100.0,0.0,62,0.0,7,17,27,4.6,1,5,phishing,1
268.0,0,0.2,0.8,100.0,0.0,39,0.076923077,4,11,15,4.333333333,1,1,phishing,1
4004.0,0,0.0,1.0,100.0,0.0,131,0.13740458,14,17,54,7.375,1,5,phishing,1
4060.0,0,0.265151515,0.734848485,81.08108108,0.114285714,115,0.026086957,18,13,24,4.1875,1,1,legitimate,0
6801.0,0,0.773584906,0.226415094,20.0,0.182926829,74,0.0,7,15,23,7.8,1,5,legitimate,0
5075.0,0,0.02,0.98,100.0,1.0,33,0.0,3,10,13,5.5,1,3,legitimate,0
443.0,0,0.142857143,0.857142857,0.0,1.0,44,0.022727273,5,10,25,3.0,1,0,phishing,1
8492.0,0,0.0,1.0,0.0,0.0,27,0.0,2,11,19,0.0,1,4,legitimate,0
5627.0,1,0.80952381,0.19047619,25.0,0.294117647,53,0.0,7,9,26,5.666666667,1,4,phishing,1
5075.0,0,0.050847458,0.949152542,71.42857143,0.0,39,0.0,5,11,18,3.333333333,1,3,legitimate,0
2559.0,0,0.428571429,0.571428571,62.5,0.266666667,18,0.0,1,5,11,0.0,1,0,legitimate,0
1422.0,3,0.0,0.0,0.0,0.0,59,0.0,5,15,19,7.0,1,0,phishing,1
8814.0,0,0.0,0.0,0.0,0.0,83,0.072289157,11,9,14,5.888888889,1,6,legitimate,0
7297.0,0,0.916666667,0.083333333,16.66666667,0.318181818,30,0.0,2,8,21,0.0,1,0,legitimate,0
3585.0,0,0.545454545,0.454545455,29.16666667,0.041666667,24,0.0,1,12,16,0.0,1,1,legitimate,0
313.0,0,0.736842105,0.263157895,0.0,0.0,28,0.214285714,3,6,8,5.0,1,0,phishing,1
6455.0,0,0.2,0.8,62.5,0.6,22,0.0,2,5,13,0.0,0,3,legitimate,0
5075.0,0,0.8125,0.1875,58.33333333,0.0,56,0.0,7,11,24,5.25,1,3,legitimate,0
740.0,3,0.0,1.0,100.0,0.0,72,0.0,10,12,14,4.666666667,1,3,phishing,1
11046.0,0,0.283018868,0.716981132,27.77777778,0.333333333,63,0.079365079,8,12,14,6.0,0,0,legitimate,0
5075.0,0,0.123529412,0.876470588,83.78378378,0.0,29,0.0,2,13,20,0.0,1,3,legitimate,0
4981.0,0,0.097826087,0.902173913,0.0,0.0,34,0.0,3,9,17,8.0,1,4,legitimate,0
7133.0,0,0.063624679,0.936375321,74.74489796,0.343434343,45,0.0,5,9,16,6.0,0,0,legitimate,0
3924.0,0,0.086956522,0.913043478,92.85714286,0.5,55,0.018181818,7,9,17,5.2,1,6,legitimate,0
31.0,1,0.0,1.0,0.0,0.0,137,0.182481752,12,66,13,9.454545455,1,5,phishing,1
5627.0,0,0.0,0.0,0.0,0.0,64,0.25,9,14,43,3.333333333,1,2,phishing,1
5075.0,0,0.041666667,0.958333333,0.0,0.0,53,0.0,8,12,9,4.285714286,1,1,phishing,1
2411.0,0,0.897435897,0.102564103,22.22222222,0.2,51,0.0,6,7,18,5.5,1,0,phishing,1
8519.0,0,0.377358491,0.622641509,80.0,0.0,47,0.0,4,15,16,10.5,1,5,legitimate,0
4537.0,0,0.8888888890000001,0.111111111,0.0,0.375,42,0.0,5,8,16,5.0,1,3,phishing,1
8399.0,0,0.783783784,0.216216216,19.04761905,0.0,58,0.0,7,11,12,6.8,0,3,legitimate,0
7618.0,0,0.350649351,0.649350649,83.33333333,0.037037037,44,0.0,4,10,21,7.0,1,0,legitimate,0
4652.0,0,0.0625,0.9375,100.0,0.0,44,0.0,4,12,16,6.0,1,3,phishing,1
7295.0,0,0.928571429,0.071428571,14.28571429,0.230769231,35,0.085714286,2,13,26,0.0,1,0,phishing,1
308.0,0,0.1,0.9,0.0,0.0,44,0.0,6,7,13,3.6,1,0,phishing,1
3501.0,0,0.228571429,0.771428571,4.0,0.625,96,0.0,13,11,10,5.583333333,1,2,legitimate,0
4334.0,0,0.0,0.0,0.0,0.0,68,0.191176471,5,35,20,19.0,0,3,phishing,1
1536.0,0,0.111111111,0.8888888890000001,85.71428571,0.0,136,0.095588235,17,13,32,5.857142857,1,7,phishing,1
6426.0,2,0.636363636,0.363636364,42.10526316,0.06122449,395,0.124050633,15,99,15,27.38461538,1,10,phishing,1
1629.0,0,0.0,1.0,0.0,0.0,23,0.304347826,3,7,6,4.0,1,0,phishing,1
12844.0,0,0.0,0.0,0.0,0.0,66,0.106060606,10,10,11,5.0,1,3,legitimate,0
1613.0,0,0.029585799,0.970414201,25.0,0.0,26,0.076923077,2,9,13,4.0,1,1,phishing,1
2604.0,2,0.0,1.0,100.0,0.0,51,0.0,6,12,16,4.6,1,1,phishing,1
389.0,3,0.0,1.0,100.0,0.0,144,0.319444444,10,64,25,13.0,0,8,phishing,1
5075.0,2,0.0,0.0,0.0,0.0,79,0.0,10,13,11,5.222222222,0,5,phishing,1
1.0,0,0.0,0.0,0.0,0.0,22,0.0,2,7,14,0.0,1,4,phishing,1
6257.0,0,0.06097561,0.93902439,72.72727273,0.0,56,0.0,3,23,25,23.0,1,5,legitimate,0
7296.0,0,0.571428571,0.428571429,0.0,0.0,55,0.218181818,5,14,46,0.0,1,2,phishing,1
2105.0,0,0.212121212,0.787878788,71.42857143,0.0,80,0.0,7,29,37,6.2,1,5,phishing,1
2499.0,0,0.0,1.0,0.0,0.0,54,0.074074074,4,15,17,13.5,1,0,phishing,1
5075.0,0,0.0,1.0,0.0,0.0,35,0.0,4,9,13,3.666666667,1,0,phishing,1
5075.0,0,0.058333333,0.941666667,83.67346939,0.428571429,91,0.0,11,11,11,7.0,1,4,legitimate,0
5075.0,2,0.045454545,0.954545455,100.0,0.0,211,0.45971564,14,64,18,15.81818182,1,6,phishing,1
5075.0,0,0.603053435,0.396946565,59.25925926,0.025316456,24,0.0,2,8,15,0.0,1,3,legitimate,0
2694.0,2,0.0,1.0,0.0,0.0,527,0.083491461,4,492,17,250.0,1,20,phishing,1
5.0,1,0.7222222220000001,0.277777778,0.0,0.057692308,69,0.0,7,15,20,7.4,1,0,phishing,1
5075.0,0,0.033333333,0.966666667,66.66666667,0.0,33,0.0,2,18,26,0.0,1,4,legitimate,0
2943.0,0,0.0,1.0,0.0,0.0,48,0.0,5,14,18,4.75,1,0,phishing,1
2.0,0,0.034782609,0.965217391,100.0,0.0,29,0.034482759,3,6,14,5.0,1,1,phishing,1
4687.0,0,0.692307692,0.307692308,25.0,0.015151515,74,0.162162162,7,18,15,7.666666667,1,3,phishing,1
3992.0,0,0.0,1.0,100.0,0.0,128,0.140625,13,17,50,7.375,1,6,phishing,1
959.0,0,0.477777778,0.522222222,37.5,0.0,39,0.0,3,17,25,5.0,0,3,phishing,1
1532.0,0,0.272727273,0.727272727,3.448275862,0.7666666670000001,54,0.092592593,7,13,24,4.5,1,4,phishing,1
9241.0,0,0.75,0.25,100.0,0.0,35,0.0,3,14,27,0.0,1,0,phishing,1
3310.0,2,0.0,0.0,0.0,0.0,78,0.115384615,10,12,15,5.222222222,1,0,phishing,1
6606.0,0,0.1785714289999999,0.8214285709999999,0.0,0.0,53,0.0,6,12,20,5.25,1,5,legitimate,0
4010.0,0,0.252631579,0.7473684209999999,69.56521739,0.083333333,49,0.102040816,5,13,21,5.666666667,1,3,legitimate,0
1499.0,0,0.673076923,0.326923077,20.0,0.0,26,0.0,2,9,17,0.0,0,3,legitimate,0
4737.0,0,0.689189189,0.310810811,0.0,0.0,37,0.0,3,16,24,4.0,1,3,legitimate,0
7993.0,0,0.030612245,0.969387755,25.0,0.666666667,89,0.0,10,13,21,6.5,0,5,legitimate,0
2629.0,0,0.0,0.0,0.0,0.0,33,0.0,3,7,12,5.5,1,0,phishing,1
12790.0,0,0.0,1.0,0.0,0.0,71,0.1549295769999999,10,8,18,5.571428571,1,5,legitimate,0
1776.0,1,0.042622951,0.957377049,96.0,0.076923077,49,0.020408163,6,10,15,5.5,1,3,phishing,1
5075.0,2,0.0,0.0,0.0,0.0,61,0.098360656,7,12,12,6.0,1,3,phishing,1
7926.0,0,0.130434783,0.869565217,12.5,0.0,78,0.0,7,20,14,10.0,0,3,legitimate,0
5615.0,0,0.80952381,0.19047619,25.0,0.176470588,54,0.037037037,6,15,26,9.5,1,3,phishing,1
6265.0,0,0.7142857140000001,0.285714286,0.0,0.1,32,0.0,2,16,24,0.0,1,3,legitimate,0
5075.0,1,0.0,1.0,100.0,0.0,43,0.255813953,12,6,14,3.625,1,6,phishing,1
2047.0,3,0.102272727,0.897727273,85.71428571,0.5555555560000001,103,0.165048544,9,32,15,9.0,1,3,phishing,1
286.0,0,1.0,0.0,0.0,0.0,55,0.0,7,12,35,3.0,1,2,phishing,1
7299.0,0,0.442857143,0.557142857,69.59064327,0.462365591,30,0.0,2,9,22,0.0,1,0,legitimate,0
5659.0,0,0.0,1.0,100.0,0.0,47,0.0,5,10,22,4.666666667,1,1,phishing,1
5616.0,0,0.0,0.0,0.0,0.0,44,0.1363636359999999,6,7,35,0.0,1,1,phishing,1
5075.0,3,0.0,1.0,100.0,0.0,64,0.03125,8,8,14,5.1428571430000005,1,0,phishing,1
268.0,0,0.153846154,0.846153846,100.0,0.0,71,0.0,9,11,13,5.25,1,1,phishing,1
431.0,0,0.333333333,0.666666667,80.0,0.166666667,85,0.0,10,23,27,4.666666667,1,1,phishing,1
3598.0,0,1.0,0.0,0.0,0.0,33,0.121212121,2,13,25,0.0,1,0,phishing,1
1645.0,0,0.0845070419999999,0.915492958,100.0,0.0,77,0.012987013,12,9,20,4.555555556,1,3,legitimate,0
1759.0,0,0.833333333,0.166666667,10.0,0.0,80,0.025,11,14,23,4.555555556,1,5,legitimate,0
6365.0,0,0.496527778,0.5034722220000001,26.84210526,0.517482517,37,0.0,3,12,14,7.0,0,0,legitimate,0
7005.0,0,0.5,0.5,63.63636364,0.0,97,0.0,11,17,25,6.0,1,7,legitimate,0
5075.0,0,0.2,0.8,11.11111111,0.666666667,17,0.0,1,3,10,0.0,1,0,legitimate,0
5226.0,0,0.8032786890000001,0.196721311,16.94915254,0.040816327,30,0.0,2,14,22,0.0,1,4,legitimate,0
7297.0,0,0.6333333329999999,0.3666666670000001,75.0,0.131578947,32,0.0,2,12,25,0.0,1,0,legitimate,0
2322.0,0,0.113924051,0.8860759490000001,66.66666667,0.666666667,18,0.0,1,6,9,0.0,0,0,legitimate,0
3672.0,1,0.923076923,0.076923077,0.0,0.333333333,54,0.037037037,6,12,11,6.2,1,0,phishing,1
3993.0,0,0.0,1.0,100.0,0.0,127,0.149606299,13,17,50,7.375,1,4,phishing,1
5075.0,0,0.711538462,0.288461538,0.0,0.027027027,30,0.0,2,14,21,0.0,1,5,legitimate,0
5627.0,0,0.444444444,0.5555555560000001,25.0,0.625,66,0.257575758,8,14,41,5.0,1,3,phishing,1
5626.0,1,0.818181818,0.181818182,25.0,0.277777778,75,0.04,9,17,42,7.666666667,1,2,phishing,1
7915.0,0,0.7894736840000001,0.210526316,20.0,0.133333333,114,0.0,14,13,20,6.166666667,0,7,legitimate,0
3213.0,0,0.47,0.53,18.42105263,0.063829787,69,0.028985507,8,11,19,5.833333333,0,3,legitimate,0
5075.0,0,0.5,0.5,0.0,0.7777777779999999,36,0.0,5,6,16,2.666666667,0,5,legitimate,0
2305.0,0,0.351851852,0.648148148,0.0,0.0,46,0.0,5,12,14,7.333333333,1,5,phishing,1
2188.0,0,0.0,1.0,0.0,0.0,44,0.0,4,12,16,6.0,1,1,legitimate,0
11039.0,0,0.030927835,0.969072165,25.0,0.0,35,0.0,4,9,11,7.0,1,3,legitimate,0
5075.0,3,0.84,0.16,30.76923077,0.428571429,215,0.195348837,31,22,12,6.7407407410000015,1,4,phishing,1
595.0,0,0.0,1.0,100.0,0.0,34,0.0,4,7,15,4.5,1,5,phishing,1
5674.0,1,0.8125,0.1875,0.0,0.0,103,0.009708738,13,13,14,5.75,1,1,phishing,1
8369.0,0,0.175,0.825,33.33333333,0.0,24,0.0,2,5,15,0.0,0,3,legitimate,0
7132.0,0,0.1,0.9,66.91729323,0.522727273,52,0.0,6,9,16,6.0,0,1,legitimate,0
3639.0,0,0.095238095,0.904761905,84.61538462,1.0,36,0.0,3,12,20,8.0,1,3,legitimate,0
5075.0,0,0.0,1.0,100.0,0.0,60,0.0,7,11,15,5.333333333,1,2,phishing,1
5616.0,0,0.7857142859999999,0.214285714,16.66666667,0.090909091,46,0.130434783,6,7,38,0.0,1,3,phishing,1
5075.0,0,0.0,1.0,0.0,0.0,49,0.0,6,9,18,5.0,1,3,phishing,1
7297.0,0,0.833333333,0.166666667,15.38461538,0.266666667,60,0.1,7,17,30,3.6,1,1,phishing,1
1096.0,2,0.0,0.0,0.0,0.0,196,0.275510204,15,40,17,12.15384615,1,12,phishing,1
5075.0,0,1.0,0.0,0.0,0.0,33,0.0,2,16,24,0.0,1,3,legitimate,0
4752.0,1,0.0,1.0,100.0,0.0,74,0.0,8,17,21,5.571428571,1,2,phishing,1
1250.0,3,0.0625,0.9375,100.0,0.0,74,0.0,10,9,12,5.1111111110000005,1,1,phishing,1
5075.0,1,0.46,0.54,41.66666667,0.347826087,141,0.333333333,4,75,48,40.5,1,2,phishing,1
1086.0,1,0.745098039,0.254901961,39.28571429,0.210526316,189,0.402116402,8,38,17,22.57142857,1,0,phishing,1
5122.0,0,0.80952381,0.19047619,0.0,0.352941176,61,0.0,7,12,20,5.8,0,3,legitimate,0
5075.0,0,0.0,0.0,0.0,0.0,73,0.178082192,10,15,14,4.666666667,1,1,phishing,1
3320.0,0,0.010416667,0.989583333,100.0,0.0,69,0.115942029,9,14,22,4.428571429,1,4,phishing,1
5075.0,1,0.7,0.3,0.0,0.571428571,26,0.0,3,5,18,0.0,1,1,phishing,1
7296.0,0,0.873417722,0.126582278,12.79069767,0.222222222,41,0.0,2,20,33,0.0,1,0,legitimate,0
4003.0,0,0.0,1.0,100.0,0.0,120,0.141666667,12,17,42,7.375,1,1,phishing,1
5021.0,1,0.0,0.0,0.0,0.0,43,0.0,5,8,13,6.333333333,1,0,phishing,1
6655.0,0,0.090425532,0.909574468,44.0,0.117647059,27,0.0,2,10,18,0.0,0,3,legitimate,0
227.0,1,0.589041096,0.410958904,37.5,0.0,79,0.0,9,10,15,7.0,0,4,phishing,1
3452.0,0,0.0,1.0,0.0,0.0,113,0.0,15,10,17,5.846153846,1,4,legitimate,0
4508.0,0,0.181818182,0.818181818,100.0,0.0,56,0.0,6,16,24,5.25,1,3,legitimate,0
4379.0,0,0.215909091,0.7840909090000001,65.38461538,0.368421053,123,0.0,16,12,14,5.8,1,1,phishing,1
4319.0,0,0.053291536,0.946708464,53.33333333,0.411764706,28,0.0,2,12,20,0.0,1,4,legitimate,0
4097.0,0,0.11627907,0.88372093,0.0,0.0,35,0.0,2,18,26,0.0,1,3,legitimate,0
2713.0,4,0.142857143,0.857142857,0.0,0.0,112,0.0,17,10,14,4.5625,1,2,phishing,1
5087.0,0,0.78,0.22,0.0,0.179487179,66,0.0,8,11,19,5.5,1,3,legitimate,0
5075.0,0,0.012658228,0.987341772,50.0,0.0,40,0.0,4,11,19,6.0,0,4,legitimate,0
3317.0,1,0.5,0.5,0.0,1.0,70,0.0,6,14,21,9.5,1,4,phishing,1
2847.0,0,0.380952381,0.6190476189999999,20.0,0.125,53,0.0,6,10,14,6.5,1,4,legitimate,0
6253.0,0,0.067961165,0.932038835,0.0,0.285714286,31,0.064516129,3,10,23,0.0,1,0,phishing,1
5627.0,0,0.0,0.0,0.0,0.0,70,0.242857143,9,14,49,3.333333333,1,2,phishing,1
2122.0,0,0.732876712,0.267123288,26.92307692,0.028037383,26,0.0,2,8,11,6.0,1,0,phishing,1
4182.0,0,0.055555556,0.944444444,10.0,0.0,17,0.0,1,5,8,0.0,1,0,legitimate,0
5075.0,0,0.0,0.0,0.0,0.0,69,0.0,8,12,40,4.5,1,1,phishing,1
3962.0,0,0.0,1.0,0.0,0.0,67,0.0,7,14,22,6.6,1,3,legitimate,0
5075.0,1,0.432432432,0.567567568,10.9375,0.390625,49,0.204081633,13,7,13,3.666666667,1,5,phishing,1
7989.0,0,0.1785714289999999,0.8214285709999999,44.44444444,0.6,46,0.0,5,11,18,6.0,0,1,legitimate,0
3381.0,0,0.0,0.0,0.0,0.0,46,0.086956522,5,8,27,4.5,1,1,phishing,1
1837.0,0,0.0,1.0,100.0,0.0,110,0.254545455,17,18,75,4.4,1,1,phishing,1
2442.0,0,0.312977099,0.687022901,69.23076923,0.12195122,18,0.0,1,6,10,0.0,1,0,phishing,1
5075.0,0,0.839805825,0.160194175,25.80645161,0.0,97,0.350515464,10,32,10,9.0,1,5,phishing,1
1453.0,0,0.666666667,0.333333333,0.0,0.0,105,0.20952381,9,32,50,11.0,1,3,phishing,1
5613.0,0,0.0,0.0,0.0,0.0,32,0.09375,2,11,23,0.0,1,2,phishing,1
8047.0,0,0.125,0.875,31.57894737,0.222222222,101,0.00990099,11,13,23,6.888888889,0,4,legitimate,0
3385.0,0,0.094736842,0.905263158,50.0,0.0,31,0.0,2,15,23,0.0,1,3,legitimate,0
5075.0,0,0.333333333,0.666666667,42.85714286,0.090909091,25,0.0,2,9,16,0.0,0,3,legitimate,0
7199.0,0,0.064102564,0.935897436,100.0,0.0,53,0.0,6,13,16,6.5,0,3,legitimate,0
620.0,0,0.0,0.0,0.0,0.0,56,0.0,6,11,19,6.5,1,4,phishing,1
1546.0,0,0.774193548,0.225806452,4.347826087,0.125,62,0.161290323,5,16,34,5.0,1,5,phishing,1
157.0,2,0.1,0.9,0.0,0.0,48,0.0,6,9,17,4.75,1,3,phishing,1
6256.0,0,0.14507772,0.85492228,53.33333333,0.0,43,0.0,3,17,25,10.0,1,4,legitimate,0
3992.0,0,0.0,1.0,100.0,0.0,125,0.136,12,17,50,8.142857142999999,1,2,phishing,1
12873.0,0,0.0,0.0,0.0,0.0,60,0.05,8,8,21,5.4,1,4,legitimate,0
2105.0,0,0.212121212,0.787878788,71.42857143,0.0,101,0.188118812,6,32,37,13.0,1,6,phishing,1
4661.0,0,0.025612472,0.974387528,53.84615385,0.043478261,126,0.0873015869999999,22,11,19,4.0,1,4,legitimate,0
5160.0,0,0.6,0.4,0.0,0.666666667,74,0.148648649,12,11,14,4.2,0,5,legitimate,0
1953.0,0,0.0,0.0,0.0,0.0,54,0.074074074,5,10,16,9.0,1,2,phishing,1
7130.0,0,0.055555556,0.944444444,65.51724138,0.1,47,0.0,6,9,18,6.0,0,1,legitimate,0
607.0,0,0.8857142859999999,0.114285714,0.0,0.790322581,32,0.0,3,6,24,0.0,1,0,phishing,1
5075.0,4,0.0,1.0,100.0,0.0,106,0.179245283,10,32,22,7.555555556,1,3,phishing,1
5616.0,3,0.80952381,0.19047619,25.0,0.176470588,68,0.058823529,10,9,42,3.75,1,3,phishing,1
785.0,1,0.301587302,0.6984126979999999,21.73913043,0.105263158,52,0.0,5,11,15,6.5,1,2,phishing,1
1863.0,0,0.375,0.625,66.66666667,0.0,22,0.045454545,2,6,14,0.0,1,4,legitimate,0
1692.0,1,0.095238095,0.904761905,100.0,0.0,158,0.221518987,8,40,23,20.33333333,1,12,phishing,1
4054.0,0,0.092592593,0.907407407,0.0,0.2,45,0.0,5,10,18,5.666666667,1,3,legitimate,0
3992.0,0,0.0,1.0,100.0,0.0,68,0.147058824,6,15,42,8.5,1,2,phishing,1
5075.0,1,0.0,1.0,0.0,0.0,57,0.210526316,14,7,15,4.1,1,2,phishing,1
3992.0,0,0.0,1.0,100.0,0.0,118,0.13559322,12,17,42,7.375,1,7,phishing,1
4608.0,5,0.666666667,0.333333333,0.0,0.0,115,0.0,15,14,21,5.692307692000001,1,5,phishing,1
7297.0,0,0.508571429,0.491428571,66.98113208,0.325842697,32,0.0,2,11,24,0.0,1,1,legitimate,0
7909.0,0,0.046511628,0.953488372,71.42857143,0.0,64,0.109375,7,12,16,7.0,1,4,legitimate,0
3.0,1,0.142857143,0.857142857,0.0,1.0,237,0.054852321,18,30,29,12.33333333,1,7,phishing,1
6339.0,0,0.016509434,0.983490566,53.33333333,0.428571429,57,0.0,7,11,19,5.2,1,3,legitimate,0
7424.0,0,0.277777778,0.7222222220000001,33.33333333,0.066666667,22,0.0,1,9,15,0.0,0,0,legitimate,0
5615.0,3,0.818181818,0.181818182,25.0,0.166666667,65,0.046153846,10,9,40,3.5,1,3,phishing,1
4522.0,0,0.230769231,0.7692307690000001,100.0,0.0,78,0.025641026,6,25,29,7.2,1,1,phishing,1
1953.0,0,0.0,0.0,0.0,0.0,53,0.037735849,5,10,15,9.0,1,2,phishing,1
5075.0,0,0.5,0.5,0.0,1.0,22,0.5,8,3,14,2.75,1,2,phishing,1
6225.0,0,0.213399504,0.7866004959999999,25.86206897,0.162790698,35,0.0,4,9,16,4.5,0,0,legitimate,0
7615.0,0,0.445783133,0.5542168670000001,58.33333333,0.054054054,65,0.0,5,20,35,6.666666667,1,0,legitimate,0
2.0,0,0.317829457,0.682170543,25.0,0.12195122,77,0.0779220779999999,9,11,14,6.0,1,2,phishing,1
3363.0,0,0.0,0.0,0.0,0.0,29,0.0,2,11,21,0.0,1,2,phishing,1
9033.0,0,0.098859316,0.901140684,91.83673469,0.115384615,111,0.0,11,12,16,8.666666667000001,0,5,legitimate,0
2520.0,0,0.0,0.0,0.0,0.0,47,0.063829787,3,29,7,15.0,1,0,phishing,1
5075.0,1,0.0,1.0,100.0,0.0,68,0.0,11,7,18,3.777777778,1,3,phishing,1
33.0,0,0.0,1.0,0.0,0.0,67,0.0,7,10,14,6.666666667,1,0,phishing,1
1546.0,1,0.25,0.75,60.0,0.125,86,0.104651163,7,30,48,5.0,1,5,phishing,1
1615.0,3,0.441860465,0.558139535,14.28571429,0.421052632,235,0.046808511,13,147,18,18.0,1,17,phishing,1
326.0,0,0.965517241,0.034482759,2.43902439,0.119047619,117,0.0,13,21,27,5.833333333,1,2,phishing,1
5075.0,0,0.0,1.0,0.0,0.0,19,0.1578947369999999,2,5,11,0.0,1,0,phishing,1
5964.0,0,0.0,1.0,0.0,0.0,112,0.25,4,75,11,29.66666667,1,3,phishing,1
2060.0,0,0.081339713,0.918660287,25.0,0.058823529,62,0.0161290319999999,8,11,19,4.833333333,1,5,legitimate,0
6900.0,0,0.368421053,0.6315789470000001,10.60606061,0.0,46,0.043478261,4,13,21,8.0,1,4,legitimate,0
4003.0,0,0.0,1.0,100.0,0.0,68,0.161764706,6,15,42,8.5,1,2,phishing,1
5910.0,0,0.435897436,0.564102564,82.25806452,0.352941176,45,0.0,6,9,16,6.333333333,1,3,legitimate,0
1967.0,0,0.75,0.25,0.0,0.0,30,0.233333333,3,7,21,0.0,1,2,phishing,1
7086.0,0,1.0,0.0,0.0,0.0,78,0.102564103,10,11,26,4.375,1,3,phishing,1
2229.0,1,0.016666667,0.983333333,100.0,0.0,53,0.075471698,6,13,14,7.0,0,3,legitimate,0
5075.0,0,0.0,1.0,0.0,0.0,123,0.284552846,7,22,16,15.66666667,1,7,phishing,1
8019.0,0,0.884615385,0.115384615,0.0,0.0,132,0.053030303,12,46,25,9.777777778,1,2,phishing,1
7841.0,0,0.075376884,0.924623116,0.0,0.066666667,64,0.0,8,9,16,5.833333333,0,3,legitimate,0
5527.0,0,0.146853147,0.8531468529999999,36.66666667,0.380952381,20,0.0,2,4,12,0.0,1,3,legitimate,0
5075.0,0,0.238095238,0.761904762,54.54545455,0.2,24,0.0,2,4,15,0.0,1,3,legitimate,0
5075.0,1,0.4375,0.5625,100.0,0.0,98,0.0,12,16,23,5.7,1,3,phishing,1
502.0,2,0.0,0.0,0.0,0.0,71,0.042253521,8,10,17,6.833333333,1,6,phishing,1
5075.0,0,0.178217822,0.821782178,0.0,0.0,31,0.0,3,11,22,0.0,0,4,legitimate,0
4275.0,0,0.5555555560000001,0.444444444,0.0,0.0,39,0.0,5,9,14,5.0,1,3,phishing,1
8991.0,0,0.0,1.0,100.0,0.0,44,0.0,3,16,11,11.5,0,1,legitimate,0
2271.0,0,0.235294118,0.764705882,83.33333333,0.166666667,23,0.0,2,4,14,0.0,1,0,legitimate,0
5014.0,1,0.206349206,0.793650794,84.21052632,0.153846154,112,0.0,16,9,10,5.266666667,1,3,legitimate,0
5075.0,1,0.655172414,0.344827586,32.3943662,0.701754386,55,0.0,5,13,19,6.25,1,0,phishing,1
3144.0,0,0.01369863,0.98630137,75.0,0.333333333,33,0.0,2,17,25,0.0,1,3,legitimate,0
4036.0,0,0.115384615,0.884615385,100.0,0.0,77,0.285714286,5,32,26,13.33333333,1,5,phishing,1
5797.0,0,0.316666667,0.683333333,8.695652174,0.280701754,64,0.15625,10,10,14,3.777777778,1,0,legitimate,0
4462.0,0,0.160194175,0.839805825,47.16981132,0.363636364,81,0.0493827159999999,9,11,27,6.833333333,1,1,legitimate,0
3934.0,0,0.0,1.0,0.0,0.0,49,0.081632653,4,17,25,7.5,1,4,legitimate,0
5075.0,0,0.333333333,0.666666667,100.0,0.0,29,0.034482759,4,7,13,3.5,1,0,phishing,1
4377.0,0,0.0,0.0,0.0,0.0,78,0.192307692,5,32,14,13.25,1,3,phishing,1
3329.0,0,0.0,0.0,0.0,0.0,39,0.0,4,14,22,3.5,0,4,phishing,1
8881.0,0,0.014184397,0.985815603,50.0,0.5,36,0.055555556,4,11,11,8.0,0,3,legitimate,0
3753.0,1,0.0,0.0,0.0,0.0,25,0.0,2,11,15,2.0,1,0,phishing,1
254.0,0,0.40625,0.59375,0.0,0.153846154,98,0.071428571,9,44,20,9.142857143,1,2,phishing,1
5075.0,0,0.0,0.0,0.0,0.0,44,0.0,4,17,21,4.333333333,1,1,phishing,1
1546.0,0,0.083333333,0.916666667,80.0,0.0,78,0.08974359,7,13,38,7.0,1,4,phishing,1
5075.0,0,0.201438849,0.7985611509999999,18.18181818,0.392857143,70,0.0,7,10,17,7.8,1,3,legitimate,0
2968.0,0,0.516129032,0.483870968,42.85714286,0.0,22,0.0,2,5,13,0.0,1,3,legitimate,0
330.0,2,0.0,1.0,0.0,0.0,88,0.0,7,39,43,5.333333333,1,5,phishing,1
4782.0,0,0.03030303,0.96969697,90.90909091,0.25,50,0.02,7,8,13,5.0,0,3,legitimate,0
1669.0,0,0.411764706,0.588235294,100.0,0.095238095,127,0.346456693,12,32,61,8.666666667000001,1,8,phishing,1
7295.0,0,0.928571429,0.071428571,14.28571429,0.846153846,34,0.029411765,2,14,27,0.0,1,0,phishing,1
5075.0,0,0.36969697,0.63030303,3.278688525,0.016393443,23,0.0,2,4,15,0.0,0,3,legitimate,0
8319.0,1,0.0,0.0,0.0,0.0,117,0.0,17,10,12,5.533333333,1,7,legitimate,0
9171.0,0,0.592592593,0.4074074070000001,0.0,0.0625,70,0.071428571,8,12,21,5.833333333,1,3,legitimate,0
1440.0,0,0.590909091,0.409090909,0.0,0.0,22,0.0,1,7,13,0.0,0,0,legitimate,0
6257.0,0,0.161111111,0.838888889,50.0,0.0,45,0.0,3,17,25,12.0,1,6,legitimate,0
7714.0,0,0.258064516,0.7419354840000001,40.0,0.125,66,0.075757576,7,13,18,7.2,0,1,legitimate,0
4212.0,0,0.384615385,0.615384615,100.0,0.0,64,0.0,7,14,22,6.0,1,32,phishing,1
454.0,0,0.16,0.84,100.0,0.0,79,0.075949367,7,14,20,7.666666667,1,1,phishing,1
3573.0,0,0.689655172,0.310344828,18.03278689,0.8,44,0.0,5,8,14,6.333333333,1,1,legitimate,0
7764.0,1,1.0,0.0,0.0,0.0,132,0.060606061,8,41,16,17.0,1,39,phishing,1
4739.0,0,0.34375,0.65625,41.17647059,0.0,85,0.0,12,12,16,4.545454545,1,1,legitimate,0
2674.0,1,0.546511628,0.453488372,18.60465116,0.70212766,41,0.0,5,13,21,3.333333333,1,4,phishing,1
2796.0,0,0.0,1.0,100.0,0.0,113,0.079646018,16,13,15,5.0,0,5,legitimate,0
8916.0,1,0.0,0.0,0.0,0.0,75,0.0,7,19,37,6.75,1,0,phishing,1
6818.0,0,0.067961165,0.932038835,0.0,0.285714286,30,0.133333333,2,13,22,0.0,1,2,phishing,1
8941.0,0,0.920634921,0.079365079,6.951871658,0.5459770110000001,34,0.0,4,7,11,6.5,1,0,legitimate,0
4491.0,0,0.0625,0.9375,72.72727273,0.0,55,0.0,6,11,18,6.5,1,3,legitimate,0
4987.0,0,0.09,0.91,38.46153846,0.444444444,30,0.0,2,8,23,0.0,1,1,legitimate,0
5333.0,0,0.5301204820000001,0.469879518,33.33333333,0.113636364,52,0.096153846,7,7,15,5.0,1,4,legitimate,0
8012.0,0,0.611111111,0.388888889,37.5,0.090909091,125,0.056,16,12,16,5.8,0,2,legitimate,0
3140.0,1,0.058064516,0.941935484,60.0,0.444444444,50,0.06,5,12,16,5.75,1,3,phishing,1
4178.0,2,0.0,0.0,0.0,0.0,74,0.0,10,23,31,3.5,1,3,phishing,1
7130.0,0,0.112776831,0.8872231690000001,71.82978723,0.099697885,38,0.0,5,9,16,3.666666667,0,0,legitimate,0
7336.0,0,0.016393443,0.983606557,97.14285714,0.0,75,0.0,8,10,15,7.666666667,1,3,legitimate,0
7298.0,0,0.564516129,0.435483871,76.19047619,0.314285714,42,0.0,2,21,34,0.0,1,2,legitimate,0
12238.0,0,0.347826087,0.6521739129999999,50.0,0.125,81,0.0,9,17,16,8.666666667000001,1,8,legitimate,0
2805.0,0,0.489795918,0.510204082,75.0,0.041666667,42,0.0,4,10,14,5.666666667,1,1,legitimate,0
5075.0,0,0.289473684,0.7105263159999999,60.0,0.181818182,26,0.0,2,6,17,0.0,1,3,legitimate,0
7133.0,0,0.074285714,0.925714286,65.78947368,0.384615385,48,0.0,5,9,20,5.666666667,0,0,legitimate,0
1543.0,3,0.0,1.0,0.0,0.0,196,0.091836735,30,18,22,4.7241379310000005,1,5,phishing,1
5895.0,0,0.0,1.0,0.0,0.0,35,0.0,3,9,17,8.0,0,4,legitimate,0
5075.0,0,0.0,0.0,0.0,0.0,37,0.0,2,18,25,3.0,1,0,phishing,1
3112.0,0,0.0,1.0,0.0,0.0,24,0.0,2,9,13,2.0,1,0,phishing,1
91.0,0,0.285714286,0.7142857140000001,100.0,0.25,32,0.0,4,5,24,0.0,1,4,phishing,1
8875.0,0,0.0,0.0,0.0,0.0,100,0.09,13,14,13,6.272727272999999,1,2,legitimate,0
5075.0,1,0.538461538,0.461538462,0.0,0.285714286,60,0.0,8,11,18,4.0,1,0,phishing,1
2740.0,0,0.294117647,0.705882353,23.07692308,0.25,40,0.0,2,23,31,0.0,1,3,legitimate,0
8519.0,0,0.377358491,0.622641509,80.0,0.0,28,0.035714286,3,8,16,3.0,1,4,legitimate,0
3993.0,0,0.0,1.0,100.0,0.0,125,0.192,12,17,50,8.142857142999999,1,6,phishing,1
4493.0,0,0.090909091,0.909090909,96.15384615,1.0,27,0.0,2,11,18,0.0,0,4,legitimate,0
5075.0,0,0.532520325,0.467479675,0.0,0.114503817,38,0.0,3,15,15,15.0,1,1,legitimate,0
5855.0,0,0.102040816,0.8979591840000001,0.0,0.0,21,0.0,2,4,12,0.0,0,3,legitimate,0
3952.0,1,0.02173913,0.97826087,0.0,0.5,30,0.0,2,13,21,0.0,1,3,legitimate,0
5075.0,1,0.46,0.54,41.66666667,0.347826087,141,0.319148936,4,75,48,40.5,1,2,phishing,1
5075.0,0,0.0,0.0,0.0,0.0,35,0.0,4,8,15,3.333333333,1,0,phishing,1
4003.0,0,0.0,1.0,100.0,0.0,119,0.168067227,12,17,42,7.375,1,1,phishing,1
819.0,0,0.0,1.0,100.0,0.0,49,0.040816327,4,12,41,0.0,1,0,phishing,1
672.0,0,0.0,1.0,0.0,0.0,32,0.0,2,10,24,0.0,0,0,phishing,1
5451.0,0,0.379310345,0.620689655,40.625,0.045454545,20,0.0,2,4,11,0.0,1,3,legitimate,0
145.0,1,0.0,0.0,0.0,0.0,77,0.116883117,11,10,31,5.333333333,1,0,phishing,1
7.0,0,0.0,1.0,100.0,0.0,34,0.0,4,11,19,3.0,1,5,phishing,1
804.0,1,0.0,1.0,100.0,0.0,385,0.1558441559999999,11,300,35,47.71428571,1,7,phishing,1
5904.0,0,0.0,1.0,100.0,0.0,32,0.0,2,14,25,0.0,1,0,legitimate,0
5200.0,0,0.177419355,0.822580645,25.0,0.0,74,0.081081081,8,12,20,6.833333333,1,4,legitimate,0
5075.0,0,0.082568807,0.917431193,88.88888889,0.111111111,20,0.0,1,4,11,0.0,1,0,legitimate,0
7130.0,0,0.059171598,0.940828402,67.74193548,0.4,44,0.0,5,9,20,4.333333333,0,0,legitimate,0
5376.0,0,0.066666667,0.933333333,0.0,0.0,65,0.3384615379999999,9,12,13,5.428571429,1,5,phishing,1
5208.0,0,0.307692308,0.692307692,0.0,0.0,34,0.0,3,9,21,4.0,0,2,phishing,1
11.0,0,0.0,1.0,0.0,0.0,70,0.085714286,7,12,35,6.0,1,1,phishing,1
5800.0,0,0.696969697,0.303030303,22.22222222,0.260869565,25,0.0,2,8,16,0.0,1,3,legitimate,0
9178.0,0,0.683333333,0.316666667,10.4,0.040650407,36,0.0,3,9,17,9.0,0,4,legitimate,0
6931.0,0,0.129411765,0.870588235,69.23076923,0.1363636359999999,62,0.0,9,8,16,4.285714286,1,4,legitimate,0
8018.0,0,1.0,0.0,0.0,0.0,126,0.079365079,13,46,23,8.3,1,1,phishing,1
8751.0,0,0.0,0.0,0.0,0.0,79,0.0,9,15,14,7.142857143,1,0,legitimate,0
3289.0,0,0.019823789,0.980176211,94.0,0.222222222,22,0.0,2,6,13,0.0,0,3,legitimate,0
5075.0,0,0.454545455,0.545454545,100.0,0.1,19,0.052631579,2,5,5,5.0,1,0,phishing,1
5616.0,0,0.80952381,0.19047619,25.0,0.176470588,66,0.090909091,8,15,38,9.5,1,1,phishing,1
7835.0,1,0.079470199,0.920529801,20.0,0.166666667,69,0.057971014,9,10,18,5.285714286,1,5,legitimate,0
4197.0,2,0.666666667,0.333333333,22.22222222,0.375,76,0.092105263,13,8,15,3.818181818,1,4,phishing,1
1468.0,0,0.466666667,0.533333333,80.0,0.142857143,28,0.107142857,1,13,19,0.0,1,3,legitimate,0
4250.0,0,0.0,0.0,0.0,0.0,50,0.0,5,13,22,9.0,1,0,phishing,1
3108.0,0,0.333333333,0.666666667,50.0,0.235294118,85,0.011764706,13,7,10,4.5,0,4,legitimate,0
5075.0,0,0.0,0.0,0.0,0.0,71,0.042253521,8,13,29,6.0,1,1,phishing,1
4261.0,3,0.301886792,0.698113208,20.0,0.1875,51,0.0,5,12,16,5.75,1,0,phishing,1
4519.0,3,0.0,0.0,0.0,0.0,47,0.0,7,7,15,4.0,1,4,phishing,1
4004.0,4,0.0,1.0,100.0,0.0,51,0.0,8,12,15,3.0,1,0,phishing,1
5913.0,0,0.5111111110000001,0.488888889,65.11627907,0.304347826,58,0.0,10,7,16,4.0,1,3,legitimate,0
808.0,0,0.0,1.0,100.0,0.0,42,0.119047619,4,7,34,0.0,1,2,phishing,1
5075.0,0,0.0,0.0,0.0,0.0,58,0.034482759,8,8,15,5.0,1,2,legitimate,0
3759.0,0,0.333333333,0.666666667,23.52941176,0.052631579,36,0.0,2,19,27,0.0,1,3,legitimate,0
7133.0,0,0.052823315,0.947176685,65.06024096,0.344827586,58,0.0,6,10,16,7.5,0,1,legitimate,0
5407.0,0,0.583333333,0.4166666670000001,66.66666667,0.142857143,49,0.0,6,11,19,4.75,1,4,legitimate,0
5075.0,0,0.431034483,0.568965517,70.0,0.0,14,0.0,1,4,7,0.0,0,0,legitimate,0
5208.0,0,0.454545455,0.545454545,0.0,0.0,30,0.0,2,14,22,0.0,1,4,legitimate,0
2619.0,0,0.173913043,0.826086957,40.0,0.0,55,0.090909091,6,15,19,4.8,1,2,legitimate,0
5075.0,0,0.108695652,0.891304348,66.66666667,0.0,54,0.0,7,12,28,8.0,1,3,legitimate,0
5075.0,0,0.076923077,0.923076923,60.0,0.333333333,34,0.0,2,15,26,0.0,1,4,legitimate,0
6304.0,0,0.621212121,0.378787879,53.84615385,0.146341463,105,0.066666667,12,15,23,6.3,0,4,legitimate,0
7128.0,0,0.067961165,0.932038835,0.0,0.285714286,46,0.02173913,5,11,38,0.0,1,1,phishing,1
7835.0,0,0.239215686,0.760784314,24.0,0.245901639,66,0.03030303,6,12,23,10.66666667,0,4,legitimate,0
3245.0,1,0.030664395,0.969335605,96.91780822,0.055555556,60,0.0,6,17,27,5.5,1,5,phishing,1
5075.0,0,0.125,0.875,0.0,0.333333333,24,0.0,2,5,16,0.0,0,3,legitimate,0
143.0,0,0.0,0.0,0.0,0.0,56,0.0,6,13,30,5.333333333,1,0,phishing,1
6944.0,0,0.666666667,0.333333333,0.0,0.3,83,0.0,8,11,19,8.5,1,3,legitimate,0
2332.0,0,0.064102564,0.935897436,90.0,0.2,34,0.0,2,17,25,0.0,1,3,legitimate,0
7298.0,0,0.298136646,0.7018633540000001,88.33333333,0.1875,39,0.0,2,19,32,0.0,1,0,legitimate,0
8093.0,0,0.571428571,0.428571429,0.0,0.75,32,0.125,4,8,24,0.0,1,1,phishing,1
2303.0,0,0.242105263,0.757894737,34.28571429,0.086956522,34,0.0,2,18,26,0.0,0,4,legitimate,0
2751.0,0,0.010033445,0.989966555,0.0,0.0,60,0.0,5,24,15,11.66666667,0,4,legitimate,0
6342.0,3,0.533333333,0.466666667,63.15789474,0.3125,41,0.0,4,11,15,5.0,1,0,phishing,1
5767.0,0,0.033333333,0.966666667,100.0,0.0,77,0.246753247,4,32,23,14.66666667,1,2,phishing,1
9047.0,0,0.276595745,0.723404255,73.91304348,0.0,66,0.0,7,11,19,7.0,1,3,legitimate,0
5166.0,0,0.057971014,0.942028986,25.0,0.0,43,0.0,4,11,19,7.5,1,3,legitimate,0
5071.0,0,0.111111111,0.8888888890000001,0.0,0.5,23,0.0,2,9,16,0.0,1,3,legitimate,0
2310.0,0,0.75,0.25,21.05263158,0.041666667,52,0.0,4,11,15,8.666666667000001,0,1,legitimate,0
1472.0,0,0.177419355,0.822580645,66.66666667,0.181818182,24,0.0,2,8,15,0.0,1,3,legitimate,0
5223.0,0,0.272727273,0.727272727,42.55319149,0.066666667,63,0.126984127,7,16,18,6.4,1,4,legitimate,0
2374.0,0,0.291666667,0.708333333,20.0,0.285714286,34,0.0,2,18,25,0.0,0,3,legitimate,0
1975.0,0,0.0,0.0,0.0,0.0,39,0.0,4,11,12,5.333333333,1,2,phishing,1
3993.0,0,0.0,1.0,100.0,0.0,131,0.1755725189999999,14,17,54,7.375,1,11,phishing,1
5311.0,0,0.333333333,0.666666667,0.0,0.4,40,0.0,4,10,22,9.0,1,3,phishing,1
5075.0,0,0.069651741,0.930348259,29.41176471,0.214285714,21,0.0,2,3,13,0.0,1,3,legitimate,0
5062.0,0,0.064327485,0.935672515,81.08108108,0.0,60,0.0,7,11,18,6.0,0,1,legitimate,0
2139.0,0,1.0,0.0,0.0,0.0,53,0.0,6,11,10,6.2,1,0,phishing,1
6672.0,0,0.126760563,0.8732394370000001,15.15151515,0.361111111,38,0.0,4,11,18,5.5,1,3,legitimate,0
8922.0,0,0.5,0.5,0.0,0.0,40,0.0,6,6,15,3.5,1,0,phishing,1
5075.0,0,0.476190476,0.523809524,31.25,0.35,25,0.0,2,9,17,0.0,1,3,legitimate,0
5075.0,0,0.119047619,0.880952381,71.42857143,0.2,46,0.0,4,11,15,6.666666667,1,1,legitimate,0
2310.0,2,0.0,0.0,0.0,0.0,46,0.0,5,7,11,5.75,1,2,phishing,1
3153.0,0,0.14,0.86,0.0,0.0,33,0.0,2,11,25,0.0,1,0,legitimate,0
8347.0,5,0.0,0.0,0.0,0.0,314,0.031847134,46,16,14,5.545454545,0,15,phishing,1
1497.0,1,0.066666667,0.933333333,0.0,0.0,42,0.0,6,7,13,4.25,1,0,phishing,1
5075.0,1,0.0,1.0,0.0,0.0,35,0.257142857,10,7,12,3.666666667,1,2,phishing,1
5615.0,2,0.818181818,0.181818182,25.0,0.166666667,57,0.350877193,6,22,39,4.5,1,1,phishing,1
8145.0,0,0.337078652,0.662921348,66.66666667,0.15,40,0.0,6,9,17,3.0,0,3,legitimate,0
3704.0,0,0.683098592,0.316901408,16.66666667,0.030927835,34,0.0,2,17,25,0.0,1,3,legitimate,0
8220.0,0,0.363636364,0.636363636,62.5,0.0,32,0.0,2,13,23,0.0,1,3,legitimate,0
7196.0,0,0.019083969,0.980916031,100.0,0.0,41,0.0,5,10,16,5.0,1,3,legitimate,0
975.0,0,1.0,0.0,0.0,0.0,28,0.0,3,9,19,0.0,1,3,legitimate,0
1841.0,2,0.0,1.0,100.0,0.0,70,0.0,7,11,37,5.5,1,1,phishing,1
7130.0,0,0.02688172,0.97311828,73.68421053,0.5,57,0.0,6,13,16,7.25,0,0,legitimate,0
2587.0,0,0.380952381,0.6190476189999999,66.66666667,0.0,212,0.325471698,57,11,25,2.236363636,1,3,phishing,1
5627.0,0,0.818181818,0.181818182,25.0,0.277777778,53,0.094339623,7,9,45,0.0,1,6,phishing,1
5075.0,0,0.7307692309999999,0.269230769,0.0,0.0,27,0.0,3,8,15,3.0,0,4,legitimate,0
7296.0,0,0.91,0.09,10.29411765,0.549450549,41,0.0,2,20,33,0.0,1,1,legitimate,0
6170.0,1,1.0,0.0,100.0,0.0,29,0.206896552,2,8,21,0.0,0,0,phishing,1
265.0,0,0.357142857,0.642857143,50.0,0.0,70,0.0,6,25,29,5.6,0,1,phishing,1
7295.0,1,0.928571429,0.071428571,14.28571429,0.846153846,38,0.0,2,18,31,0.0,1,1,phishing,1
3036.0,0,0.12195122,0.87804878,16.66666667,0.0,21,0.0,2,4,13,0.0,1,0,legitimate,0
4789.0,0,0.011086475,0.988913525,100.0,0.0,22,0.0,2,7,14,0.0,1,3,legitimate,0
6245.0,1,0.7,0.3,9.722222222,0.591836735,64,0.0,7,13,21,6.0,1,3,legitimate,0
193.0,0,0.210526316,0.7894736840000001,0.0,0.5,96,0.104166667,8,40,18,10.66666667,1,2,phishing,1
5075.0,0,0.558139535,0.441860465,11.11111111,0.375,35,0.0,4,8,15,5.0,1,3,legitimate,0
834.0,0,0.0,0.0,0.0,0.0,66,0.0,6,18,47,4.5,1,0,phishing,1
5075.0,0,0.211180124,0.7888198759999999,47.22222222,0.205882353,27,0.0,3,8,15,2.0,0,4,legitimate,0
6150.0,0,0.75,0.25,0.0,0.0,26,0.0,2,9,17,0.0,1,3,legitimate,0
7295.0,0,0.928571429,0.071428571,14.28571429,0.846153846,33,0.03030303,2,13,26,0.0,1,0,phishing,1
6061.0,0,0.0,0.0,0.0,0.0,27,0.074074074,3,7,15,3.0,1,3,phishing,1
6558.0,0,0.402439024,0.597560976,35.13513514,0.818181818,50,0.0,6,11,22,4.25,1,1,phishing,1
2352.0,0,0.931034483,0.068965517,6.024096386,0.133333333,21,0.047619048,2,6,6,6.0,1,1,phishing,1
477.0,0,0.034482759,0.965517241,0.0,0.0,54,0.055555556,7,9,17,4.8,1,3,phishing,1
774.0,1,0.0,0.0,0.0,0.0,36,0.138888889,3,10,13,6.5,1,1,phishing,1
44.0,0,0.576923077,0.423076923,62.5,0.016666667,21,0.0,2,5,12,0.0,0,0,legitimate,0
3993.0,0,0.0,1.0,100.0,0.0,128,0.140625,13,17,50,7.375,1,3,phishing,1
5859.0,0,0.5,0.5,57.14285714,0.0,21,0.238095238,2,5,14,0.0,0,0,legitimate,0
2864.0,0,0.058823529,0.941176471,100.0,0.0,27,0.0,1,17,20,0.0,1,0,legitimate,0
8104.0,0,0.263157895,0.736842105,80.0,0.0,25,0.0,2,9,17,0.0,0,3,legitimate,0
1546.0,0,0.735849057,0.264150943,33.33333333,0.0,46,0.130434783,4,13,25,6.0,1,6,phishing,1
5075.0,0,0.236363636,0.763636364,22.22222222,0.076923077,23,0.0,1,12,16,0.0,1,1,legitimate,0
5075.0,0,0.911764706,0.088235294,0.0,0.161290323,51,0.0,7,8,10,5.6,1,0,legitimate,0
8346.0,0,0.368421053,0.6315789470000001,28.57142857,0.285714286,42,0.0,6,6,17,3.25,0,1,legitimate,0
5616.0,0,0.818181818,0.181818182,25.0,0.166666667,67,0.059701493,8,15,39,9.5,1,2,phishing,1
685.0,3,0.0,1.0,100.0,0.0,44,0.0,5,8,20,4.666666667,1,0,phishing,1
5075.0,0,0.0,0.0,0.0,0.0,96,0.28125,6,59,20,22.0,1,4,phishing,1
626.0,0,0.692307692,0.307692308,0.0,0.0,32,0.0,3,13,17,2.5,1,1,phishing,1
7586.0,0,0.005128205,0.994871795,93.75,0.0,44,0.0,4,14,22,6.5,1,4,legitimate,0
7295.0,0,0.9,0.1,33.33333333,0.7777777779999999,30,0.066666667,2,9,22,0.0,1,0,phishing,1
7160.0,0,0.056603774,0.943396226,88.63636364,0.8888888890000001,43,0.139534884,6,8,14,4.5,1,1,legitimate,0
1535.0,0,0.454545455,0.545454545,0.0,0.4,41,0.073170732,3,13,33,0.0,1,5,phishing,1
5075.0,1,0.0,0.0,0.0,0.0,45,0.0,6,10,8,4.8,1,1,phishing,1
8165.0,0,0.254237288,0.745762712,40.90909091,0.533333333,27,0.0,2,7,18,0.0,0,3,legitimate,0
8493.0,0,0.209876543,0.7901234570000001,20.0,0.058823529,24,0.0,2,8,16,0.0,0,3,legitimate,0
3826.0,0,0.7760617759999999,0.223938224,14.40677966,0.034825871,119,0.159663866,15,20,11,6.214285714,0,5,phishing,1
7298.0,0,0.948717949,0.051282051,18.18181818,0.378378378,36,0.0,2,16,29,0.0,1,1,legitimate,0
7400.0,0,0.105714286,0.894285714,88.20754717,0.297297297,25,0.0,2,9,17,0.0,0,4,legitimate,0
5160.0,0,0.183333333,0.816666667,78.43137255,0.090909091,42,0.0,3,18,29,1.0,1,1,legitimate,0
5075.0,0,0.166666667,0.833333333,18.18181818,0.481481481,36,0.0,2,20,27,0.0,0,3,legitimate,0
9984.0,0,0.0,1.0,0.0,0.0,29,0.0,4,4,11,4.0,0,3,legitimate,0
7282.0,0,0.923076923,0.076923077,7.142857143,0.041666667,62,0.0,10,5,11,3.666666667,1,0,phishing,1
9103.0,0,0.1,0.9,74.28571429,0.222222222,36,0.0,4,8,21,6.0,1,4,legitimate,0
5075.0,1,0.0,0.0,0.0,0.0,75,0.146666667,14,11,14,5.8,1,3,phishing,1
5789.0,0,0.966666667,0.033333333,0.0,0.24137931,33,0.060606061,2,10,25,0.0,1,0,phishing,1
3555.0,0,0.0,0.0,0.0,0.0,31,0.0,3,10,18,4.0,0,3,legitimate,0
5075.0,0,0.0,1.0,100.0,0.0,67,0.268656716,5,32,14,14.0,1,5,phishing,1
8018.0,0,0.884615385,0.115384615,0.0,0.0,140,0.028571429,15,46,32,7.166666667,1,1,phishing,1
3993.0,0,0.0,1.0,100.0,0.0,128,0.203125,13,17,50,7.375,1,4,phishing,1
6986.0,0,0.05,0.95,72.72727273,0.0,72,0.0,9,8,23,5.666666667,1,4,legitimate,0
217.0,0,0.02173913,0.97826087,33.33333333,0.0,98,0.12244898,3,75,11,39.0,1,10,phishing,1
959.0,0,0.0,0.0,0.0,0.0,84,0.083333333,12,10,20,4.6,1,1,phishing,1
5075.0,0,0.185185185,0.814814815,66.66666667,0.0,20,0.0,2,4,11,0.0,0,3,legitimate,0
8145.0,0,0.327777778,0.672222222,90.90909091,0.13559322,49,0.0,6,10,17,5.25,0,3,legitimate,0
3374.0,0,0.970588235,0.029411765,33.33333333,0.03030303,24,0.0,2,7,17,0.0,1,0,phishing,1
5066.0,0,0.083333333,0.916666667,58.33333333,0.8,22,0.090909091,2,7,14,0.0,0,3,legitimate,0
2048.0,3,0.621621622,0.378378378,50.0,0.260869565,63,0.047619048,6,22,26,5.0,1,0,phishing,1
7296.0,0,0.951923077,0.048076923,12.0,0.575757576,28,0.0,2,8,20,0.0,1,0,legitimate,0
5117.0,0,0.196078431,0.8039215690000001,0.0,0.05,54,0.037037037,8,9,12,4.666666667,0,4,legitimate,0
6860.0,0,0.0,1.0,0.0,0.0,35,0.0,3,10,18,8.0,1,3,legitimate,0
7562.0,0,0.233502538,0.766497462,64.28571429,0.52173913,56,0.107142857,5,11,19,8.333333332999999,0,4,legitimate,0
5075.0,1,0.63803681,0.36196319,9.473684211,0.230769231,73,0.0,10,9,10,5.0,1,2,phishing,1
5075.0,0,0.024390244,0.975609756,50.0,0.333333333,20,0.0,2,4,11,0.0,0,3,legitimate,0
2199.0,2,0.0,1.0,100.0,0.0,63,0.0,6,19,23,5.4,1,0,phishing,1
5075.0,0,0.003236246,0.996763754,0.0,0.0,16,0.0,2,3,9,0.0,0,1,legitimate,0
94.0,0,0.363636364,0.636363636,100.0,0.5,26,0.0,2,11,18,0.0,0,4,legitimate,0
7130.0,0,0.048879837,0.951120163,72.09302326,0.0,39,0.0,5,9,18,5.5,0,0,legitimate,0
8264.0,0,0.976190476,0.023809524,0.0,0.902439024,42,0.0,5,9,17,5.0,1,3,legitimate,0
3873.0,0,0.118421053,0.8815789470000001,78.94736842,0.111111111,33,0.0,2,16,24,0.0,1,4,legitimate,0
5576.0,0,0.0,1.0,0.0,0.0,34,0.0,4,8,13,6.0,1,3,legitimate,0
5075.0,0,0.0,1.0,100.0,0.0,70,0.0,7,10,14,7.166666667,1,0,legitimate,0
7448.0,0,0.0,0.0,0.0,0.0,80,0.125,9,14,34,5.333333333,1,2,legitimate,0
5627.0,0,0.80952381,0.19047619,25.0,0.294117647,64,0.21875,8,18,35,4.25,1,2,phishing,1
4283.0,0,0.641025641,0.358974359,28.0,0.12,30,0.0,2,14,22,0.0,1,3,legitimate,0
3992.0,0,0.0,1.0,100.0,0.0,126,0.182539683,12,17,50,8.142857142999999,1,2,phishing,1
217.0,1,0.02173913,0.97826087,33.33333333,0.0,98,0.112244898,3,75,11,39.0,1,2,phishing,1
3461.0,0,0.185185185,0.814814815,33.33333333,0.066666667,61,0.0,6,10,12,7.2,1,0,legitimate,0
7296.0,0,0.7142857140000001,0.285714286,0.0,0.0,69,0.057971014,2,17,30,0.0,1,0,phishing,1
7912.0,0,0.050505051,0.949494949,50.0,0.0,75,0.08,10,9,15,5.5,0,3,legitimate,0
5484.0,0,0.157232704,0.8427672959999999,33.33333333,0.32,77,0.1558441559999999,12,8,12,4.181818182,1,3,legitimate,0
4621.0,0,0.01843318,0.98156682,76.92307692,0.25,68,0.014705882,8,12,29,5.4,1,3,legitimate,0
560.0,0,0.0,0.0,0.0,0.0,25,0.0,3,4,17,0.0,1,0,phishing,1
5522.0,0,0.344827586,0.655172414,0.0,0.3,86,0.093023256,16,10,14,3.2,0,1,legitimate,0
2113.0,1,0.384615385,0.615384615,0.0,0.35,85,0.258823529,7,32,15,9.5,1,9,phishing,1
5075.0,0,0.0,0.0,0.0,0.0,50,0.06,5,13,17,7.666666667,1,3,phishing,1
3993.0,0,0.0,1.0,100.0,0.0,76,0.118421053,7,15,50,8.5,1,3,phishing,1
7295.0,0,0.928571429,0.071428571,14.28571429,0.846153846,31,0.064516129,2,11,24,0.0,1,0,phishing,1
5627.0,0,0.444444444,0.5555555560000001,25.0,0.625,81,0.209876543,10,14,49,4.75,1,3,phishing,1
17.0,0,0.576923077,0.423076923,0.0,0.066666667,45,0.022222222,4,9,22,6.0,1,0,phishing,1
5136.0,0,0.363636364,0.636363636,0.0,0.0,70,0.071428571,10,10,16,4.875,1,0,phishing,1
5075.0,0,0.0,1.0,0.0,0.0,17,0.117647059,2,3,6,3.0,0,0,phishing,1
5075.0,1,0.561983471,0.438016529,28.20512821,0.058823529,43,0.0,3,18,29,5.0,1,3,legitimate,0
3480.0,1,0.125,0.875,33.33333333,1.0,59,0.0,7,12,20,5.0,1,3,legitimate,0
1744.0,2,0.0,1.0,0.0,0.0,37,0.0,3,13,17,5.0,1,0,phishing,1
8759.0,0,0.0,0.0,0.0,0.0,89,0.08988764,12,10,20,5.2,1,3,legitimate,0
7327.0,0,0.067961165,0.932038835,0.0,0.285714286,32,0.0,2,13,24,0.0,1,1,phishing,1
1064.0,0,0.093023256,0.906976744,33.33333333,0.5,99,0.0,11,17,16,7.222222222,1,4,phishing,1
2452.0,0,0.7777777779999999,0.222222222,0.0,0.69047619,32,0.0,2,10,14,10.0,0,0,legitimate,0
5075.0,0,0.285714286,0.7142857140000001,33.33333333,0.0,22,0.045454545,2,7,6,7.0,1,1,phishing,1
5638.0,0,0.527272727,0.472727273,0.0,0.137931034,32,0.03125,4,7,15,3.5,0,3,legitimate,0
3927.0,1,0.0,1.0,100.0,0.0,37,0.027027027,2,15,29,0.0,1,0,phishing,1
5075.0,1,0.0,1.0,100.0,0.0,46,0.043478261,4,10,20,8.0,1,0,phishing,1
5301.0,0,0.0,0.0,0.0,0.0,52,0.115384615,6,10,18,5.25,1,3,phishing,1
5985.0,0,0.0,0.0,0.0,0.0,54,0.111111111,8,7,14,4.5,1,4,legitimate,0
175.0,0,0.1,0.9,0.0,0.0,72,0.291666667,8,12,20,6.333333333,0,3,legitimate,0
1943.0,2,0.0,0.0,0.0,0.0,40,0.0,5,8,12,4.25,1,0,phishing,1
1986.0,0,0.272727273,0.727272727,88.57142857,0.266666667,23,0.0,2,6,14,0.0,0,3,legitimate,0
531.0,3,0.1,0.9,0.0,0.0,135,0.177777778,17,17,25,5.8,0,5,phishing,1
7420.0,0,1.0,0.0,0.0,0.0,43,0.0,6,7,13,4.5,0,3,legitimate,0
2345.0,0,0.178082192,0.8219178079999999,46.15384615,0.384615385,55,0.0,4,11,26,9.5,0,0,legitimate,0
1113.0,0,0.275862069,0.7241379309999999,25.0,0.25,140,0.257142857,21,16,26,4.473684211,1,8,phishing,1
7052.0,0,0.530864198,0.4691358020000001,10.52631579,0.139534884,42,0.119047619,5,11,19,4.333333333,1,3,legitimate,0
4880.0,0,0.054054054,0.945945946,0.0,0.25,29,0.0,2,12,20,0.0,0,3,legitimate,0
11554.0,0,0.0,1.0,100.0,0.0,77,0.1558441559999999,12,8,15,4.4,1,1,legitimate,0
1890.0,0,0.086419753,0.913580247,28.57142857,0.285714286,28,0.0,2,11,19,0.0,1,3,legitimate,0
3756.0,1,0.0,0.0,0.0,0.0,46,0.043478261,4,20,24,4.0,1,3,phishing,1
2208.0,0,0.322580645,0.677419355,0.0,0.0,27,0.074074074,2,10,18,0.0,0,3,legitimate,0
5138.0,2,0.311111111,0.688888889,46.66666667,0.071428571,42,0.0,6,7,11,3.8,1,1,phishing,1
8152.0,0,0.146596859,0.8534031409999999,85.71428571,0.035714286,44,0.0,5,10,13,6.666666667,0,2,legitimate,0
8520.0,0,0.388888889,0.611111111,66.66666667,0.047619048,47,0.0,5,11,18,9.5,1,1,legitimate,0
5616.0,0,0.772727273,0.227272727,100.0,0.0,44,0.113636364,4,18,35,0.0,1,1,phishing,1
6062.0,0,0.0,1.0,0.0,0.0,29,0.0,2,13,21,0.0,1,4,legitimate,0
8516.0,0,0.622516556,0.377483444,100.0,0.0,35,0.0,3,10,16,10.0,0,4,legitimate,0
1546.0,0,0.774193548,0.225806452,4.347826087,0.125,46,0.065217391,2,20,38,0.0,1,4,phishing,1
5075.0,0,0.0,0.0,0.0,0.0,50,0.0,7,9,9,4.5,1,1,phishing,1
4398.0,3,0.0,0.0,0.0,0.0,72,0.0,8,17,21,5.1428571430000005,1,3,phishing,1
5075.0,0,0.0172413789999999,0.982758621,50.0,0.0,18,0.0,1,4,11,0.0,1,0,legitimate,0
4040.0,0,0.182926829,0.817073171,14.70588235,0.966666667,44,0.022727273,5,12,23,3.666666667,1,3,phishing,1
1581.0,2,0.0,0.0,0.0,0.0,50,0.08,2,25,42,0.0,1,1,phishing,1
5041.0,0,0.154639175,0.845360825,44.44444444,0.0,79,0.0,8,19,27,6.5,1,3,legitimate,0
8019.0,0,0.884615385,0.115384615,0.0,0.0,145,0.110344828,15,40,36,7.25,1,6,phishing,1
5111.0,1,0.9,0.1,1.25,0.177777778,112,0.0625,17,11,25,4.571428571,0,3,legitimate,0
1302.0,0,0.434782609,0.565217391,0.0,0.05,48,0.0,5,10,13,6.0,1,0,phishing,1
5627.0,0,0.818181818,0.181818182,25.0,0.277777778,57,0.0,8,9,40,4.0,1,1,phishing,1
5075.0,0,0.011061947,0.988938053,83.33333333,0.6,21,0.0,2,5,12,0.0,0,3,legitimate,0
5075.0,0,0.0,0.0,0.0,0.0,62,0.048387097,9,10,11,4.5,1,0,legitimate,0
5075.0,3,0.0,1.0,0.0,0.0,58,0.051724138,5,23,30,4.333333333,1,4,phishing,1
6663.0,0,0.0,1.0,100.0,0.0,99,0.323232323,10,13,20,8.0,1,5,legitimate,0
5075.0,0,0.7142857140000001,0.285714286,0.0,0.0,77,0.0,6,19,26,7.8,1,2,phishing,1
10674.0,0,0.083333333,0.916666667,50.0,0.333333333,54,0.111111111,7,9,18,4.6,0,1,legitimate,0
2177.0,0,0.227272727,0.772727273,42.85714286,0.142857143,24,0.0,1,9,15,0.0,0,0,legitimate,0
302.0,0,0.166666667,0.833333333,77.77777778,0.0,37,0.027027027,6,9,16,2.5,1,3,phishing,1
7505.0,0,0.102272727,0.897727273,60.0,0.666666667,27,0.0,2,10,18,0.0,0,3,legitimate,0
3992.0,0,0.0,1.0,100.0,0.0,127,0.125984252,13,17,50,7.375,1,4,phishing,1
3993.0,0,0.0,1.0,100.0,0.0,119,0.067226891,12,17,42,7.375,1,3,phishing,1
5160.0,0,0.6,0.4,0.0,0.666666667,35,0.0,3,11,22,1.0,0,1,legitimate,0
2961.0,4,0.0,1.0,0.0,0.0,396,0.186868687,58,14,68,5.666666667,1,6,phishing,1
724.0,1,0.0,1.0,100.0,0.0,114,0.201754386,15,32,37,7.625,1,5,phishing,1
5160.0,0,0.0,1.0,0.0,0.0,41,0.0,3,17,28,1.0,1,0,legitimate,0
7339.0,0,0.023255814,0.976744186,0.0,0.0,72,0.0,8,10,15,7.166666667,1,3,legitimate,0
3040.0,0,0.243902439,0.7560975609999999,0.0,0.0,79,0.050632911,11,13,21,4.555555556,1,3,legitimate,0
7729.0,0,0.0,0.0,0.0,0.0,51,0.0,6,7,17,5.5,1,3,phishing,1
5075.0,1,0.516129032,0.483870968,0.0,0.4375,159,0.339622642,14,22,17,9.384615385,1,3,phishing,1
5075.0,0,0.0,0.0,0.0,0.0,31,0.0,3,7,14,4.0,1,1,phishing,1
5075.0,0,0.516129032,0.483870968,11.11111111,0.25,33,0.0,2,13,24,0.0,1,3,legitimate,0
3620.0,0,0.0,0.0,0.0,0.0,18,0.0,2,4,7,2.0,1,0,phishing,1
5075.0,0,0.074626866,0.925373134,28.57142857,1.0,22,0.0,2,3,13,0.0,1,3,legitimate,0
3241.0,0,0.470588235,0.529411765,60.0,0.125,25,0.12,2,8,16,0.0,1,3,legitimate,0
2364.0,0,0.226190476,0.773809524,42.85714286,0.105263158,45,0.0,2,28,36,0.0,1,4,legitimate,0
6904.0,0,0.372340426,0.6276595739999999,10.60606061,0.014285714,44,0.045454545,4,13,21,7.0,1,4,legitimate,0
5075.0,0,0.050632911,0.949367089,50.0,0.0,23,0.0,2,7,14,0.0,0,3,legitimate,0
1338.0,0,0.0,1.0,0.0,0.0,44,0.181818182,4,11,25,4.5,0,1,phishing,1
7634.0,0,0.243243243,0.756756757,0.0,0.0,51,0.0,2,29,43,0.0,1,61,phishing,1
2130.0,0,0.379310345,0.620689655,78.94736842,0.045454545,46,0.0,4,10,31,6.0,1,0,legitimate,0
8519.0,0,0.377358491,0.622641509,80.0,0.0,32,0.0,3,8,16,7.0,1,5,legitimate,0
4209.0,1,0.666666667,0.333333333,23.07692308,0.125,78,0.0,7,14,18,9.2,1,3,legitimate,0
2188.0,1,0.0,0.0,0.0,0.0,26,0.0,2,9,13,5.0,1,0,phishing,1
5075.0,0,0.064516129,0.935483871,100.0,0.0,35,0.0,1,20,26,0.0,1,0,legitimate,0
6038.0,0,0.092592593,0.907407407,0.0,0.9,51,0.0,6,10,18,5.5,0,4,legitimate,0
6510.0,0,0.130434783,0.869565217,66.66666667,0.666666667,28,0.0,2,10,21,0.0,1,0,legitimate,0
1546.0,1,0.727272727,0.272727273,4.347826087,0.125,52,0.096153846,7,13,35,4.0,1,4,phishing,1
2348.0,0,0.251851852,0.748148148,53.33333333,0.5,40,0.025,4,10,26,2.0,0,0,legitimate,0
6598.0,0,1.0,0.0,0.0,0.0,40,0.0,5,6,14,5.0,1,3,legitimate,0
5643.0,0,0.0,1.0,100.0,0.0,49,0.0,4,17,23,5.0,1,5,phishing,1
5075.0,1,0.0,1.0,100.0,0.0,115,0.217391304,7,43,14,17.4,1,8,phishing,1
5228.0,0,0.0,0.0,0.0,0.0,55,0.254545455,10,8,16,3.0,1,1,legitimate,0
85.0,0,0.307692308,0.692307692,100.0,0.0,37,0.0,2,20,28,0.0,0,4,legitimate,0
5904.0,0,0.339285714,0.660714286,15.38461538,0.578947368,25,0.0,2,7,18,0.0,1,0,legitimate,0
3841.0,0,0.284132841,0.7158671590000001,7.228915662999999,0.649350649,48,0.0,5,9,11,6.5,0,3,legitimate,0
8520.0,0,0.377358491,0.622641509,80.0,0.0,42,0.0,3,17,16,17.0,1,4,legitimate,0
50.0,0,0.1,0.9,22.22222222,0.636363636,27,0.0,2,11,19,0.0,1,3,legitimate,0
534.0,0,0.0,0.0,0.0,0.0,48,0.020833333,5,11,19,6.0,1,4,phishing,1
7299.0,0,0.614035088,0.3859649120000001,64.0,0.142857143,32,0.0,2,11,24,0.0,1,1,legitimate,0
5075.0,1,1.0,0.0,0.0,0.0,39,0.0,3,14,30,0.0,1,1,phishing,1
5551.0,0,0.127272727,0.872727273,63.41463415,0.0,33,0.090909091,3,8,16,8.0,1,3,legitimate,0
5160.0,0,0.142857143,0.857142857,0.0,0.5,28,0.0,2,10,21,0.0,1,0,legitimate,0
687.0,1,0.404958678,0.595041322,0.0,0.081632653,83,0.048192771,8,15,19,6.857142857,1,1,phishing,1
5509.0,0,0.037914692,0.962085308,68.0,0.75,51,0.098039216,4,18,21,10.0,0,3,legitimate,0
6697.0,0,0.061776062,0.938223938,0.0,0.0625,58,0.0,7,10,18,5.6,1,3,legitimate,0
5182.0,0,0.0,0.0,0.0,0.0,112,0.035714286,17,9,16,4.933333333,1,5,legitimate,0
2838.0,0,0.2,0.8,75.0,0.0,35,0.0,3,11,27,0.0,1,1,phishing,1
7754.0,0,0.108433735,0.891566265,40.0,0.111111111,62,0.0,7,14,22,5.6,1,3,legitimate,0
4609.0,4,0.666666667,0.333333333,0.0,0.0,101,0.0,13,14,21,5.6363636360000005,1,5,phishing,1
6337.0,0,0.329545455,0.670454545,1.694915254,0.051724138,57,0.0,6,9,21,6.0,0,1,legitimate,0
4943.0,1,1.0,0.0,0.0,0.181818182,64,0.0,9,8,17,4.571428571,1,3,phishing,1
5075.0,0,0.072072072,0.927927928,72.0,0.25,71,0.0,7,11,19,7.8,0,6,legitimate,0
6259.0,0,0.132075472,0.867924528,53.33333333,0.035714286,45,0.0,3,17,25,12.0,1,4,legitimate,0
5075.0,0,0.058282209,0.941717791,50.0,0.210526316,22,0.0,2,6,13,0.0,0,4,legitimate,0
6206.0,1,0.173469388,0.826530612,60.0,0.117647059,210,0.028571429,33,13,21,4.741935484,0,8,phishing,1
5075.0,2,0.02173913,0.97826087,33.33333333,0.0,56,0.196428571,11,17,14,6.142857143,1,2,phishing,1
2018.0,3,0.0,1.0,100.0,0.0,206,0.3495145629999999,12,64,12,16.0,0,14,phishing,1
5075.0,0,0.0,0.0,0.0,0.0,20,0.0,2,6,13,0.0,1,0,legitimate,0
2346.0,0,0.52173913,0.47826087,100.0,0.0,25,0.0,2,6,17,0.0,0,3,legitimate,0
9200.0,0,0.138297872,0.861702128,37.5,0.076923077,49,0.0,5,10,18,7.0,0,3,legitimate,0
279.0,0,0.0,1.0,0.0,0.0,41,0.024390244,4,11,14,5.666666667,0,0,legitimate,0
8217.0,0,0.115151515,0.884848485,63.46153846,0.947368421,125,0.0,14,12,20,7.166666667,0,3,legitimate,0
2204.0,1,0.0,1.0,100.0,0.0,68,0.323529412,9,15,28,5.6,1,2,phishing,1
6515.0,0,0.22826087,0.77173913,16.66666667,0.476190476,26,0.0,2,11,19,0.0,1,3,legitimate,0
7535.0,0,0.282051282,0.7179487179999999,21.42857143,0.272727273,22,0.0,2,5,13,0.0,0,3,legitimate,0
395.0,1,0.142857143,0.857142857,0.0,1.0,74,0.013513514,9,16,20,4.875,1,1,phishing,1
5613.0,0,0.5301204820000001,0.469879518,56.92307692,0.363636364,51,0.0,6,16,33,4.0,1,2,phishing,1
4255.0,0,0.015625,0.984375,94.33962264,0.142857143,47,0.042553191,5,9,11,6.0,1,1,legitimate,0
7417.0,1,0.042253521,0.957746479,28.57142857,0.166666667,51,0.0,4,18,26,7.5,1,3,phishing,1
5075.0,0,0.198312236,0.8016877640000001,10.41666667,0.085106383,50,0.0,2,23,42,0.0,1,1,legitimate,0
10158.0,0,0.0,0.0,0.0,0.0,84,0.25,12,12,15,5.1,1,4,legitimate,0
5075.0,0,0.857142857,0.142857143,0.0,0.4166666670000001,50,0.0,5,12,24,5.333333333,0,0,legitimate,0
6714.0,0,0.388059701,0.611940299,24.0,0.115384615,49,0.0,6,9,18,4.75,1,0,legitimate,0
7765.0,0,1.0,0.0,0.0,0.0,132,0.022727273,7,80,16,20.6,1,41,phishing,1
1656.0,0,0.411764706,0.588235294,100.0,0.095238095,126,0.341269841,12,32,61,8.666666667000001,1,5,phishing,1
5095.0,0,0.0,1.0,0.0,0.0,44,0.0,4,10,18,8.0,1,3,legitimate,0
8571.0,0,0.373134328,0.626865672,7.692307692000001,0.0,50,0.0,5,14,22,6.0,1,3,legitimate,0
7296.0,0,0.8,0.2,32.58426966,0.52173913,30,0.0,2,9,22,0.0,1,0,legitimate,0
1759.0,0,0.6,0.4,0.0,0.0,31,0.0,2,15,23,0.0,1,3,legitimate,0
7586.0,0,0.004366812,0.995633188,95.65217391,0.0,34,0.0,3,14,22,4.0,1,3,legitimate,0
684.0,2,0.3,0.7,25.0,0.5,42,0.0,5,9,13,4.5,1,2,phishing,1
5075.0,0,0.0,0.0,0.0,0.0,95,0.010526316,10,20,56,9.666666667,1,2,phishing,1
570.0,0,0.0,0.0,0.0,0.0,39,0.025641026,5,14,22,2.333333333,1,3,phishing,1
5075.0,0,0.142857143,0.857142857,100.0,0.125,19,0.0,1,7,10,0.0,0,1,legitimate,0
7617.0,0,0.397590361,0.602409639,80.64516129,0.03030303,59,0.0,5,13,28,7.0,1,0,legitimate,0
5616.0,0,0.80952381,0.19047619,25.0,0.176470588,45,0.022222222,6,10,27,4.0,1,1,phishing,1
4926.0,0,0.058823529,0.941176471,33.33333333,0.5,63,0.031746032,6,13,21,7.5,1,3,phishing,1
985.0,0,0.238095238,0.761904762,0.0,0.2,501,0.143712575,22,104,25,22.4,1,15,phishing,1
5075.0,1,0.0,0.0,0.0,0.0,61,0.131147541,8,9,20,4.5,1,3,phishing,1
9098.0,0,0.0,0.0,0.0,0.0,94,0.29787234,13,12,11,5.909090909,1,5,legitimate,0
5075.0,0,0.008547009,0.991452991,96.15384615,1.0,38,0.0,6,5,11,3.75,1,3,legitimate,0
3486.0,0,0.34375,0.65625,73.68421053,0.0,29,0.0,1,16,22,0.0,1,0,legitimate,0
1628.0,0,0.0,1.0,100.0,0.0,75,0.226666667,10,16,31,11.33333333,1,5,phishing,1
4284.0,0,0.16,0.84,50.0,0.25,49,0.0,2,33,41,0.0,1,4,legitimate,0
7299.0,0,1.0,0.0,0.0,0.666666667,44,0.0,2,22,35,0.0,1,0,legitimate,0
9204.0,0,0.266666667,0.7333333329999999,19.35483871,0.392857143,45,0.0,4,12,18,9.0,0,3,legitimate,0
5572.0,0,0.0,1.0,0.0,0.0,35,0.0,4,9,13,6.5,1,4,legitimate,0
4170.0,0,0.166666667,0.833333333,0.0,0.0,57,0.140350877,9,8,17,3.571428571,0,3,legitimate,0
9085.0,1,0.0,0.0,0.0,0.0,85,0.0,12,11,12,5.5,1,4,legitimate,0
3333.0,4,0.0,1.0,100.0,0.0,194,0.097938144,33,15,19,4.21875,1,2,phishing,1
7083.0,0,1.0,0.0,0.0,0.0,40,0.0,4,11,31,0.0,1,0,phishing,1
5249.0,0,0.25,0.75,66.66666667,0.0,63,0.0,6,16,24,6.5,1,3,legitimate,0
5927.0,3,0.0,0.0,0.0,0.0,75,0.0,10,9,8,5.666666667,1,2,phishing,1
7133.0,0,0.0808080809999999,0.919191919,73.33333333,0.5,59,0.0,6,13,16,7.75,0,0,legitimate,0
5075.0,0,0.666666667,0.333333333,0.0,0.0,74,0.0,6,12,18,8.6,1,1,phishing,1
5075.0,0,0.030150754,0.969849246,20.0,0.833333333,27,0.0,2,10,18,0.0,1,3,legitimate,0
5055.0,1,0.0,0.0,0.0,0.0,47,0.0,4,11,14,7.333333333,1,0,phishing,1
8348.0,1,1.0,0.0,0.0,0.0,70,0.1,7,18,16,8.2,0,2,phishing,1
7764.0,0,1.0,0.0,0.0,0.0,132,0.045454545,8,40,16,17.0,1,41,phishing,1
5347.0,0,0.493055556,0.5069444439999999,87.5,0.051643192,32,0.0,2,13,23,0.0,1,0,legitimate,0
5075.0,0,0.727272727,0.272727273,0.0,0.0,21,0.142857143,2,7,6,7.0,1,0,phishing,1
7122.0,0,0.225,0.775,49.29577465,0.444444444,54,0.037037037,6,10,24,4.5,1,0,legitimate,0
5616.0,0,0.80952381,0.19047619,25.0,0.176470588,146,0.130136986,11,38,24,15.42857143,1,13,phishing,1
4484.0,0,0.222222222,0.7777777779999999,0.0,0.0,37,0.162162162,2,14,29,0.0,1,1,phishing,1
2600.0,0,0.316129032,0.683870968,0.0,0.183673469,26,0.0,2,10,17,0.0,0,4,legitimate,0
3078.0,2,1.0,0.0,0.0,0.222222222,98,0.255102041,7,32,19,13.2,1,2,phishing,1
5075.0,0,0.392857143,0.607142857,0.0,0.090909091,28,0.0,2,12,19,0.0,0,4,legitimate,0
2575.0,0,0.198473282,0.801526718,16.66666667,0.384615385,22,0.0,1,6,13,0.0,1,1,legitimate,0
2131.0,0,0.430379747,0.569620253,50.0,0.029411765,24,0.0,2,9,16,0.0,0,3,legitimate,0
5852.0,0,1.0,0.0,0.0,0.266666667,23,0.0,2,7,16,0.0,1,0,phishing,1
5075.0,0,0.635714286,0.364285714,9.574468085,0.04494382,34,0.0,3,11,25,0.0,1,3,legitimate,0
2442.0,0,0.041666667,0.958333333,33.33333333,0.142857143,28,0.0,2,13,20,0.0,1,3,legitimate,0
5075.0,0,0.3666666670000001,0.6333333329999999,14.28571429,0.272727273,32,0.0,2,15,23,0.0,1,3,legitimate,0
2996.0,1,0.0,1.0,100.0,0.0,78,0.0,10,11,15,5.875,1,5,phishing,1
1144.0,1,0.034482759,0.965517241,75.0,0.0,51,0.0,7,9,15,4.8,1,4,phishing,1
8516.0,0,0.655462185,0.344537815,100.0,0.0,39,0.0,4,12,18,12.0,0,1,legitimate,0
7299.0,0,0.869565217,0.130434783,7.246376812,0.44,47,0.0,2,26,39,0.0,1,1,legitimate,0
6301.0,0,0.487179487,0.512820513,0.0,0.105263158,102,0.0,12,16,24,6.0,1,5,legitimate,0
2306.0,0,0.0,0.0,0.0,0.0,33,0.0,2,19,22,2.0,1,1,phishing,1
7766.0,0,0.0,0.0,0.0,0.0,147,0.496598639,5,112,22,57.0,1,7,phishing,1
1323.0,2,0.0,0.0,0.0,0.0,252,0.273809524,21,62,150,10.625,1,3,phishing,1
9286.0,0,0.327272727,0.672727273,18.75,0.5555555560000001,104,0.076923077,17,11,13,4.6,1,7,legitimate,0
7130.0,0,0.049773756,0.950226244,74.80916031,0.606060606,46,0.0,5,9,16,6.333333333,0,0,legitimate,0
7586.0,0,0.004484305,0.995515695,98.21428571,0.0,37,0.0,3,14,22,7.0,1,3,legitimate,0
7449.0,0,0.0,0.0,0.0,0.0,87,0.114942529,11,12,31,5.0,1,2,legitimate,0
4577.0,0,0.02739726,0.97260274,68.42105263,0.125,29,0.0,3,6,16,4.0,1,3,legitimate,0
5883.0,0,0.044776119,0.955223881,93.23308271,0.25,58,0.0,8,8,15,5.0,1,3,legitimate,0
7451.0,0,0.090909091,0.909090909,0.0,0.75,34,0.0,2,17,25,0.0,1,6,legitimate,0
3925.0,0,0.263157895,0.736842105,66.66666667,0.8,27,0.0,1,15,19,0.0,1,0,phishing,1
5069.0,0,0.204545455,0.795454545,33.33333333,0.0,47,0.042553191,6,8,15,5.0,0,3,legitimate,0
4003.0,0,0.0,1.0,100.0,0.0,68,0.147058824,6,15,42,8.5,1,1,phishing,1
5.0,0,0.0,1.0,100.0,0.0,21,0.0,1,8,12,0.0,1,1,phishing,1
216.0,0,0.142857143,0.857142857,0.0,1.0,183,0.224043716,25,39,37,5.571428571,1,10,phishing,1
2695.0,0,0.6,0.4,0.0,0.0,72,0.0,9,10,19,5.571428571,1,3,phishing,1
7295.0,0,0.916666667,0.083333333,33.33333333,0.818181818,41,0.0,2,19,32,0.0,1,0,phishing,1
3360.0,0,0.028061224,0.971938776,98.59649123,0.272727273,35,0.0,2,19,27,0.0,1,3,legitimate,0
8347.0,1,0.642857143,0.357142857,0.0,0.0,114,0.043859649,13,29,15,7.272727272999999,1,3,phishing,1
5970.0,0,0.075757576,0.924242424,80.0,0.2,48,0.0,5,14,22,5.333333333,1,3,legitimate,0
1492.0,0,0.1785714289999999,0.8214285709999999,0.0,0.4,188,0.260638298,21,40,11,7.45,1,8,phishing,1
5075.0,0,0.666666667,0.333333333,20.0,0.0,27,0.0,2,12,19,0.0,1,3,legitimate,0
3993.0,0,0.0,1.0,100.0,0.0,69,0.144927536,6,15,42,8.5,1,3,phishing,1
6856.0,0,0.152317881,0.847682119,16.66666667,0.043478261,61,0.032786885,7,15,23,5.2,1,5,legitimate,0
88.0,0,0.75862069,0.24137931,4.545454545,0.1363636359999999,46,0.065217391,5,9,38,0.0,1,2,phishing,1
7296.0,0,0.482142857,0.517857143,62.12121212,0.543209877,28,0.0,2,8,19,0.0,1,0,legitimate,0
7488.0,0,0.48,0.52,0.0,0.0,34,0.0,2,14,11,14.0,1,1,legitimate,0
5615.0,0,0.80952381,0.19047619,25.0,0.176470588,55,0.072727273,6,15,26,9.5,1,1,phishing,1
5075.0,0,0.0,0.0,0.0,0.0,28,0.0,2,7,14,5.0,1,0,phishing,1
3515.0,0,0.1578947369999999,0.842105263,90.90909091,0.266666667,50,0.0,4,16,24,8.0,1,3,legitimate,0
3386.0,0,0.0,0.0,0.0,0.0,71,0.169014085,10,17,12,4.777777778,1,1,phishing,1
5075.0,1,0.076923077,0.923076923,100.0,0.0,147,0.013605442,18,15,23,6.25,1,3,phishing,1
12125.0,0,0.088495575,0.911504425,66.66666667,0.3,89,0.06741573,15,11,13,4.307692308,0,7,legitimate,0
8852.0,0,0.586666667,0.413333333,50.0,0.0681818179999999,49,0.12244898,6,7,10,5.2,0,0,legitimate,0
5375.0,0,0.0,0.0,0.0,0.0,57,0.105263158,5,15,19,6.5,1,3,phishing,1
5075.0,0,0.0,0.0,0.0,0.0,46,0.0,4,10,16,6.666666667,1,0,phishing,1
5075.0,0,0.090909091,0.909090909,0.0,0.0,44,0.0,5,8,12,4.75,1,2,phishing,1
4322.0,0,0.0,0.0,0.0,0.0,36,0.0,3,19,23,2.0,1,0,phishing,1
5116.0,0,0.054054054,0.945945946,92.30769231,0.5,62,0.064516129,6,16,24,6.75,1,5,legitimate,0
6679.0,0,1.0,0.0,0.0,0.333333333,24,0.0,2,7,15,0.0,0,3,legitimate,0
1710.0,0,0.7459016390000001,0.254098361,18.42105263,0.076923077,77,0.233766234,6,32,12,10.6,1,4,phishing,1
8348.0,2,1.0,0.0,0.0,0.0,42,0.0,4,11,16,7.5,0,1,phishing,1
343.0,1,0.0,0.0,0.0,0.0,39,0.0,4,14,22,3.5,1,3,phishing,1
9075.0,0,0.012269939,0.987730061,93.93939394,0.0,92,0.065217391,13,9,21,4.818181818,0,6,legitimate,0
7296.0,0,0.782178218,0.217821782,9.523809524,0.405063291,32,0.0,3,8,25,0.0,1,1,legitimate,0
5075.0,0,0.25,0.75,0.0,1.0,83,0.240963855,6,32,17,10.8,1,9,phishing,1
5984.0,0,0.0,0.0,0.0,0.0,47,0.212765957,5,9,23,4.333333333,1,2,phishing,1
5075.0,0,0.074468085,0.925531915,54.54545455,0.285714286,18,0.0,1,6,9,0.0,0,0,legitimate,0
1137.0,0,0.396825397,0.6031746029999999,37.87878788,0.0,69,0.0,8,9,15,6.5,0,5,legitimate,0
5075.0,0,0.401869159,0.598130841,5.555555556,0.023255814,29,0.0,3,9,21,0.0,1,3,legitimate,0
3993.0,0,0.0,1.0,100.0,0.0,125,0.192,12,17,50,8.142857142999999,1,2,phishing,1
5075.0,0,0.52173913,0.47826087,50.0,0.083333333,31,0.0,1,15,22,0.0,1,0,legitimate,0
165.0,0,0.0,0.0,0.0,0.0,31,0.032258065,3,8,14,8.0,1,3,phishing,1
4044.0,0,0.048611111,0.951388889,25.0,0.0,22,0.0,2,5,13,0.0,0,3,legitimate,0
5075.0,0,0.027322404,0.972677596,42.85714286,0.6,22,0.0,2,6,13,0.0,0,3,legitimate,0
6382.0,0,1.0,0.0,0.0,0.0,53,0.0,6,8,35,8.0,1,1,phishing,1
5075.0,0,0.0,0.0,0.0,0.0,56,0.107142857,6,12,16,5.4,1,2,phishing,1
906.0,0,0.01369863,0.98630137,90.90909091,0.0,138,0.065217391,7,80,19,21.4,0,6,phishing,1
4540.0,0,0.0,1.0,0.0,0.0,24,0.0,2,8,15,0.0,0,3,legitimate,0
7417.0,0,0.133928571,0.8660714290000001,53.84615385,0.4,69,0.101449275,8,15,27,4.833333333,1,2,legitimate,0
5729.0,0,0.210191083,0.789808917,6.25,0.272727273,68,0.0,9,9,17,5.1428571430000005,0,5,legitimate,0
5075.0,0,0.6,0.4,47.22222222,0.074074074,16,0.0,1,2,9,0.0,0,0,legitimate,0
5075.0,0,0.172413793,0.8275862070000001,50.0,0.2,29,0.0,2,12,20,0.0,1,4,legitimate,0
1232.0,1,0.1875,0.8125,0.0,0.222222222,26,0.038461538,2,7,18,0.0,1,0,phishing,1
3934.0,0,0.0,0.0,0.0,0.0,37,0.0,3,16,23,5.0,1,0,phishing,1
5737.0,0,0.3,0.7,28.57142857,0.0,23,0.0,2,7,14,0.0,0,4,legitimate,0
5075.0,3,0.710843373,0.289156627,0.0,0.016949153,97,0.18556701,8,32,17,11.16666667,0,8,phishing,1
394.0,0,0.125,0.875,50.0,1.0,33,0.0,1,21,25,0.0,0,0,phishing,1
8970.0,0,0.082352941,0.917647059,83.33333333,0.0,59,0.0,5,11,15,8.0,1,2,legitimate,0
5514.0,1,0.333333333,0.666666667,0.0,0.0,53,0.0,7,8,15,5.2,0,4,legitimate,0
7133.0,0,0.067073171,0.932926829,63.93442623,0.227272727,44,0.0,5,9,16,5.666666667,0,0,legitimate,0
725.0,1,0.0,1.0,0.0,0.0,120,0.175,15,32,39,8.125,1,3,phishing,1
5075.0,3,0.571428571,0.428571429,33.33333333,0.0,425,0.04,80,10,13,4.3684210530000005,1,10,phishing,1
3993.0,0,0.0,1.0,100.0,0.0,120,0.158333333,12,17,42,7.375,1,1,phishing,1
1221.0,0,0.0,1.0,100.0,0.0,40,0.05,3,13,17,6.5,1,1,phishing,1
4642.0,0,0.496598639,0.503401361,12.16216216,0.054794521,56,0.0,6,14,22,5.75,1,3,legitimate,0
5707.0,0,0.083333333,0.916666667,80.0,1.0,49,0.0,6,7,16,5.5,1,1,phishing,1
8570.0,0,0.0,1.0,0.0,0.0,52,0.057692308,6,10,18,5.75,1,4,legitimate,0
1999.0,1,0.0,1.0,100.0,0.0,85,0.270588235,7,32,13,11.8,1,6,phishing,1
3992.0,0,0.0,1.0,100.0,0.0,68,0.102941176,6,15,42,8.5,1,2,phishing,1
7816.0,0,0.134615385,0.865384615,16.66666667,0.285714286,28,0.0,3,7,14,5.0,0,1,legitimate,0
3329.0,0,0.479452055,0.520547945,0.0,0.342857143,64,0.0,9,8,30,5.75,1,4,legitimate,0
7445.0,0,0.0,0.0,0.0,0.0,74,0.081081081,10,11,31,4.0,1,1,legitimate,0
4767.0,0,0.090909091,0.909090909,83.33333333,0.333333333,26,0.0,2,8,18,0.0,0,4,legitimate,0
1729.0,0,0.0,1.0,100.0,0.0,25,0.0,2,6,16,0.0,1,3,legitimate,0
3205.0,0,0.921875,0.078125,27.27272727,0.118644068,87,0.264367816,6,32,21,10.8,1,2,phishing,1
5075.0,10,0.0,1.0,100.0,0.0,1386,0.194083694,96,158,15,13.33684211,1,47,phishing,1
8436.0,0,0.322222222,0.6777777779999999,0.0,0.137931034,27,0.0,3,8,11,8.0,0,3,legitimate,0
2432.0,0,0.091324201,0.908675799,86.84210526,0.05,78,0.064102564,11,10,18,4.888888889,0,1,legitimate,0
7938.0,0,0.666666667,0.333333333,75.0,0.166666667,41,0.0,4,10,18,7.0,1,3,legitimate,0
7408.0,0,0.541666667,0.458333333,16.66666667,0.08974359,48,0.0,5,12,16,7.0,0,3,legitimate,0
725.0,1,0.030612245,0.969387755,96.91780822,0.055555556,54,0.092592593,6,12,20,5.5,1,9,phishing,1
5670.0,0,0.175609756,0.824390244,93.93939394,0.055555556,41,0.0,3,13,19,13.0,1,4,legitimate,0
7765.0,0,1.0,0.0,0.0,0.0,132,0.03030303,8,43,16,16.83333333,1,40,phishing,1
7447.0,0,0.7394136809999999,0.260586319,24.78632479,0.158590308,31,0.0,2,9,22,0.0,1,1,legitimate,0
7134.0,0,0.074074074,0.925925926,70.73170732,0.4166666670000001,62,0.0,7,11,16,6.6,0,1,legitimate,0
2708.0,0,0.5,0.5,50.0,0.384615385,58,0.0,7,10,15,6.0,1,4,legitimate,0
5767.0,0,0.033333333,0.966666667,100.0,0.0,59,0.033898305,6,19,27,5.25,1,4,phishing,1
5.0,0,0.0,1.0,100.0,0.0,22,0.0,2,5,14,0.0,1,1,phishing,1
5075.0,0,0.272727273,0.727272727,100.0,0.0,47,0.0,5,14,21,5.0,1,3,phishing,1
7615.0,0,0.405063291,0.594936709,68.75,0.03125,55,0.0,4,15,30,8.0,1,0,legitimate,0
8759.0,0,0.712041885,0.287958115,20.0,0.220588235,29,0.0,2,12,20,0.0,1,3,legitimate,0
5310.0,0,0.108695652,0.891304348,0.0,0.0,43,0.0,4,11,19,7.5,1,3,legitimate,0
125.0,0,0.142857143,0.857142857,0.0,1.0,72,0.0,3,33,54,8.0,1,0,phishing,1
3705.0,0,0.0,0.0,0.0,0.0,30,0.0,2,14,22,0.0,1,3,phishing,1
3992.0,0,0.0,1.0,100.0,0.0,125,0.152,12,17,50,8.142857142999999,1,4,phishing,1
2210.0,0,0.928571429,0.071428571,0.0,0.615384615,48,0.0,8,9,13,2.857142857,1,1,phishing,1
5509.0,0,0.045,0.955,18.18181818,0.7777777779999999,54,0.0,6,13,21,5.25,0,3,legitimate,0
5161.0,0,0.6,0.4,0.0,0.666666667,80,0.05,13,11,14,4.272727273,0,6,legitimate,0
796.0,0,0.956521739,0.043478261,0.0,0.0,26,0.230769231,2,7,18,0.0,1,0,phishing,1
574.0,0,0.0,0.0,0.0,0.0,69,0.0,9,16,24,4.285714286,1,0,phishing,1
5795.0,1,0.615384615,0.384615385,21.05263158,0.041666667,56,0.0,7,15,22,4.2,1,3,phishing,1
5075.0,0,0.05,0.95,50.0,0.0,59,0.0,4,23,8,13.66666667,1,0,legitimate,0
548.0,1,0.0,0.0,0.0,0.0,77,0.0,7,16,24,8.0,1,3,phishing,1
2051.0,0,0.927272727,0.072727273,15.78947368,0.058823529,26,0.115384615,2,9,17,0.0,1,3,legitimate,0
3992.0,0,0.0,1.0,100.0,0.0,118,0.186440678,12,17,42,7.375,1,3,phishing,1
961.0,0,0.291666667,0.708333333,50.0,0.285714286,25,0.0,2,9,17,0.0,0,3,legitimate,0
2853.0,0,0.055555556,0.944444444,50.0,0.0,27,0.0,2,10,18,0.0,0,3,legitimate,0
3055.0,0,0.469387755,0.530612245,82.60869565,0.0,68,0.0,7,26,30,3.833333333,1,1,legitimate,0
7133.0,0,0.019753086,0.980246914,65.21739129999999,0.625,49,0.0,6,9,16,5.25,1,0,legitimate,0
7134.0,0,0.093406593,0.906593407,66.66666667,0.411764706,49,0.0,6,9,18,6.666666667,0,2,legitimate,0
5861.0,0,0.053571429,0.946428571,20.0,0.333333333,28,0.0,2,11,19,0.0,0,3,legitimate,0
7449.0,0,0.4128440370000001,0.587155963,100.0,0.0,35,0.0,2,12,26,0.0,1,1,legitimate,0
7764.0,0,1.0,0.0,0.0,0.0,132,0.053030303,8,40,16,17.0,1,41,phishing,1
5075.0,0,0.0,0.0,0.0,0.0,73,0.328767123,4,32,10,17.33333333,1,4,phishing,1
2221.0,0,0.272727273,0.727272727,71.42857143,0.0,26,0.0,2,10,18,0.0,1,3,legitimate,0
5075.0,0,0.041884817,0.958115183,50.0,0.25,32,0.0,4,6,23,0.0,1,3,legitimate,0
5075.0,0,0.308641975,0.691358025,77.77777778,0.16,31,0.0,1,15,22,0.0,1,0,legitimate,0
5075.0,0,0.1529411759999999,0.8470588240000001,16.66666667,0.153846154,49,0.0,7,9,16,4.2,1,3,legitimate,0
5075.0,3,0.6,0.4,0.0,0.666666667,121,0.016528926,22,7,13,3.8,1,9,phishing,1
9399.0,0,0.382352941,0.6176470589999999,23.33333333,0.115384615,83,0.048192771,15,8,14,3.615384615,0,0,legitimate,0
4003.0,0,0.0,1.0,100.0,0.0,128,0.203125,13,17,50,7.375,1,4,phishing,1
5075.0,4,0.0,1.0,0.0,0.0,59,0.0,6,12,28,5.0,1,1,phishing,1
1108.0,0,0.24137931,0.75862069,71.42857143,0.285714286,21,0.0,1,8,14,0.0,1,0,legitimate,0
8965.0,0,0.25,0.75,62.5,0.0,33,0.212121212,4,7,12,6.0,0,4,legitimate,0
7860.0,0,0.273684211,0.726315789,77.77777778,0.115384615,38,0.0,4,9,17,5.5,0,4,legitimate,0
7133.0,0,0.094527363,0.905472637,71.35678392,0.368421053,55,0.0,7,9,16,5.2,0,0,legitimate,0
5075.0,0,0.025641026,0.974358974,66.66666667,0.0,22,0.5,8,3,14,2.75,1,0,phishing,1
5487.0,0,0.031746032,0.968253968,68.18181818,0.583333333,26,0.0,2,9,17,0.0,0,4,legitimate,0
9515.0,0,0.747252747,0.252747253,28.57142857,0.073529412,66,0.0,7,11,19,6.8,1,3,legitimate,0
1843.0,0,0.5,0.5,26.08695652,0.352941176,21,0.0,1,11,14,0.0,1,0,legitimate,0
5075.0,2,1.0,0.0,0.0,0.0,39,0.0,4,11,31,0.0,1,1,phishing,1
3993.0,0,0.0,1.0,100.0,0.0,129,0.085271318,13,17,54,8.142857142999999,1,9,phishing,1
5075.0,0,0.397435897,0.602564103,13.33333333,0.0,25,0.0,2,9,16,0.0,0,3,legitimate,0
4663.0,0,0.4166666670000001,0.583333333,0.0,0.0,80,0.0,9,11,15,7.142857143,1,0,phishing,1
5075.0,1,0.0,1.0,100.0,0.0,126,0.0873015869999999,11,21,18,10.11111111,1,1,phishing,1
3993.0,0,0.0,1.0,100.0,0.0,124,0.1693548389999999,13,17,46,7.375,1,4,phishing,1
5075.0,0,0.0,0.0,0.0,0.0,89,0.0,10,10,11,6.888888889,1,4,legitimate,0
5075.0,0,0.0,1.0,100.0,0.0,332,0.13253012,25,33,39,13.3,1,6,phishing,1
6609.0,0,0.120689655,0.879310345,0.0,0.285714286,47,0.085106383,4,14,27,5.0,0,6,phishing,1
5056.0,0,0.227272727,0.772727273,0.0,0.0,79,0.088607595,6,18,24,10.75,1,4,phishing,1
7765.0,0,1.0,0.0,0.0,0.0,132,0.037878788,8,43,16,16.83333333,1,40,phishing,1
7427.0,2,0.010282776,0.989717224,100.0,0.0,42,0.023809524,6,9,17,3.25,1,4,legitimate,0
7131.0,0,0.058823529,0.941176471,55.55555556,0.375,42,0.0,4,12,16,8.0,0,0,legitimate,0
5075.0,0,0.0,0.0,0.0,0.0,69,0.246376812,11,12,14,3.7,1,0,legitimate,0
7588.0,0,0.09375,0.90625,0.0,0.333333333,25,0.0,2,9,16,0.0,0,4,legitimate,0
5075.0,0,0.54676259,0.45323741,89.18918919,0.026315789,13,0.0,1,3,6,0.0,1,0,legitimate,0
60.0,0,0.0,1.0,0.0,0.0,60,0.0,6,11,15,6.2,1,2,phishing,1
7.0,0,1.0,0.0,0.0,0.125,31,0.129032258,5,4,12,3.0,1,1,phishing,1
3027.0,0,0.5,0.5,0.0,0.0,23,0.0,2,7,14,0.0,1,3,legitimate,0
1546.0,0,0.7771739129999999,0.222826087,29.62962963,0.013986014,34,0.088235294,2,13,25,0.0,1,4,phishing,1
7764.0,0,1.0,0.0,0.0,0.0,132,0.037878788,7,80,16,20.6,1,42,phishing,1
8520.0,0,0.669117647,0.330882353,100.0,0.0,35,0.0,3,10,16,10.0,0,4,legitimate,0
5616.0,0,0.80952381,0.19047619,25.0,0.176470588,58,0.0172413789999999,6,15,29,9.5,1,1,phishing,1
5075.0,0,0.03125,0.96875,89.65517241,0.166666667,25,0.0,2,9,16,0.0,1,3,legitimate,0
2046.0,3,0.102272727,0.897727273,85.71428571,0.5555555560000001,106,0.169811321,10,32,19,9.0,1,9,phishing,1
8609.0,0,0.182320442,0.8176795579999999,21.05263158,0.151515152,95,0.073684211,13,11,12,5.909090909,1,4,legitimate,0
5075.0,0,1.0,0.0,0.0,0.0,32,0.0,3,11,20,2.0,1,3,phishing,1
5075.0,0,0.0,1.0,100.0,0.0,43,0.0,5,7,15,5.666666667,1,3,phishing,1
4910.0,0,0.102564103,0.897435897,12.5,0.375,35,0.0,2,19,26,0.0,1,4,legitimate,0
1941.0,0,0.221238938,0.7787610620000001,30.303030300000003,0.2,27,0.0,2,10,18,0.0,1,3,legitimate,0
3374.0,0,0.7,0.3,31.25,0.19047619,43,0.0,4,11,17,8.0,0,3,legitimate,0
2532.0,2,0.0,1.0,100.0,0.0,61,0.0,6,12,52,0.0,1,3,phishing,1
7876.0,0,0.118811881,0.881188119,33.33333333,0.055555556,50,0.08,5,13,21,6.333333333,1,6,legitimate,0
5075.0,0,0.0,0.0,0.0,0.0,29,0.0,1,13,20,0.0,1,1,legitimate,0
2042.0,0,0.0,1.0,0.0,0.0,24,0.041666667,2,8,16,0.0,0,3,legitimate,0
5245.0,0,0.5808219179999999,0.419178082,24.62311558,0.033018868,59,0.0,6,18,26,5.25,1,5,legitimate,0
7253.0,0,1.0,0.0,0.0,0.583333333,22,0.0,2,8,15,0.0,1,0,phishing,1
8967.0,0,0.256704981,0.7432950190000001,66.66666667,0.007462687,33,0.212121212,4,7,12,6.0,0,4,legitimate,0
8347.0,0,1.0,0.0,0.0,0.0,98,0.142857143,11,21,24,7.25,0,5,phishing,1
2341.0,0,0.228855721,0.771144279,31.57894737,0.043478261,35,0.0,2,17,26,0.0,1,0,legitimate,0
2576.0,0,0.0,0.0,0.0,0.0,46,0.0,4,14,23,6.5,1,4,phishing,1
181.0,0,0.142857143,0.857142857,50.0,1.0,25,0.0,2,9,17,0.0,0,3,legitimate,0
3992.0,0,0.0,1.0,100.0,0.0,130,0.138461538,14,17,54,7.375,1,7,phishing,1
5075.0,0,0.189189189,0.810810811,0.0,0.428571429,57,0.0,8,7,26,5.0,1,6,legitimate,0
9437.0,0,0.0,0.0,0.0,0.0,80,0.025,11,8,12,5.777777778,1,3,legitimate,0
5075.0,0,0.047945205,0.952054795,66.66666667,0.285714286,23,0.0,3,4,14,0.0,0,3,legitimate,0
7522.0,0,0.240740741,0.759259259,60.0,0.038461538,67,0.0,6,18,26,7.5,0,5,legitimate,0
5075.0,0,0.0,1.0,100.0,0.0,40,0.0,4,15,23,3.0,1,4,phishing,1
1707.0,2,0.0,1.0,100.0,0.0,100,0.05,12,10,12,6.9,1,3,phishing,1
245.0,0,0.142857143,0.857142857,0.0,1.0,38,0.0,3,19,27,3.0,1,3,phishing,1
4200.0,0,0.224489796,0.775510204,70.0,0.090909091,28,0.0,2,12,20,0.0,1,3,legitimate,0
5075.0,2,0.214285714,0.7857142859999999,82.35294118,0.0,74,0.0,9,14,17,5.25,1,0,phishing,1
4283.0,0,0.0,1.0,0.0,0.0,93,0.064516129,15,9,17,4.230769231,1,5,phishing,1
3583.0,0,0.0,1.0,100.0,0.0,54,0.074074074,5,17,21,5.5,1,1,phishing,1
5897.0,0,0.192982456,0.807017544,50.0,0.636363636,80,0.1,8,11,15,8.5,1,1,legitimate,0
2946.0,0,0.608695652,0.391304348,30.0,0.285714286,26,0.0,2,10,18,0.0,0,3,legitimate,0
61.0,0,0.666666667,0.333333333,77.77777778,0.0,38,0.0,3,13,17,5.0,1,2,phishing,1
5075.0,5,0.5,0.5,12.5,0.222222222,56,0.0,7,10,17,4.166666667,1,0,phishing,1
7831.0,0,0.779661017,0.220338983,14.28571429,0.152173913,77,0.025974026,10,12,20,5.125,1,3,legitimate,0
7134.0,0,0.06056338,0.93943662,70.34482759,0.372093023,46,0.0,6,9,16,4.5,0,0,legitimate,0
6377.0,0,0.594713656,0.405286344,12.58278146,0.7111111109999999,46,0.0,6,7,19,5.333333333,1,4,legitimate,0
10605.0,0,0.132911392,0.867088608,62.96296296,0.095238095,44,0.090909091,7,6,13,3.8,0,4,legitimate,0
8018.0,0,1.0,0.0,0.0,0.0,139,0.035971223,13,41,27,9.2,1,3,phishing,1
1546.0,0,0.5,0.5,0.0,0.333333333,42,0.071428571,3,13,33,0.0,1,4,phishing,1
7134.0,0,0.050314465,0.949685535,33.33333333,0.375,58,0.0,6,10,16,7.5,0,0,legitimate,0
5378.0,0,0.054945055,0.945054945,100.0,0.0,18,0.0,1,6,9,0.0,0,0,legitimate,0
7130.0,0,0.062721893,0.937278107,64.90066225,0.245283019,47,0.0,5,9,16,6.666666667,0,0,legitimate,0
4550.0,0,0.0,0.0,0.0,0.0,30,0.0,3,10,18,3.0,1,4,phishing,1
6338.0,0,0.501831502,0.498168498,8.053691275,0.051094891,49,0.0,5,9,21,5.666666667,0,1,legitimate,0
5230.0,2,0.6,0.4,0.0,0.666666667,102,0.009803922,17,9,14,4.133333333,1,7,phishing,1
6316.0,0,0.055288462,0.944711538,16.66666667,0.173913043,57,0.087719298,6,10,18,6.75,0,5,legitimate,0
1950.0,1,1.0,0.0,0.0,0.0,33,0.0,4,11,26,0.0,1,1,phishing,1
7618.0,0,0.371428571,0.628571429,76.0,0.076923077,70,0.0,7,10,21,7.4,1,1,legitimate,0
5455.0,0,0.0,1.0,100.0,0.0,25,0.0,2,7,16,0.0,1,0,phishing,1
5075.0,0,0.25,0.75,0.0,1.0,59,0.0,5,24,28,4.75,1,3,phishing,1
256.0,0,0.333333333,0.666666667,0.0,2.0,40,0.0,5,9,13,5.666666667,1,1,legitimate,0
8960.0,0,0.252365931,0.7476340690000001,56.25,0.05,41,0.0,4,8,16,7.0,0,3,legitimate,0
6075.0,0,0.790055249,0.209944751,2.02020202,0.636363636,107,0.074766355,15,10,17,5.384615385,0,4,legitimate,0
1971.0,0,0.142857143,0.857142857,75.0,0.2,32,0.0,2,15,23,0.0,1,3,legitimate,0
5075.0,1,0.516129032,0.483870968,0.0,0.4375,165,0.363636364,14,24,15,10.0,1,7,phishing,1
5075.0,0,0.0,1.0,100.0,0.0,42,0.428571429,11,9,13,4.0,1,2,phishing,1
5222.0,0,0.282608696,0.7173913040000001,40.35087719,0.153846154,84,0.047619048,9,12,18,7.285714286,1,7,legitimate,0
7295.0,0,0.928571429,0.071428571,14.28571429,0.230769231,31,0.0,2,9,22,0.0,1,0,phishing,1
5075.0,0,0.9,0.1,0.0,0.0,24,0.208333333,2,11,5,11.0,1,0,phishing,1
2571.0,0,0.0,0.0,0.0,0.0,26,0.0,1,12,19,0.0,1,1,legitimate,0
6392.0,0,0.3,0.7,88.88888889,0.0,33,0.0,4,8,22,2.0,0,3,phishing,1
8346.0,2,0.677419355,0.322580645,0.0,0.0,115,0.086956522,11,56,15,9.111111111,1,1,phishing,1
3935.0,0,0.294117647,0.705882353,62.79069767,0.52,28,0.0,2,11,19,0.0,1,3,legitimate,0
4004.0,0,0.0,1.0,100.0,0.0,76,0.105263158,7,15,50,8.5,1,2,phishing,1
29.0,0,0.826086957,0.173913043,60.0,0.105263158,53,0.0,7,11,15,4.0,1,1,phishing,1
5075.0,0,0.117647059,0.882352941,73.07692308,0.428571429,65,0.015384615,10,10,18,3.75,1,4,legitimate,0
5115.0,0,0.0855263159999999,0.914473684,15.38461538,0.230769231,78,0.0,8,13,21,7.166666667,1,5,legitimate,0
7297.0,0,0.8611111109999999,0.138888889,12.5,0.129032258,48,0.125,6,8,20,4.0,1,1,phishing,1
1953.0,0,0.875,0.125,0.0,0.0,33,0.151515152,3,10,14,10.0,1,4,phishing,1
160.0,1,0.64516129,0.35483871,0.0,0.4,37,0.0,2,15,13,15.0,1,0,phishing,1
7406.0,0,0.0,0.0,0.0,0.0,26,0.0,3,7,15,2.0,1,0,phishing,1
7717.0,1,0.1875,0.8125,0.0,0.0,65,0.0,9,10,24,3.571428571,0,2,legitimate,0
8.0,0,0.0,0.0,0.0,0.0,162,0.228395062,22,11,23,5.55,1,3,phishing,1
4255.0,0,0.879518072,0.120481928,12.5,0.0821917809999999,61,0.0,7,11,19,5.8,1,4,legitimate,0
8965.0,0,0.1875,0.8125,42.85714286,0.111111111,44,0.0,4,14,22,6.0,1,4,legitimate,0
5075.0,2,0.734693878,0.265306122,0.0,0.027777778,65,0.0,7,12,25,7.25,1,3,phishing,1
5994.0,0,0.214285714,0.7857142859999999,100.0,0.0,35,0.0,3,14,28,0.0,0,0,legitimate,0
325.0,0,0.965517241,0.034482759,2.43902439,0.119047619,42,0.0,4,12,16,4.666666667,1,1,phishing,1
1159.0,0,0.35483871,0.64516129,27.27272727,0.181818182,51,0.039215686,6,10,18,5.0,0,3,legitimate,0
5075.0,0,0.098484848,0.901515152,80.64516129,0.076923077,44,0.0,5,9,17,5.333333333,1,4,legitimate,0
6588.0,0,0.0,1.0,0.0,0.0,28,0.0,2,8,20,0.0,1,1,legitimate,0
4671.0,0,0.274509804,0.725490196,73.91304348,0.357142857,25,0.0,2,9,17,0.0,1,3,legitimate,0
8047.0,0,0.4,0.6,10.0,0.5,76,0.078947368,9,17,25,5.1428571430000005,1,2,phishing,1
2529.0,0,0.235294118,0.764705882,20.0,0.25,34,0.0,4,9,17,3.5,1,3,legitimate,0
4389.0,0,0.243243243,0.756756757,94.44444444,0.222222222,27,0.0,2,10,18,0.0,1,3,legitimate,0
5075.0,0,0.5,0.5,0.0,1.0,43,0.23255814,12,7,13,3.625,1,0,phishing,1
9395.0,0,0.168478261,0.831521739,92.85714286,0.0,34,0.0,3,10,14,10.0,0,0,legitimate,0
4340.0,0,0.958333333,0.041666667,0.0,0.043478261,48,0.229166667,5,12,16,7.0,0,1,phishing,1
6530.0,0,0.099656357,0.9003436429999999,69.56521739,0.068965517,23,0.0,2,6,14,0.0,1,3,legitimate,0
7991.0,0,0.081395349,0.918604651,55.55555556,0.428571429,18,0.0,2,3,10,0.0,0,3,legitimate,0
11566.0,0,0.0,0.0,0.0,0.0,89,0.04494382,14,9,12,4.833333333,1,4,legitimate,0
4627.0,0,0.158730159,0.8412698409999999,80.0,0.6,39,0.0,4,9,30,0.0,1,3,legitimate,0
505.0,7,0.470588235,0.529411765,50.0,0.125,404,0.123762376,11,301,11,37.5,1,6,phishing,1
1547.0,0,0.8669950740000001,0.133004926,6.666666667,0.034090909,38,0.078947368,2,13,29,0.0,1,4,phishing,1
7298.0,0,0.984375,0.015625,0.0,0.285714286,60,0.1,9,9,18,4.0,1,1,phishing,1
5075.0,2,0.0,1.0,0.0,0.0,58,0.0,6,16,29,4.5,1,1,phishing,1
2982.0,0,0.083333333,0.916666667,0.0,0.0,94,0.223404255,6,32,14,13.4,1,4,phishing,1
7296.0,0,0.520833333,0.4791666670000001,75.0,0.2,34,0.0,3,8,27,0.0,1,0,legitimate,0
6862.0,0,0.219512195,0.780487805,100.0,0.0,18,0.0,1,6,10,0.0,0,0,legitimate,0
4154.0,0,0.15,0.85,100.0,0.0,28,0.0,1,16,19,0.0,0,1,legitimate,0
3733.0,0,0.545454545,0.454545455,0.0,0.0,64,0.0,7,18,36,4.0,1,0,phishing,1
6070.0,0,0.41025641,0.58974359,9.523809524,0.145833333,61,0.0,6,12,21,7.25,1,2,legitimate,0
5637.0,0,0.442307692,0.557692308,0.0,0.0,43,0.046511628,5,11,15,5.666666667,0,3,legitimate,0
3984.0,0,0.0,0.0,0.0,0.0,70,0.257142857,3,32,29,32.0,1,5,phishing,1
8019.0,0,0.727272727,0.272727273,0.0,0.0,328,0.256097561,32,43,38,8.655172413999999,1,5,phishing,1
1968.0,0,0.0,0.0,0.0,0.0,64,0.0,7,16,23,5.8,1,5,phishing,1
3734.0,3,0.609375,0.390625,64.28571429,0.230769231,150,0.113333333,11,32,22,11.1,1,3,phishing,1
2205.0,0,0.022727273,0.977272727,100.0,0.0,36,0.25,4,10,28,0.0,1,1,phishing,1
462.0,0,0.357142857,0.642857143,75.0,0.0,49,0.06122449,3,22,18,22.0,1,3,phishing,1
5075.0,2,0.055555556,0.944444444,100.0,0.0,122,0.114754098,13,25,20,7.454545455,1,2,phishing,1
5088.0,0,0.384615385,0.615384615,100.0,0.0,43,0.0,5,10,18,5.0,1,4,phishing,1
2114.0,2,0.0,1.0,0.0,0.0,157,0.191082803,13,75,15,10.08333333,1,2,phishing,1
7413.0,0,0.083333333,0.916666667,0.0,0.086956522,69,0.0,10,9,14,5.0,1,3,legitimate,0
7900.0,0,0.392857143,0.607142857,33.33333333,0.1363636359999999,19,0.0,1,7,10,0.0,0,0,legitimate,0
5075.0,0,0.208333333,0.791666667,50.0,0.2,26,0.0,3,7,14,2.0,1,3,legitimate,0
3750.0,0,0.045454545,0.954545455,100.0,0.0,43,0.0,4,14,18,4.333333333,1,1,phishing,1
7087.0,0,1.0,0.0,0.0,0.0,144,0.055555556,7,87,32,25.25,1,4,phishing,1
1728.0,3,0.0,1.0,0.0,0.0,67,0.014925373,8,10,21,5.5,1,0,phishing,1
3014.0,1,0.0,1.0,0.0,0.0,37,0.054054054,2,18,29,0.0,0,1,phishing,1
3992.0,0,0.0,1.0,100.0,0.0,127,0.149606299,13,17,50,7.375,1,4,phishing,1
5075.0,0,0.7142857140000001,0.285714286,100.0,0.0,38,0.0,4,10,17,3.333333333,1,0,phishing,1
4827.0,0,0.7333333329999999,0.266666667,16.66666667,0.090909091,26,0.0,2,9,15,3.0,1,0,phishing,1
8018.0,0,0.263157895,0.736842105,100.0,0.0,239,0.230125523,20,34,26,10.27777778,1,12,phishing,1
8760.0,0,0.038461538,0.961538462,71.42857143,0.0,70,0.0,8,11,19,6.333333333,0,6,legitimate,0
8922.0,0,0.5,0.5,0.0,0.0,28,0.0,3,6,15,4.0,1,0,phishing,1
3993.0,0,0.0,1.0,100.0,0.0,120,0.125,12,17,42,7.375,1,5,phishing,1
4803.0,0,1.0,0.0,0.0,0.0,50,0.0,5,13,16,5.75,1,2,phishing,1
3386.0,0,0.0,0.0,0.0,0.0,70,0.114285714,12,12,12,3.545454545,1,1,phishing,1
5614.0,0,0.8039215690000001,0.196078431,94.59459459,0.292682927,30,0.0,3,7,21,0.0,1,3,legitimate,0
4079.0,0,0.8620689659999999,0.137931034,63.63636364,0.06,49,0.0,6,8,27,4.0,1,1,legitimate,0
5466.0,0,0.0,0.0,0.0,0.0,71,0.0,10,10,19,4.625,1,0,legitimate,0
1629.0,0,0.0,1.0,100.0,0.0,39,0.025641026,7,8,31,0.0,1,1,phishing,1
5075.0,0,0.027777778,0.972222222,0.0,0.0,79,0.088607595,11,8,16,5.1111111110000005,0,4,legitimate,0
6.0,0,0.0,0.0,0.0,0.0,26,0.0,1,13,17,0.0,1,1,phishing,1
8019.0,0,0.727272727,0.272727273,0.0,0.0,334,0.251497006,34,43,38,8.161290323,1,5,phishing,1
5230.0,0,0.222222222,0.7777777779999999,0.0,0.0,56,0.035714286,7,9,17,5.4,1,1,legitimate,0
6256.0,0,0.130232558,0.869767442,53.33333333,0.0,44,0.0,3,17,25,11.0,1,4,legitimate,0
2139.0,0,0.262672811,0.737327189,5.555555556,0.070175439,35,0.0,4,8,10,5.0,0,1,phishing,1
8047.0,0,0.105263158,0.894736842,72.72727273,0.0,40,0.0,4,12,20,5.0,1,3,legitimate,0
2578.0,0,0.444444444,0.5555555560000001,0.0,0.125,47,0.0,6,10,17,4.75,1,4,legitimate,0
3100.0,0,0.081818182,0.918181818,66.66666667,0.0,37,0.027027027,2,13,29,0.0,1,2,legitimate,0
9318.0,0,0.118644068,0.8813559320000001,50.0,0.285714286,68,0.0,8,9,16,6.5,1,1,legitimate,0
443.0,0,0.130434783,0.869565217,100.0,0.0,21,0.0,1,9,13,0.0,1,0,phishing,1
5075.0,0,0.0,1.0,0.0,0.0,39,0.0,3,16,14,16.0,0,3,legitimate,0
7449.0,0,0.0,0.0,0.0,0.0,87,0.068965517,11,13,33,4.75,1,4,legitimate,0
7087.0,0,1.0,0.0,0.0,0.0,143,0.055944056,6,87,30,25.25,1,3,phishing,1
5626.0,0,0.0,0.0,0.0,0.0,70,0.242857143,9,14,49,3.333333333,1,2,phishing,1
557.0,0,0.15,0.85,0.0,0.0,44,0.0,4,18,22,3.666666667,1,1,phishing,1
5075.0,0,0.012658228,0.987341772,50.0,1.0,25,0.0,2,9,17,0.0,0,3,legitimate,0
1707.0,2,0.0,1.0,100.0,0.0,103,0.048543689,13,10,16,6.9,1,6,phishing,1
3992.0,0,0.0,1.0,100.0,0.0,118,0.169491525,12,17,42,7.375,1,5,phishing,1
7120.0,0,0.381944444,0.6180555560000001,41.50943396,0.436363636,52,0.038461538,6,10,24,4.0,1,0,legitimate,0
119.0,0,0.0,0.0,0.0,0.0,32,0.0,3,8,23,0.0,1,3,phishing,1
9311.0,0,0.213483146,0.786516854,25.0,0.0,26,0.0,2,10,18,0.0,0,3,legitimate,0
5613.0,0,0.368421053,0.6315789470000001,100.0,0.0,149,0.120805369,9,67,33,20.6,1,5,phishing,1
5044.0,0,0.0,0.0,0.0,0.0,100,0.0,10,14,22,7.875,1,3,legitimate,0
8293.0,2,0.0,0.0,0.0,0.0,56,0.017857143,7,8,15,5.8,1,0,phishing,1
5616.0,0,0.80952381,0.19047619,25.0,0.176470588,59,0.169491525,6,15,31,9.5,1,1,phishing,1
7791.0,0,0.1875,0.8125,15.0,0.4166666670000001,28,0.0,2,12,20,0.0,1,3,legitimate,0
5075.0,0,0.051282051,0.948717949,88.88888889,0.25,29,0.0,3,7,21,0.0,1,3,legitimate,0
7131.0,0,0.037483266,0.962516734,73.8317757,0.321428571,40,0.1,5,9,16,4.333333333,0,1,legitimate,0
5075.0,0,0.0,1.0,100.0,0.0,45,0.0,5,10,11,5.5,1,2,phishing,1
125.0,1,0.375,0.625,100.0,0.0,70,0.042857143,11,8,10,4.888888889,0,4,phishing,1
757.0,0,0.142857143,0.857142857,0.0,1.0,36,0.0,4,8,10,4.666666667,1,3,phishing,1
277.0,1,0.022727273,0.977272727,100.0,0.0,119,0.487394958,7,49,14,18.6,1,13,phishing,1
1903.0,0,0.700892857,0.299107143,64.70588235,0.063694268,38,0.0,2,22,30,0.0,1,3,legitimate,0
1419.0,3,0.230769231,0.7692307690000001,100.0,0.0,101,0.0,11,17,25,6.666666667,0,5,phishing,1
8345.0,0,1.0,0.0,0.0,0.0,59,0.033898305,5,17,15,11.0,0,4,legitimate,0
6163.0,2,0.125,0.875,0.0,1.0,66,0.0,6,16,20,6.8,1,2,phishing,1
5160.0,0,0.375,0.625,0.0,1.0,37,0.0,2,19,30,0.0,1,1,legitimate,0
5075.0,0,0.115384615,0.884615385,21.42857143,0.133333333,219,0.0,34,12,18,4.878787879,1,2,phishing,1
2658.0,1,0.0,1.0,100.0,0.0,260,0.173076923,17,29,211,7.2,1,8,phishing,1
8348.0,2,1.0,0.0,0.0,0.0,83,0.060240964,9,23,16,7.285714286,0,2,phishing,1
7131.0,0,0.085106383,0.914893617,63.2183908,0.375,56,0.0,7,11,18,6.5,0,0,legitimate,0
7653.0,0,0.232876712,0.767123288,0.0,0.176470588,65,0.0,8,9,13,5.285714286,0,1,legitimate,0
4941.0,0,0.333333333,0.666666667,0.0,0.5,24,0.0,3,5,16,0.0,0,1,phishing,1
8976.0,1,0.210526316,0.7894736840000001,52.63157895,0.0,77,0.116883117,11,15,23,4.222222222,1,6,legitimate,0
5075.0,2,0.0,0.0,0.0,0.0,67,0.179104478,5,17,23,7.75,1,10,phishing,1
7289.0,0,0.916666667,0.083333333,20.0,0.0,28,0.0,1,16,20,0.0,1,1,phishing,1
5075.0,2,0.212765957,0.787234043,76.74418605,0.3,43,0.0,5,13,21,4.0,1,4,phishing,1
6811.0,0,0.258928571,0.7410714290000001,100.0,0.0,29,0.0,2,12,20,0.0,1,3,legitimate,0
5075.0,0,0.25,0.75,0.0,0.0,57,0.0,7,8,15,4.666666667,1,2,phishing,1
9093.0,0,0.168224299,0.831775701,29.16666667,0.138888889,23,0.0,2,7,15,0.0,1,3,legitimate,0
5621.0,1,0.095238095,0.904761905,0.0,0.166666667,48,0.0,5,9,18,6.666666667,1,3,legitimate,0
4049.0,0,0.090909091,0.909090909,0.0,0.0,63,0.0,8,13,10,5.571428571,1,1,phishing,1
7446.0,0,1.0,0.0,0.0,0.583333333,46,0.0,5,9,25,6.0,1,3,phishing,1
7298.0,0,0.864197531,0.135802469,5.0,0.028571429,31,0.0,2,10,23,0.0,1,1,legitimate,0
7559.0,0,0.038167939,0.961832061,84.0,0.0,25,0.0,2,9,17,0.0,0,4,legitimate,0
5075.0,1,0.125,0.875,0.0,0.0,34,0.058823529,5,5,23,2.0,1,0,phishing,1
2047.0,3,0.148148148,0.851851852,86.04651163,0.333333333,124,0.137096774,12,32,19,8.8,1,6,phishing,1
7133.0,0,0.025608195,0.974391805,76.47058824,0.65,45,0.0,5,10,16,6.0,0,2,legitimate,0
5075.0,0,0.448717949,0.551282051,0.0,0.171428571,20,0.0,2,5,12,0.0,0,3,legitimate,0
7160.0,0,0.019417476,0.980582524,100.0,1.0,41,0.0,5,9,21,3.0,1,0,legitimate,0
5075.0,0,0.967741935,0.032258065,0.0,0.1,46,0.0,4,16,29,4.0,0,1,phishing,1
1597.0,1,0.0,1.0,0.0,0.0,132,0.106060606,20,18,22,4.263157895,1,3,phishing,1
9007.0,0,0.0,1.0,100.0,0.0,69,0.0,11,8,11,4.666666667,0,4,legitimate,0
5075.0,0,0.352941176,0.647058824,43.24324324,0.0,25,0.0,2,9,16,0.0,0,3,legitimate,0
8922.0,0,0.5,0.5,0.0,0.0,128,0.03125,16,15,15,6.428571429,1,1,phishing,1
5839.0,0,0.015384615,0.984615385,100.0,0.0,25,0.0,2,5,16,0.0,0,3,legitimate,0
5159.0,0,0.0,1.0,0.0,0.0,28,0.0,2,8,19,0.0,1,1,phishing,1
2362.0,0,0.0,0.0,0.0,0.0,209,0.167464115,24,34,24,7.0,1,46,phishing,1
5627.0,0,0.0,0.0,0.0,0.0,70,0.242857143,9,14,49,3.333333333,1,5,phishing,1
5075.0,0,0.0,1.0,100.0,0.0,47,0.042553191,4,12,21,8.5,1,0,phishing,1
5075.0,0,0.03539823,0.96460177,50.0,0.0,24,0.0,1,14,17,0.0,1,0,legitimate,0
5176.0,0,0.5375,0.4625,37.5,0.0,53,0.0,5,22,30,4.333333333,0,3,legitimate,0
3978.0,0,0.235294118,0.764705882,0.0,0.0,38,0.0,4,8,29,0.0,1,4,legitimate,0
1716.0,0,0.12987013,0.87012987,36.36363636,0.2,37,0.0,2,13,19,8.0,1,1,phishing,1
5158.0,0,0.0,1.0,0.0,0.0,34,0.0,3,10,21,1.0,1,1,legitimate,0
254.0,3,0.048387097,0.951612903,88.0,0.0,100,0.17,10,32,18,8.375,1,5,phishing,1
5075.0,0,0.210526316,0.7894736840000001,60.0,0.0,34,0.0,2,14,25,0.0,1,3,legitimate,0
7573.0,0,0.0,0.0,0.0,0.0,59,0.0,9,9,18,4.5,1,1,legitimate,0
18.0,0,0.0,1.0,0.0,0.0,55,0.0,6,10,14,5.6,1,0,phishing,1
6257.0,0,0.11372549,0.88627451,51.61290323,0.413793103,39,0.0,3,17,25,6.0,1,4,legitimate,0
13.0,0,0.0,1.0,100.0,0.0,34,0.0,4,6,22,2.0,1,3,phishing,1
6700.0,0,0.4,0.6,50.0,0.0,47,0.063829787,5,12,22,5.0,1,3,legitimate,0
8346.0,1,0.0,0.0,0.0,0.0,158,0.082278481,21,34,14,6.210526316,1,6,phishing,1
5651.0,0,0.038961039,0.961038961,82.14285714,0.333333333,70,0.0,8,10,18,6.166666667,1,6,legitimate,0
4609.0,4,0.666666667,0.333333333,0.0,0.0,76,0.0,8,14,17,6.285714286,1,2,phishing,1
6073.0,0,0.127009646,0.872990354,52.0,0.151898734,58,0.0,7,8,18,5.6,1,1,legitimate,0
8019.0,0,0.884615385,0.115384615,0.0,0.0,143,0.104895105,15,17,35,6.833333333,1,1,phishing,1
2739.0,0,0.11627907,0.88372093,0.0,0.0,51,0.196078431,6,14,22,4.5,1,4,phishing,1
6179.0,0,0.0,1.0,100.0,0.0,46,0.0,7,6,17,4.5,1,3,legitimate,0
1432.0,3,0.0,1.0,100.0,0.0,109,0.0,13,15,19,5.916666667,1,0,phishing,1
8426.0,0,0.0,0.0,0.0,0.0,75,0.053333333,9,16,67,0.0,1,6,phishing,1
5075.0,0,0.133333333,0.8666666670000001,80.0,0.0,49,0.0,6,10,10,7.0,1,4,legitimate,0
5075.0,1,0.303571429,0.6964285709999999,27.77777778,0.058823529,68,0.073529412,10,7,11,4.444444444,1,0,phishing,1
5627.0,0,0.818181818,0.181818182,25.0,0.277777778,73,0.054794521,9,17,39,7.666666667,1,2,phishing,1
1338.0,0,0.0,1.0,0.0,0.0,45,0.2,4,11,25,5.0,0,0,phishing,1
670.0,0,0.333333333,0.666666667,0.0,0.0,29,0.0,2,9,16,4.0,1,0,phishing,1
972.0,0,0.266666667,0.7333333329999999,0.0,0.05,66,0.242424242,17,5,12,2.0,1,5,phishing,1
5298.0,0,1.0,0.0,0.0,0.0,72,0.0,9,11,18,5.714285714,0,5,phishing,1
4003.0,0,0.0,1.0,100.0,0.0,125,0.088,12,17,50,8.142857142999999,1,8,phishing,1
3993.0,0,0.0,1.0,100.0,0.0,124,0.161290323,13,17,46,7.375,1,8,phishing,1
5075.0,0,0.0,0.0,0.0,0.0,74,0.027027027,10,9,19,5.0,1,4,legitimate,0
1839.0,0,0.7428571429999999,0.257142857,75.0,0.115384615,52,0.0,5,14,24,5.666666667,1,2,phishing,1
4077.0,0,0.388888889,0.611111111,75.0,0.571428571,36,0.0,2,20,28,0.0,1,4,legitimate,0
8638.0,2,0.0,1.0,0.0,0.0,40,0.0,5,7,13,5.333333333,1,3,phishing,1
4284.0,2,0.217391304,0.7826086959999999,20.0,0.0,160,0.1625,13,43,21,10.81818182,1,7,phishing,1
3864.0,0,0.101694915,0.898305085,25.0,0.0,56,0.0,6,14,22,5.75,1,3,legitimate,0
4099.0,0,0.083333333,0.916666667,0.0,0.1,28,0.0,2,11,19,0.0,1,3,legitimate,0
1105.0,0,0.0,1.0,0.0,0.0,50,0.0,5,16,22,4.25,1,2,phishing,1
3670.0,0,0.0,0.0,0.0,0.0,25,0.0,2,7,11,6.0,1,1,legitimate,0
5075.0,0,0.25,0.75,100.0,0.0,38,0.105263158,5,9,6,5.25,0,2,legitimate,0
8424.0,0,0.038910506,0.961089494,93.18181818,0.3,48,0.0,7,8,11,4.8,0,4,legitimate,0
7295.0,0,0.928571429,0.071428571,14.28571429,0.230769231,32,0.0,2,10,23,0.0,1,0,phishing,1
5075.0,1,0.030888031,0.969111969,33.33333333,1.0,60,0.0,7,12,17,8.0,0,5,legitimate,0
3232.0,1,0.0,1.0,0.0,0.0,40,0.0,5,9,14,5.333333333,1,4,phishing,1
3421.0,0,0.0,0.0,0.0,0.0,33,0.090909091,5,5,13,3.333333333,1,1,phishing,1
7121.0,0,0.173913043,0.826086957,0.0,0.0,44,0.0681818179999999,5,10,18,5.333333333,1,3,legitimate,0
5627.0,0,0.80952381,0.19047619,25.0,0.294117647,69,0.188405797,8,17,35,7.666666667,1,1,phishing,1
6783.0,0,0.318181818,0.681818182,33.33333333,0.142857143,34,0.0,2,18,26,0.0,1,4,legitimate,0
6331.0,0,0.2,0.8,40.0,0.0,74,0.0,7,21,21,8.0,1,3,legitimate,0
7299.0,0,0.020833333,0.979166667,100.0,0.0,20,0.0,2,4,11,0.0,1,3,legitimate,0
9320.0,0,0.945945946,0.054054054,8.695652174,0.0,126,0.103174603,25,22,16,3.47826087,0,4,legitimate,0
1401.0,0,0.655172414,0.344827586,100.0,0.105263158,33,0.0,1,19,25,0.0,1,0,phishing,1
8346.0,1,0.222222222,0.7777777779999999,50.0,0.0,48,0.0,6,13,16,5.0,1,1,legitimate,0
4205.0,0,0.12244898,0.87755102,60.0,0.0,82,0.097560976,12,16,25,3.9,1,1,legitimate,0
5349.0,0,0.7,0.3,22.22222222,0.19047619,31,0.0,2,12,22,0.0,1,0,legitimate,0
3700.0,1,0.0,1.0,100.0,0.0,33,0.272727273,3,11,25,0.0,1,0,phishing,1
5616.0,0,0.80952381,0.19047619,25.0,0.176470588,59,0.016949153,7,9,42,9.0,1,1,phishing,1
5043.0,0,0.293333333,0.706666667,100.0,0.045454545,23,0.0,1,13,16,0.0,1,1,legitimate,0
6467.0,0,0.133891213,0.866108787,6.451612902999999,0.21875,27,0.0,2,8,20,0.0,1,1,legitimate,0
6065.0,0,0.607798165,0.392201835,73.33333333,0.064150943,44,0.0,7,5,12,3.8,0,3,legitimate,0
1063.0,0,0.0,0.0,0.0,0.0,92,0.0,13,10,10,4.75,1,4,phishing,1
5075.0,0,0.7333333329999999,0.266666667,0.0,0.0,34,0.0,3,9,26,0.0,1,3,legitimate,0
10674.0,0,0.038461538,0.961538462,80.0,1.0,54,0.111111111,7,9,18,4.6,0,2,legitimate,0
7295.0,0,0.928571429,0.071428571,14.28571429,0.846153846,34,0.029411765,2,13,26,0.0,1,0,phishing,1
216.0,0,0.142857143,0.857142857,0.0,1.0,174,0.229885057,23,39,37,5.789473684,1,8,phishing,1
5660.0,0,0.0,1.0,0.0,0.0,37,0.0,4,10,18,4.5,1,4,phishing,1
5075.0,0,0.403508772,0.596491228,80.85106383,0.391304348,23,0.0,2,6,14,0.0,1,2,phishing,1
3124.0,0,0.47826087,0.52173913,5.263157895,0.045454545,30,0.0,2,13,21,0.0,1,3,legitimate,0
5075.0,0,0.117647059,0.882352941,0.0,0.5,36,0.0,2,19,27,0.0,1,3,legitimate,0
7.0,0,1.0,0.0,0.0,0.125,26,0.0,3,6,12,6.0,1,1,phishing,1
2613.0,0,0.333333333,0.666666667,0.0,0.0,199,0.140703518,4,167,15,86.5,1,3,phishing,1
6123.0,0,0.046511628,0.953488372,75.0,0.5,26,0.0,2,10,18,0.0,1,3,legitimate,0
5075.0,0,0.545454545,0.454545455,0.0,0.0,26,0.076923077,3,8,7,4.5,0,0,legitimate,0
902.0,0,0.333333333,0.666666667,80.0,0.0,28,0.0,2,13,20,0.0,1,3,legitimate,0
3798.0,0,0.235294118,0.764705882,50.0,0.25,26,0.0,2,10,18,0.0,1,3,legitimate,0
6092.0,0,0.7,0.3,45.65217391,0.057142857,70,0.0,8,14,22,5.833333333,1,3,legitimate,0
6900.0,0,0.344827586,0.655172414,12.85714286,0.014285714,35,0.0,4,13,21,2.5,1,4,legitimate,0
7834.0,0,0.216666667,0.783333333,32.35294118,0.261538462,52,0.0,5,10,23,9.5,0,5,legitimate,0
4252.0,0,0.1578947369999999,0.842105263,100.0,0.0,28,0.0,2,12,19,0.0,1,3,legitimate,0
8207.0,0,0.058823529,0.941176471,11.76470588,0.151515152,61,0.0,6,15,17,8.25,1,7,legitimate,0
1172.0,0,0.25,0.75,66.66666667,0.0,25,0.0,2,8,16,0.0,0,3,legitimate,0
7086.0,0,1.0,0.0,0.0,0.0,462,0.4220779220000001,16,288,26,29.57142857,1,38,phishing,1
5075.0,3,0.0,1.0,100.0,0.0,71,0.0,9,9,11,5.625,1,1,phishing,1
6240.0,0,0.100671141,0.899328859,57.14285714,0.333333333,14,0.0,1,4,7,0.0,0,0,legitimate,0
7006.0,0,0.0,1.0,0.0,0.0,28,0.0,3,7,15,4.0,1,3,phishing,1
3541.0,0,0.01369863,0.98630137,66.66666667,0.0,27,0.0,2,10,18,0.0,0,3,legitimate,0
7298.0,0,0.681818182,0.318181818,50.0,0.166666667,29,0.0,2,9,22,0.0,1,0,legitimate,0
4914.0,0,0.137931034,0.8620689659999999,58.82352941,0.125,43,0.0,6,10,14,4.5,0,5,legitimate,0
5130.0,0,0.5,0.5,0.0,0.0,29,0.172413793,2,13,7,13.0,1,1,phishing,1
1093.0,0,0.0,0.0,0.0,0.0,43,0.0,4,17,21,4.0,1,1,phishing,1
2426.0,1,0.0,1.0,100.0,0.0,26,0.0,3,4,13,4.0,1,0,phishing,1
1336.0,0,0.0,1.0,0.0,0.0,29,0.068965517,2,11,20,0.0,0,0,phishing,1
5778.0,0,0.434782609,0.565217391,24.0,0.4,67,0.014925373,8,14,22,5.166666667,1,4,legitimate,0
8348.0,1,1.0,0.0,0.0,0.0,82,0.06097561,9,28,16,7.285714286,0,2,phishing,1
7159.0,0,0.12962963,0.87037037,67.12328767,0.7857142859999999,43,0.139534884,6,8,14,4.5,1,1,legitimate,0
9174.0,0,0.237288136,0.762711864,43.75,0.107142857,49,0.0,4,11,18,10.5,0,4,legitimate,0
4609.0,4,0.666666667,0.333333333,0.0,0.0,125,0.0,15,21,17,6.142857143,1,3,phishing,1
7297.0,0,0.291666667,0.708333333,84.11764706,0.053571429,34,0.0,2,13,26,0.0,1,0,legitimate,0
8348.0,2,1.0,0.0,0.0,0.0,47,0.0,4,17,16,10.5,0,1,phishing,1
2662.0,0,0.056122449,0.943877551,16.66666667,0.0,35,0.0,2,18,26,0.0,1,4,legitimate,0
81.0,0,0.0,1.0,100.0,0.0,64,0.0,8,10,13,5.285714286,1,1,phishing,1
1546.0,0,0.5215517239999999,0.478448276,14.54545455,0.347107438,40,0.15,2,14,32,0.0,1,5,phishing,1
2157.0,0,0.571428571,0.428571429,100.0,0.0,50,0.0,4,14,42,0.0,1,1,phishing,1
9285.0,0,0.239864865,0.760135135,73.68421053,0.070422535,50,0.04,8,8,15,3.5,0,3,legitimate,0
213.0,0,0.484848485,0.515151515,16.66666667,0.5,85,0.011764706,9,17,13,7.0,1,4,phishing,1
7403.0,1,0.12,0.88,59.45945946,0.388888889,136,0.029411765,17,13,17,6.466666667,1,4,legitimate,0
8019.0,0,0.884615385,0.115384615,0.0,0.0,130,0.076923077,14,17,31,7.0,1,0,phishing,1
4175.0,0,0.040133779,0.959866221,44.44444444,0.083333333,55,0.0,7,10,18,4.6,0,5,legitimate,0
1533.0,0,0.111111111,0.8888888890000001,85.71428571,0.0,144,0.090277778,17,14,32,6.428571429,1,7,phishing,1
724.0,1,0.0,1.0,100.0,0.0,121,0.198347107,15,32,53,9.166666667,1,3,phishing,1
100.0,0,0.153846154,0.846153846,0.0,0.0,69,0.0,8,14,18,5.0,1,1,phishing,1
5075.0,1,1.0,0.0,0.0,0.0,33,0.0,3,8,24,0.0,1,1,phishing,1
8209.0,0,0.12605042,0.87394958,65.85365854,0.066666667,59,0.06779661,8,8,15,5.166666667,0,0,legitimate,0
5075.0,0,0.590909091,0.409090909,0.0,0.7692307690000001,60,0.0,8,7,29,6.0,1,0,phishing,1
5075.0,0,0.115384615,0.884615385,21.42857143,0.133333333,42,0.0,3,12,18,7.0,1,2,phishing,1
9070.0,0,0.0,1.0,0.0,0.0,35,0.028571429,4,8,14,5.5,1,0,legitimate,0
5972.0,0,0.0,0.0,0.0,0.0,53,0.037735849,6,13,21,5.25,1,5,phishing,1
5890.0,0,0.25,0.75,0.0,0.333333333,24,0.0,1,10,17,0.0,0,0,legitimate,0
2373.0,0,0.077669903,0.922330097,50.0,0.0,31,0.0,2,15,23,0.0,1,3,legitimate,0
5075.0,0,0.166666667,0.833333333,0.0,0.0,59,0.0,6,14,13,6.4,1,0,phishing,1
1895.0,0,0.291666667,0.708333333,0.0,0.0,17,0.0,1,5,9,0.0,0,0,phishing,1
658.0,3,0.0,1.0,0.0,0.0,109,0.201834862,10,32,20,8.111111111,1,1,phishing,1
4527.0,0,0.01183432,0.98816568,73.33333333,0.166666667,27,0.0,2,11,19,0.0,0,3,legitimate,0
3442.0,2,0.082926829,0.917073171,80.95238095,0.411764706,47,0.021276596,5,8,12,6.0,1,1,phishing,1
10284.0,0,0.37037037,0.62962963,5.8823529410000015,0.45,19,0.0,2,3,11,0.0,1,3,legitimate,0
5616.0,2,0.80952381,0.19047619,25.0,0.176470588,57,0.052631579,9,8,25,3.8,1,4,phishing,1
7870.0,1,0.145695364,0.854304636,50.0,0.0,67,0.0,7,18,26,5.6,1,7,legitimate,0
7282.0,0,0.042016807,0.957983193,80.0,0.2,34,0.0,2,17,25,0.0,1,3,legitimate,0
8256.0,0,0.0,0.0,0.0,0.0,34,0.0,4,9,23,2.0,1,3,legitimate,0
5979.0,0,0.934065934,0.065934066,60.0,0.011764706,88,0.056818182,12,9,22,4.9,0,1,legitimate,0
5075.0,0,0.5555555560000001,0.444444444,26.31578947,0.4,115,0.086956522,15,12,15,5.571428571,1,0,legitimate,0
5075.0,1,0.6,0.4,0.0,0.0,48,0.0,6,11,18,6.333333333,1,2,phishing,1
5075.0,0,0.0,0.0,0.0,0.0,36,0.0,4,9,15,6.0,1,0,phishing,1
5075.0,0,0.063829787,0.936170213,62.5,0.666666667,72,0.111111111,9,11,15,5.0,1,4,legitimate,0
1546.0,0,0.774193548,0.225806452,4.347826087,0.125,51,0.098039216,3,13,31,11.0,1,4,phishing,1
5616.0,0,0.128205128,0.871794872,85.71428571,0.0,25,0.0,1,11,18,0.0,1,0,legitimate,0
966.0,1,0.511904762,0.488095238,37.5,0.0,97,0.237113402,8,32,50,18.5,0,4,phishing,1
8661.0,0,0.0,1.0,0.0,0.0,43,0.0,5,11,19,4.666666667,1,4,legitimate,0
8329.0,1,0.070422535,0.929577465,90.90909091,0.0,88,0.0,11,15,23,5.333333333,1,4,legitimate,0
2622.0,0,0.046875,0.953125,97.79411765,0.111111111,63,0.047619048,8,9,13,5.0,1,0,legitimate,0
1787.0,0,0.0,0.0,0.0,0.0,27,0.0,3,7,16,2.0,1,0,phishing,1
6336.0,0,0.035714286,0.964285714,100.0,0.0,49,0.020408163,6,11,19,4.75,0,5,legitimate,0
11785.0,1,0.0,0.0,0.0,0.0,56,0.053571429,8,8,18,5.2,1,5,legitimate,0
9284.0,0,0.309090909,0.690909091,20.0,0.470588235,123,0.048780488,21,9,13,4.421052632,1,7,legitimate,0
5118.0,0,0.1875,0.8125,45.45454545,0.7777777779999999,93,0.086021505,11,12,21,6.1111111110000005,1,1,legitimate,0
5627.0,0,0.80952381,0.19047619,25.0,0.294117647,75,0.013333333,9,17,42,7.666666667,1,1,phishing,1
4315.0,0,0.225490196,0.774509804,53.84615385,0.043478261,65,0.0,7,10,18,6.8,0,3,legitimate,0
4059.0,0,0.279661017,0.720338983,85.29411765,0.03030303,129,0.031007752,16,13,26,5.785714286,1,2,legitimate,0
5668.0,0,0.020942408,0.979057592,20.0,0.0,61,0.016393443,8,9,15,5.333333333,0,3,legitimate,0
4609.0,4,0.666666667,0.333333333,0.0,0.0,123,0.0,16,15,21,5.785714286,1,5,phishing,1
5616.0,0,0.80952381,0.19047619,25.0,0.176470588,61,0.081967213,6,15,32,9.5,1,1,phishing,1
2047.0,3,0.102272727,0.897727273,85.71428571,0.5555555560000001,107,0.158878505,10,32,19,9.0,1,6,phishing,1
7858.0,0,0.133928571,0.8660714290000001,95.23809524,0.066666667,45,0.066666667,4,11,12,7.333333333,1,0,legitimate,0
2114.0,2,0.0,1.0,0.0,0.0,128,0.1796875,6,75,15,20.0,1,2,phishing,1
1483.0,0,0.035971223,0.964028777,100.0,0.4,28,0.107142857,1,12,15,0.0,1,0,legitimate,0
2342.0,0,0.0663507109999999,0.933649289,75.0,0.071428571,49,0.0,5,9,17,7.0,1,3,legitimate,0
2618.0,4,0.0,1.0,100.0,0.0,79,0.151898734,12,15,13,4.8,1,5,phishing,1
5075.0,0,0.212121212,0.787878788,6.896551724,0.357142857,58,0.051724138,8,11,19,4.166666667,1,4,legitimate,0
7131.0,0,0.0866873069999999,0.913312693,55.55555556,0.464285714,46,0.0,5,9,16,6.333333333,0,0,legitimate,0
39.0,0,0.428571429,0.571428571,0.0,0.0,79,0.0,12,12,19,4.2,1,0,phishing,1
5075.0,4,0.153846154,0.846153846,0.0,0.0,65,0.0,10,8,12,3.888888889,1,0,phishing,1
2332.0,0,0.6984126979999999,0.301587302,18.18181818,0.090909091,53,0.018867925,4,18,24,6.333333333,1,0,phishing,1
5574.0,0,0.135135135,0.864864865,0.0,0.2,20,0.0,1,6,13,0.0,0,0,legitimate,0
3157.0,0,0.130434783,0.869565217,80.0,0.0,57,0.0,6,16,24,5.5,1,3,legitimate,0
7587.0,0,0.004878049,0.995121951,94.44444444,0.0,37,0.0,3,14,22,7.0,1,3,legitimate,0
7083.0,1,1.0,0.0,0.0,0.0,268,0.130597015,9,200,26,32.42857143,1,11,phishing,1
5625.0,0,0.294117647,0.705882353,0.0,0.08,50,0.0,6,12,20,4.75,1,3,phishing,1
7980.0,1,0.656862745,0.343137255,20.0,0.014925373,44,0.1363636359999999,5,10,18,5.333333333,1,3,legitimate,0
5230.0,1,0.024390244,0.975609756,100.0,0.0,43,0.0,2,23,34,0.0,1,1,phishing,1
5300.0,0,0.02,0.98,0.0,0.25,24,0.0,2,7,15,0.0,0,3,legitimate,0
5075.0,0,0.151685393,0.848314607,28.94736842,0.666666667,25,0.0,2,5,16,0.0,0,3,legitimate,0
6764.0,1,0.117647059,0.882352941,100.0,0.0,169,0.213017751,13,41,23,11.63636364,1,15,phishing,1
5075.0,3,0.0,1.0,100.0,0.0,121,0.157024793,10,32,37,8.625,1,5,phishing,1
7957.0,0,0.021276596,0.978723404,100.0,1.0,39,0.0,4,9,17,6.5,1,3,legitimate,0
5985.0,1,0.018518519,0.981481481,100.0,0.0,45,0.0,6,8,22,4.333333333,1,0,phishing,1
1019.0,0,0.4375,0.5625,29.41176471,0.142857143,28,0.0,2,9,13,6.0,1,0,phishing,1
5075.0,0,0.132653061,0.867346939,96.42857143,0.076923077,29,0.0,2,13,20,0.0,0,3,legitimate,0
6056.0,1,0.692307692,0.307692308,15.75342466,0.006944444,74,0.108108108,6,13,17,8.8,1,3,legitimate,0
5075.0,0,0.290322581,0.709677419,77.14285714,0.333333333,27,0.0,2,12,19,0.0,0,5,legitimate,0
2015.0,2,0.0,1.0,100.0,0.0,148,0.0,18,17,21,6.0,1,1,phishing,1
9799.0,0,0.041322314,0.958677686,12.5,0.266666667,65,0.123076923,10,8,15,4.375,0,1,legitimate,0
3384.0,0,0.0,0.0,0.0,0.0,41,0.0,5,8,23,4.0,1,1,phishing,1
777.0,3,0.1363636359999999,0.8636363640000001,100.0,0.0,135,0.037037037,17,10,13,6.0625,1,9,phishing,1
1228.0,0,1.0,0.0,0.0,0.0,30,0.0,2,13,21,0.0,1,3,legitimate,0
7142.0,0,0.75,0.25,4.545454545,0.142857143,36,0.083333333,3,12,27,0.0,1,1,phishing,1
7917.0,0,0.806818182,0.193181818,13.63636364,0.169014085,80,0.0,11,12,20,4.777777778,0,5,legitimate,0
1016.0,0,0.967741935,0.032258065,0.0,0.1,104,0.25,9,32,28,12.8,0,5,phishing,1
8350.0,0,1.0,0.0,0.0,0.0,48,0.0,3,24,15,24.0,0,1,legitimate,0
8829.0,0,0.151515152,0.848484848,20.0,0.0,77,0.0,9,13,15,6.857142857,0,3,legitimate,0
724.0,0,0.0,1.0,0.0,0.0,44,0.090909091,7,6,17,4.0,1,2,phishing,1
4284.0,2,0.217391304,0.7826086959999999,20.0,0.0,160,0.15,13,43,21,10.81818182,1,9,phishing,1
1669.0,2,0.0,1.0,100.0,0.0,80,0.225,7,32,18,10.0,1,6,phishing,1
1974.0,1,0.757575758,0.242424242,70.0,0.0,51,0.0,6,14,21,4.75,1,4,phishing,1
6895.0,0,0.01010101,0.98989899,0.0,0.0,40,0.0,4,11,14,8.0,1,3,legitimate,0
7448.0,0,0.8,0.2,60.0,0.0,32,0.0,2,9,23,0.0,1,1,legitimate,0
129.0,0,0.0,0.0,0.0,0.0,35,0.0,3,8,26,0.0,1,0,phishing,1
4003.0,0,0.0,1.0,100.0,0.0,126,0.174603175,13,17,50,7.375,1,2,phishing,1
5075.0,0,0.8888888890000001,0.111111111,0.0,0.375,52,0.0,5,19,27,5.0,0,4,legitimate,0
5075.0,0,0.0,1.0,100.0,0.0,124,0.298387097,5,90,14,24.75,1,4,phishing,1
7030.0,0,0.244444444,0.7555555559999999,0.0,0.0,28,0.0,2,12,20,0.0,1,3,legitimate,0
8348.0,0,0.134020619,0.8659793809999999,11.11111111,0.230769231,69,0.0,11,7,15,4.1111111110000005,0,2,legitimate,0
5075.0,0,0.006578947,0.993421053,93.33333333,0.333333333,24,0.0,3,5,13,2.0,0,3,legitimate,0
5626.0,1,0.818181818,0.181818182,25.0,0.277777778,64,0.046875,10,7,36,4.25,1,4,phishing,1
960.0,0,0.449029126,0.550970874,2.424242424,0.378378378,38,0.0,3,11,12,7.5,0,0,phishing,1
5075.0,0,0.0,1.0,0.0,0.0,28,0.0,2,8,20,0.0,1,1,phishing,1
3958.0,0,0.207792208,0.792207792,93.75,0.25,66,0.106060606,10,9,16,4.375,0,4,legitimate,0
5279.0,0,0.0,1.0,0.0,0.0,49,0.0,4,19,14,8.333333332999999,1,1,phishing,1
1.0,1,0.792,0.208,0.0,0.141414141,27,0.0,1,14,20,0.0,1,1,phishing,1
6710.0,0,0.044728435,0.955271565,22.22222222,0.071428571,37,0.0,2,21,29,0.0,1,4,legitimate,0
9621.0,0,0.0,0.0,0.0,0.0,102,0.049019608,13,12,15,6.272727272999999,1,3,legitimate,0
2275.0,0,0.0,0.0,0.0,0.0,43,0.0,5,7,10,5.25,1,1,phishing,1
3893.0,0,0.253275109,0.746724891,0.0,0.034482759,41,0.0,5,9,16,4.333333333,1,0,legitimate,0
241.0,2,0.0625,0.9375,100.0,0.0,238,0.369747899,15,64,15,14.35714286,1,16,phishing,1
2606.0,0,0.825,0.175,13.33333333,0.1363636359999999,37,0.0,3,14,18,5.0,1,0,phishing,1
5075.0,0,0.0,0.0,0.0,0.0,53,0.396226415,3,32,13,32.0,1,2,phishing,1
8347.0,2,1.0,0.0,0.0,0.0,42,0.0,4,11,16,7.5,0,1,phishing,1
82.0,1,0.121212121,0.8787878790000001,100.0,0.0,326,0.190184049,25,32,19,11.45833333,1,17,phishing,1
7546.0,0,0.041139241,0.958860759,0.0,0.461538462,20,0.0,1,5,13,0.0,1,0,legitimate,0
7431.0,0,0.01532567,0.98467433,100.0,0.0,55,0.018181818,6,9,17,6.5,1,4,legitimate,0
5075.0,1,0.0,0.0,0.0,0.0,34,0.0,4,7,9,5.0,1,0,phishing,1
4003.0,0,0.0,1.0,100.0,0.0,127,0.141732283,13,17,50,7.375,1,4,phishing,1
1109.0,2,0.917525773,0.082474227,100.0,0.0,63,0.031746032,10,11,15,3.444444444,1,0,phishing,1
7133.0,0,0.079155673,0.920844327,63.85542169,0.466666667,43,0.0,5,9,16,5.0,0,0,legitimate,0
2660.0,0,0.301075269,0.698924731,0.0,0.0,32,0.0,2,15,23,0.0,1,3,legitimate,0
5075.0,0,0.0,0.0,0.0,0.0,46,0.0,6,10,18,4.25,1,3,legitimate,0
6653.0,0,0.0821917809999999,0.917808219,14.28571429,1.0,64,0.0,8,10,18,5.5,0,5,legitimate,0
5613.0,0,0.368421053,0.6315789470000001,100.0,0.0,44,0.0681818179999999,6,8,25,5.0,1,4,phishing,1
8045.0,0,0.093023256,0.906976744,75.0,0.0,47,0.0,6,12,20,3.75,1,3,legitimate,0
3014.0,1,0.0,1.0,0.0,0.0,48,0.0625,4,16,27,6.0,0,1,phishing,1
6207.0,0,0.5810276679999999,0.418972332,75.0,0.013605442,27,0.0,2,10,18,0.0,0,3,legitimate,0
240.0,0,1.0,0.0,0.0,0.043478261,36,0.083333333,3,13,17,4.5,1,1,phishing,1
3849.0,0,0.073170732,0.926829268,78.57142857,0.333333333,58,0.0,7,15,16,6.0,0,5,legitimate,0
397.0,3,0.090909091,0.909090909,0.0,0.0,105,0.0,12,22,37,5.1,1,0,phishing,1
2486.0,0,0.045751634,0.954248366,80.39215686,0.285714286,24,0.0,3,5,15,0.0,1,3,legitimate,0
7634.0,0,0.25,0.75,0.0,0.0,37,0.135135135,3,9,21,8.0,1,2,phishing,1
9044.0,0,0.4,0.6,56.0,0.0,54,0.018518519,8,11,19,3.666666667,1,3,legitimate,0
7241.0,0,0.108490566,0.891509434,48.07692308,0.065217391,26,0.0,2,10,18,0.0,1,3,legitimate,0
6686.0,0,0.288135593,0.711864407,68.51851852,0.176470588,67,0.0,8,11,13,6.666666667,0,7,legitimate,0
5075.0,1,0.516129032,0.483870968,0.0,0.4375,157,0.363057325,14,23,21,9.75,1,13,phishing,1
3447.0,0,0.5625,0.4375,0.0,0.111111111,78,0.0,7,24,32,6.8,1,3,legitimate,0
7445.0,0,0.0,0.0,0.0,0.0,87,0.103448276,11,11,31,5.0,1,3,legitimate,0
933.0,0,0.818181818,0.181818182,52.0,0.222222222,24,0.0,2,9,17,0.0,1,3,legitimate,0
5669.0,2,0.6707317070000001,0.329268293,12.71186441,0.5727272729999999,213,0.356807512,12,64,24,15.54545455,1,11,phishing,1
5616.0,0,0.772727273,0.227272727,100.0,0.0,56,0.125,4,30,47,0.0,1,1,phishing,1
5075.0,2,0.093333333,0.906666667,80.0,0.0,58,0.0,7,10,18,5.6,1,5,phishing,1
4317.0,0,0.0,1.0,100.0,0.0,30,0.0,2,13,21,0.0,0,5,legitimate,0
6323.0,3,0.0,0.0,0.0,0.0,100,0.11,14,16,24,4.75,1,6,legitimate,0
6261.0,0,0.446428571,0.553571429,35.29411765,0.12,83,0.0,12,13,21,4.3,1,4,legitimate,0
8225.0,1,0.628571429,0.371428571,30.0,0.045454545,46,0.0,5,8,23,6.5,1,3,legitimate,0
4508.0,4,0.181818182,0.818181818,100.0,0.0,164,0.25,15,64,16,9.846153846,1,5,phishing,1
1338.0,0,0.0,1.0,0.0,0.0,41,0.195121951,3,11,25,8.0,0,1,phishing,1
5075.0,0,0.333333333,0.666666667,33.33333333,0.5,45,0.022222222,4,14,19,8.5,1,3,legitimate,0
7081.0,0,0.024390244,0.975609756,0.0,0.5,43,0.0,3,17,25,8.0,0,4,legitimate,0
2700.0,1,0.375,0.625,85.29411765,0.111111111,60,0.0,6,17,21,5.2,1,1,legitimate,0
1037.0,2,0.0,1.0,0.0,0.0,907,0.175303197,32,240,29,27.93333333,1,27,phishing,1
8094.0,0,0.571428571,0.428571429,0.0,0.75,32,0.1875,4,8,24,0.0,1,1,phishing,1
2369.0,0,0.0,1.0,0.0,0.0,88,0.011363636,13,19,27,3.909090909,1,4,phishing,1
3229.0,0,0.2,0.8,50.0,0.307692308,24,0.0,2,8,16,0.0,1,3,legitimate,0
5225.0,0,0.302439024,0.6975609759999999,34.32835821,0.14516129,59,0.0,6,10,18,7.25,1,6,legitimate,0
5075.0,0,0.0,1.0,100.0,0.0,30,0.0,3,11,15,3.0,1,1,legitimate,0
3718.0,0,0.5,0.5,62.5,0.166666667,48,0.020833333,5,15,25,4.333333333,1,4,phishing,1
2290.0,0,1.0,0.0,0.0,0.0,49,0.020408163,7,10,13,4.6,1,3,phishing,1
1338.0,0,0.0,1.0,0.0,0.0,43,0.186046512,4,11,25,4.5,0,1,phishing,1
2837.0,0,0.2,0.8,75.0,0.0,35,0.0,3,11,26,0.0,1,1,phishing,1
3781.0,0,0.111111111,0.8888888890000001,66.66666667,0.25,28,0.0,2,11,19,0.0,0,3,legitimate,0
5857.0,0,0.699421965,0.300578035,60.86956522,0.033057851,88,0.0,10,10,20,6.5,0,3,legitimate,0
4798.0,0,0.090909091,0.909090909,87.5,0.0,22,0.0,1,12,15,0.0,1,0,legitimate,0
9156.0,1,0.8,0.2,0.0,0.0,61,0.114754098,5,24,15,11.33333333,0,5,phishing,1
7298.0,0,0.543478261,0.456521739,0.0,0.04,29,0.068965517,2,8,20,0.0,1,0,legitimate,0
8348.0,1,1.0,0.0,0.0,0.0,60,0.05,5,28,16,11.0,0,2,phishing,1
5028.0,1,0.0,1.0,0.0,0.0,43,0.0,5,11,19,4.333333333,1,3,phishing,1
2221.0,0,0.0,1.0,0.0,0.0,77,0.0,9,12,20,6.142857143,1,3,legitimate,0
5075.0,0,0.086956522,0.913043478,46.15384615,0.625,30,0.033333333,3,7,15,5.0,1,2,phishing,1
9874.0,0,0.0,1.0,0.0,0.0,33,0.03030303,4,6,15,4.0,0,0,legitimate,0
3103.0,0,0.432432432,0.567567568,0.0,0.125,45,0.0,4,15,18,9.0,0,4,legitimate,0
8752.0,0,0.070175439,0.929824561,50.0,0.25,52,0.0,5,16,18,7.666666667,1,4,legitimate,0
3992.0,0,0.0,1.0,100.0,0.0,116,0.163793103,11,17,42,8.142857142999999,1,3,phishing,1
7192.0,0,0.75,0.25,0.0,1.0,51,0.0,5,20,24,4.0,1,0,phishing,1
9201.0,0,0.197278912,0.802721088,21.21212121,0.344827586,43,0.0,4,10,18,8.0,0,3,legitimate,0
6910.0,0,0.103174603,0.8968253970000001,35.29411765,0.692307692,27,0.0,2,6,18,0.0,0,0,legitimate,0
5627.0,1,0.80952381,0.19047619,25.0,0.294117647,78,0.0,10,17,44,7.666666667,1,2,phishing,1
3993.0,0,0.0,1.0,100.0,0.0,122,0.172131148,12,17,46,8.142857142999999,1,8,phishing,1
3902.0,0,0.0170212769999999,0.982978723,85.71428571,0.25,21,0.0,2,6,13,0.0,0,3,legitimate,0
1338.0,0,0.0,1.0,0.0,0.0,29,0.068965517,2,11,20,0.0,0,0,phishing,1
7053.0,1,0.067961165,0.932038835,0.0,0.285714286,111,0.198198198,8,28,24,12.33333333,1,3,phishing,1
6322.0,0,0.642857143,0.357142857,35.71428571,0.333333333,79,0.075949367,10,10,22,5.25,1,1,legitimate,0
7840.0,0,0.104895105,0.895104895,20.0,0.0,82,0.0,9,13,16,7.428571429,0,3,legitimate,0
5075.0,0,0.369230769,0.630769231,17.64705882,0.291666667,27,0.0,2,10,18,0.0,1,3,legitimate,0
12560.0,0,0.023255814,0.976744186,93.75,1.0,45,0.022222222,4,9,17,9.0,1,5,legitimate,0
276.0,1,0.0,1.0,0.0,0.0,128,0.4453125,9,49,14,14.28571429,1,14,phishing,1
7446.0,0,0.625,0.375,100.0,0.0,73,0.1643835619999999,8,14,28,5.0,1,1,legitimate,0
7.0,1,0.0,0.0,0.0,0.0,51,0.0,8,6,27,3.25,1,3,phishing,1
5075.0,0,0.085365854,0.914634146,40.0,0.142857143,42,0.0,5,9,11,6.333333333,1,4,legitimate,0
1350.0,0,0.0,0.0,0.0,0.0,29,0.034482759,2,11,20,0.0,1,0,phishing,1
5075.0,0,0.051948052,0.948051948,60.0,0.625,62,0.096774194,8,8,17,5.166666667,1,0,phishing,1
7620.0,0,0.323308271,0.6766917290000001,88.88888889,0.023255814,75,0.0,7,20,35,5.6,1,0,legitimate,0
6429.0,0,0.054852321,0.945147679,85.55555556,0.307692308,41,0.0,4,10,17,7.0,0,0,legitimate,0
4778.0,0,0.015267176,0.984732824,96.0,0.0,81,0.0493827159999999,10,9,17,6.0,0,4,legitimate,0
5311.0,0,0.176,0.8240000000000001,45.83333333,0.090909091,56,0.035714286,6,11,19,6.5,1,6,phishing,1
3426.0,0,0.0,0.0,0.0,0.0,77,0.181818182,6,24,22,8.2,1,2,phishing,1
8347.0,1,1.0,0.0,0.0,0.0,84,0.095238095,10,30,16,6.5,0,2,phishing,1
6071.0,0,0.26344086,0.73655914,25.89285714,0.142857143,50,0.0,5,12,18,7.333333333,1,1,legitimate,0
2610.0,0,0.306122449,0.6938775509999999,0.0,0.333333333,31,0.0,2,15,23,0.0,1,3,legitimate,0
3992.0,0,0.0,1.0,100.0,0.0,127,0.196850394,13,17,50,7.375,1,6,phishing,1
5075.0,0,0.076923077,0.923076923,66.66666667,0.5,55,0.0,7,8,28,5.666666667,1,3,legitimate,0
76.0,0,0.0,0.0,0.0,0.0,35,0.085714286,3,12,21,6.0,1,0,phishing,1
4673.0,0,0.280612245,0.719387755,93.75,0.145454545,41,0.0,4,9,10,6.666666667,0,2,legitimate,0
1016.0,0,0.967741935,0.032258065,0.0,0.1,94,0.265957447,7,32,28,18.33333333,0,5,phishing,1
7587.0,0,0.004901961,0.995098039,93.75,0.0,37,0.0,3,14,22,7.0,1,3,legitimate,0
4370.0,0,0.739130435,0.260869565,71.42857143,0.117647059,38,0.0,4,9,13,4.666666667,1,0,phishing,1
7965.0,0,0.288135593,0.711864407,57.89473684,0.117647059,55,0.0,6,14,22,5.25,1,3,legitimate,0
3862.0,0,0.010309278,0.989690722,81.81818182,0.0,52,0.019230769,5,19,27,4.666666667,1,4,legitimate,0
7129.0,0,0.089285714,0.910714286,66.44295302,0.42,43,0.0,6,9,18,4.666666667,0,0,legitimate,0
9095.0,0,0.066037736,0.933962264,20.0,0.0,47,0.0,6,10,14,4.2,0,1,legitimate,0
5158.0,0,0.192307692,0.807692308,80.0,0.0,31,0.129032258,3,7,18,1.0,1,0,legitimate,0
7670.0,0,0.395348837,0.604651163,75.0,0.105882353,20,0.0,1,6,13,0.0,1,0,legitimate,0
8195.0,0,0.090909091,0.909090909,0.0,0.0,40,0.0,3,12,31,0.0,1,1,phishing,1
5158.0,0,0.125,0.875,100.0,0.0,22,0.090909091,2,6,15,0.0,1,1,legitimate,0
9205.0,0,0.233870968,0.766129032,18.75,0.379310345,38,0.0,4,10,18,5.5,0,4,legitimate,0
10616.0,0,0.0,0.0,0.0,0.0,54,0.074074074,7,8,15,5.4,1,1,legitimate,0
5075.0,1,1.0,0.0,0.0,0.0,39,0.0,4,11,31,0.0,1,2,phishing,1
5887.0,0,0.067357513,0.932642487,90.0,0.076923077,50,0.0,6,7,15,6.0,0,4,legitimate,0
8707.0,0,0.040650407,0.959349593,50.0,0.0,25,0.0,2,8,16,0.0,0,3,legitimate,0
6170.0,1,1.0,0.0,100.0,0.0,28,0.214285714,2,8,21,0.0,0,0,phishing,1
5075.0,0,0.102272727,0.897727273,0.0,0.222222222,74,0.0,8,14,19,5.857142857,0,0,legitimate,0
5075.0,0,0.153846154,0.846153846,0.0,0.0,39,0.0,3,13,17,6.0,1,1,phishing,1
5075.0,0,0.071428571,0.928571429,0.0,0.0,22,0.0,2,6,14,0.0,0,3,legitimate,0
7053.0,0,0.004120879,0.995879121,92.85714286,0.333333333,31,0.0,4,6,19,2.0,1,4,legitimate,0
6195.0,3,0.0,1.0,100.0,0.0,58,0.0,6,12,20,6.75,1,3,legitimate,0
1791.0,0,0.535714286,0.464285714,0.0,0.0,50,0.0,5,12,16,5.75,0,1,legitimate,0
49.0,0,0.0,0.0,0.0,0.0,33,0.0,4,6,25,0.0,1,0,phishing,1
3251.0,0,0.8,0.2,0.0,0.0,30,0.0,5,6,10,5.5,1,3,phishing,1
5075.0,0,0.133333333,0.8666666670000001,63.63636364,0.25,32,0.0625,3,7,14,3.5,1,0,phishing,1
2416.0,0,1.0,0.0,0.0,0.0,33,0.0,3,8,12,5.5,1,0,phishing,1
4916.0,0,0.126760563,0.8732394370000001,75.0,0.333333333,64,0.0,8,10,14,6.166666667,0,5,legitimate,0
1546.0,0,0.575757576,0.424242424,60.0,0.263157895,41,0.1707317069999999,2,14,32,0.0,1,7,phishing,1
7647.0,0,0.294117647,0.705882353,12.5,0.6,87,0.011494253,13,8,18,4.6363636360000005,1,3,phishing,1
5451.0,1,0.0,1.0,0.0,0.0,76,0.026315789,11,9,49,5.666666667,1,0,phishing,1
7296.0,0,0.848484848,0.151515152,12.5,0.142857143,54,0.111111111,6,13,26,4.0,1,1,phishing,1
3572.0,0,0.0,0.0,0.0,0.0,31,0.0,2,9,14,9.0,1,3,phishing,1
5075.0,1,0.72,0.28,0.0,0.055555556,70,0.142857143,7,15,14,6.833333333,1,2,phishing,1
4609.0,4,0.666666667,0.333333333,0.0,0.0,113,0.0,16,14,17,4.866666667,1,8,phishing,1
7621.0,0,0.209540034,0.7904599659999999,93.16239316,0.016260163,30,0.0,2,14,22,0.0,1,3,legitimate,0
5075.0,3,0.0,1.0,0.0,0.0,92,0.141304348,7,32,22,9.333333333,1,1,phishing,1
7498.0,0,0.075144509,0.924855491,92.06349206,0.0,51,0.039215686,7,8,11,5.6,0,3,legitimate,0
2313.0,0,0.516129032,0.483870968,0.0,0.041666667,42,0.0,3,17,25,8.0,1,3,legitimate,0
258.0,0,0.0,1.0,100.0,0.0,32,0.0,2,16,24,0.0,1,3,phishing,1
5767.0,0,0.033333333,0.966666667,100.0,0.0,77,0.285714286,4,32,23,14.66666667,1,7,phishing,1
5401.0,0,0.028409091,0.971590909,96.84210526,0.2,45,0.0,4,13,21,7.5,1,4,legitimate,0
5180.0,0,0.131578947,0.8684210529999999,16.66666667,0.8,30,0.0,3,9,18,3.0,0,0,legitimate,0
9639.0,0,0.55483871,0.44516129,35.0,0.093023256,48,0.0,6,8,17,4.75,0,0,legitimate,0
5075.0,0,0.166666667,0.833333333,0.0,1.0,74,0.067567568,11,8,14,4.888888889,1,2,phishing,1
7419.0,0,1.0,0.0,0.0,0.0,74,0.0,10,11,13,5.625,0,7,legitimate,0
1334.0,0,0.6333333329999999,0.3666666670000001,0.0,0.289473684,25,0.04,2,8,16,0.0,1,1,legitimate,0
713.0,0,0.558441558,0.4415584420000001,37.5,0.0,47,0.042553191,4,16,29,4.5,0,1,legitimate,0
3630.0,0,0.0,1.0,0.0,0.0,32,0.03125,3,8,11,6.0,1,0,legitimate,0
7296.0,0,0.941176471,0.058823529,0.0,0.0625,48,0.020833333,7,8,36,1.0,1,1,phishing,1
5075.0,0,0.0,0.0,0.0,0.0,74,0.22972973,5,32,17,15.66666667,1,7,phishing,1
3243.0,0,0.6,0.4,0.0,0.0,51,0.196078431,5,13,43,0.0,1,0,phishing,1
2388.0,0,0.145454545,0.854545455,72.22222222,0.0,56,0.0,7,8,16,5.6,0,4,legitimate,0
1336.0,0,0.111111111,0.8888888890000001,0.0,0.0,29,0.068965517,2,11,20,0.0,0,0,phishing,1
9958.0,0,0.065217391,0.934782609,9.523809524,0.047619048,48,0.0,6,9,17,5.0,0,3,legitimate,0
5883.0,0,0.045454545,0.954545455,93.22033898,0.272727273,46,0.0,6,8,15,5.0,0,3,legitimate,0
5075.0,2,0.0,1.0,0.0,0.0,169,0.159763314,15,43,17,9.071428571,1,15,phishing,1
7584.0,0,0.005319149,0.994680851,92.85714286,0.0,38,0.0,4,14,22,3.5,1,3,legitimate,0
767.0,2,0.0,0.0,0.0,0.0,47,0.0,5,13,21,5.0,1,3,phishing,1
866.0,2,0.0,1.0,0.0,0.0,108,0.25,9,32,20,8.75,1,3,phishing,1
7448.0,0,0.0,0.0,0.0,0.0,26,0.0,2,9,17,0.0,0,3,legitimate,0
5075.0,0,0.0,0.0,0.0,0.0,84,0.1785714289999999,14,9,6,4.307692308,1,2,phishing,1
7131.0,0,0.0304414,0.9695586,71.83098592,0.6,55,0.0,9,9,16,3.428571429,0,2,legitimate,0
190.0,0,0.0,0.0,0.0,0.0,39,0.102564103,3,9,30,0.0,1,0,phishing,1
7396.0,0,0.134987893,0.865012107,16.0,0.071748879,27,0.0,2,7,19,0.0,1,0,legitimate,0
5075.0,0,0.6,0.4,26.2295082,0.156862745,16,0.0,1,5,8,0.0,0,0,legitimate,0
7284.0,0,0.0,0.0,0.0,0.0,44,0.0,4,11,21,7.0,1,0,legitimate,0
5075.0,0,0.25,0.75,0.0,0.0,29,0.0,4,5,11,4.5,1,0,legitimate,0
5075.0,0,0.875502008,0.124497992,6.0,0.036697248,27,0.0,3,7,19,0.0,1,3,legitimate,0
1527.0,0,0.4,0.6,0.0,0.0,40,0.0,3,15,24,7.0,1,0,phishing,1
3993.0,0,0.346153846,0.653846154,71.42857143,0.222222222,28,0.0,2,11,19,0.0,0,3,legitimate,0
3992.0,0,0.0,1.0,100.0,0.0,125,0.144,12,17,50,8.142857142999999,1,2,phishing,1
3255.0,0,0.0,1.0,100.0,0.0,21,0.0,2,8,11,1.0,1,0,phishing,1
7816.0,2,0.0,1.0,0.0,0.0,248,0.237903226,12,64,14,19.63636364,1,1,phishing,1
295.0,0,0.655555556,0.344444444,14.0625,0.322033898,40,0.05,4,16,19,3.666666667,1,0,phishing,1
3898.0,0,0.662790698,0.337209302,62.65060241,0.350877193,64,0.125,9,14,22,3.857142857,1,3,legitimate,0
7618.0,0,0.447058824,0.552941176,50.0,0.105263158,77,0.0,7,12,27,7.6,1,0,legitimate,0
1338.0,0,0.0,1.0,0.0,0.0,43,0.186046512,3,11,25,8.0,0,1,phishing,1
3753.0,1,0.0,0.0,0.0,0.0,62,0.306451613,4,32,19,17.0,1,4,phishing,1
1101.0,0,0.8,0.2,0.0,0.0,32,0.03125,4,6,8,4.333333333,1,0,phishing,1
5075.0,0,0.114285714,0.8857142859999999,46.15384615,0.625,18,0.0,2,3,10,0.0,1,3,legitimate,0
630.0,5,0.571428571,0.428571429,0.0,0.0,95,0.0,12,18,13,5.818181817999999,1,1,phishing,1
5160.0,1,0.5,0.5,100.0,0.0,49,0.142857143,5,10,30,4.5,1,0,phishing,1
7423.0,0,1.0,0.0,0.0,0.0,98,0.0,16,9,13,4.5,0,4,legitimate,0
7105.0,0,0.122699387,0.877300613,25.0,0.15,268,0.194029851,22,94,13,11.3,1,17,phishing,1
177.0,1,0.19047619,0.80952381,0.0,0.0,101,0.069306931,10,39,18,9.714285714,1,1,phishing,1
5075.0,0,0.475,0.525,35.29411765,0.526315789,21,0.047619048,1,10,13,0.0,0,0,phishing,1
4796.0,0,0.055555556,0.944444444,0.0,0.0,24,0.0,2,7,15,0.0,0,3,legitimate,0
7131.0,0,0.04009434,0.95990566,69.09090909,0.529411765,37,0.0,4,9,16,5.5,0,1,legitimate,0
241.0,2,0.0625,0.9375,100.0,0.0,246,0.406504065,15,64,15,14.92857143,1,8,phishing,1
1612.0,0,0.0,1.0,100.0,0.0,77,0.142857143,10,18,26,4.375,1,3,phishing,1
3792.0,1,0.0,0.0,0.0,0.0,39,0.0,3,12,26,5.0,1,0,phishing,1
8520.0,0,0.377358491,0.622641509,80.0,0.0,33,0.0,3,8,16,8.0,1,4,legitimate,0
2215.0,0,0.0,1.0,0.0,0.0,34,0.0,3,11,15,4.5,1,0,phishing,1
8347.0,1,1.0,0.0,0.0,0.0,242,0.144628099,29,21,19,6.814814815,0,17,phishing,1
7296.0,0,0.928571429,0.071428571,14.28571429,0.230769231,38,0.0,2,16,29,0.0,1,0,phishing,1
5161.0,0,0.25,0.75,0.0,0.0,36,0.0,3,9,29,0.0,1,1,legitimate,0
5075.0,0,1.0,0.0,0.0,0.0,39,0.0,3,16,31,0.0,1,3,phishing,1
7131.0,0,0.082304527,0.917695473,62.96296296,0.45,55,0.0,5,15,16,9.333333333,0,0,legitimate,0
5075.0,0,0.0,0.0,0.0,0.0,81,0.098765432,10,13,25,5.125,1,0,legitimate,0
5075.0,0,0.0,0.0,0.0,0.0,20,0.0,1,6,13,0.0,1,0,legitimate,0
2132.0,0,0.507042254,0.492957746,81.81818182,0.0,54,0.037037037,5,10,31,6.5,1,0,legitimate,0
535.0,0,0.0,0.0,0.0,0.0,81,0.209876543,6,32,19,12.5,1,5,phishing,1
5075.0,1,1.0,0.0,0.0,0.0,38,0.0,3,14,30,0.0,1,1,phishing,1
8407.0,0,0.091588785,0.908411215,50.0,0.040816327,45,0.0,6,10,18,3.75,1,3,legitimate,0
4152.0,2,0.7142857140000001,0.285714286,0.0,0.0,94,0.0,9,19,27,7.428571429,1,5,phishing,1
1369.0,1,0.0,0.0,0.0,0.0,52,0.0,7,7,17,6.0,1,1,phishing,1
2394.0,0,0.397727273,0.602272727,25.92592593,0.085714286,79,0.0,9,11,13,7.285714286,0,3,legitimate,0
5626.0,0,0.80952381,0.19047619,25.0,0.294117647,35,0.085714286,4,9,26,0.0,1,2,phishing,1
7298.0,0,0.7428571429999999,0.257142857,38.46153846,0.211538462,40,0.0,2,19,32,0.0,1,0,legitimate,0
5075.0,0,0.0,1.0,0.0,0.0,37,0.0,4,13,20,2.333333333,1,1,phishing,1
5075.0,0,0.0,0.0,0.0,0.0,33,0.0,3,15,22,2.0,1,4,phishing,1
5075.0,0,0.203821656,0.7961783440000001,75.0,0.0625,22,0.0,2,6,13,0.0,0,3,legitimate,0
5075.0,0,0.9,0.1,0.0,0.0,16,0.0,2,4,4,4.0,1,0,phishing,1
3318.0,1,0.0,1.0,100.0,0.0,57,0.070175439,7,17,21,3.833333333,1,1,phishing,1
8019.0,0,0.884615385,0.115384615,0.0,0.0,123,0.1300813009999999,12,36,30,8.222222222000001,1,3,phishing,1
3957.0,0,0.242424242,0.757575758,69.23076923,0.0,114,0.00877193,15,10,18,5.692307692000001,1,5,legitimate,0
5075.0,0,0.0,1.0,100.0,0.0,77,0.1558441559999999,16,9,14,4.833333333,1,7,phishing,1
7295.0,0,0.928571429,0.071428571,14.28571429,0.846153846,32,0.09375,2,10,23,0.0,1,1,phishing,1
2241.0,0,0.557692308,0.442307692,27.77777778,0.0,27,0.0,2,10,18,0.0,0,3,legitimate,0
7619.0,0,0.31496063,0.68503937,92.53731343,0.025,72,0.0,6,16,31,7.5,1,0,legitimate,0
3103.0,1,0.918166939,0.081833061,0.17921147,0.01426025,35,0.0,2,13,27,0.0,1,0,phishing,1
6741.0,0,0.0,1.0,0.0,0.0,83,0.506024096,9,32,22,8.0,1,7,phishing,1
8269.0,0,0.357142857,0.642857143,50.0,0.8,40,0.0,3,13,21,10.0,1,3,legitimate,0
2920.0,0,0.056338028,0.943661972,25.0,0.75,29,0.0,3,7,21,0.0,1,3,legitimate,0
1973.0,0,0.333333333,0.666666667,93.93939394,0.285714286,36,0.0,4,8,15,5.0,0,4,phishing,1
7159.0,0,0.069230769,0.930769231,83.33333333,0.666666667,42,0.119047619,6,8,14,4.25,1,0,legitimate,0
1101.0,0,0.0,0.0,0.0,0.0,32,0.0,2,11,24,0.0,1,0,phishing,1
2.0,0,0.147679325,0.852320675,84.32432432,0.114285714,49,0.0,6,14,21,4.0,1,5,phishing,1
1536.0,0,0.420168067,0.579831933,95.58823529,0.2,23,0.0,2,7,15,0.0,1,3,legitimate,0
4489.0,0,0.0625,0.9375,72.72727273,0.0,74,0.0,9,14,18,6.0,1,5,legitimate,0
1132.0,0,0.105263158,0.894736842,100.0,0.0,21,0.047619048,2,5,7,5.0,0,1,phishing,1
5075.0,0,0.0,0.0,0.0,0.0,142,0.492957746,7,99,20,37.0,1,23,phishing,1
5075.0,1,0.516129032,0.483870968,0.0,0.4375,165,0.345454545,14,23,21,10.41666667,1,13,phishing,1
936.0,0,0.0,0.0,0.0,0.0,69,0.144927536,5,25,33,8.666666667000001,1,3,phishing,1
5.0,1,0.52,0.48,0.0,0.153846154,50,0.0,3,28,32,4.0,1,0,phishing,1
5075.0,0,0.0,1.0,0.0,0.0,92,0.0,10,20,31,5.75,1,4,phishing,1
11801.0,0,0.0,1.0,0.0,0.0,85,0.070588235,11,11,17,5.777777778,0,2,legitimate,0
7133.0,0,0.074889868,0.925110132,66.0,0.470588235,41,0.0,4,11,16,7.5,0,0,legitimate,0
5876.0,0,0.628571429,0.371428571,3.846153846,0.011363636,78,0.0,7,16,24,8.4,1,4,legitimate,0
5075.0,0,0.0,0.0,0.0,0.0,35,0.0,2,13,27,0.0,1,0,phishing,1
4931.0,0,0.611888112,0.388111888,3.076923077,0.017142857,20,0.0,2,4,11,0.0,0,3,legitimate,0
6608.0,1,0.818181818,0.181818182,0.0,0.0,36,0.0,4,7,15,6.0,1,0,phishing,1
9054.0,0,0.0,1.0,0.0,0.0,58,0.0,5,18,26,7.0,1,3,legitimate,0
798.0,0,0.988071571,0.011928429,4.166666667,0.016096579,119,0.218487395,10,40,12,9.888888889,1,8,phishing,1
8345.0,1,0.56,0.44,0.0,0.0,99,0.0808080809999999,8,40,15,11.66666667,1,1,phishing,1
6392.0,1,0.0,1.0,100.0,0.0,51,0.019607843,7,7,11,4.5,1,3,phishing,1
5075.0,0,0.0,1.0,100.0,0.0,17,0.0,1,5,8,0.0,0,0,legitimate,0
7298.0,0,0.425531915,0.574468085,67.48466258,0.5375,35,0.0,2,14,27,0.0,1,1,legitimate,0
3478.0,0,0.0,0.0,0.0,0.0,72,0.180555556,7,16,13,9.2,1,3,phishing,1
2683.0,0,0.0,0.0,0.0,0.0,26,0.038461538,2,11,19,0.0,1,1,legitimate,0
6258.0,0,0.050522648,0.949477352,51.61290323,0.413793103,36,0.0,3,17,25,3.0,1,4,legitimate,0
8019.0,0,0.909090909,0.090909091,0.0,0.0,113,0.079646018,8,46,23,12.5,1,4,phishing,1
819.0,0,0.142857143,0.857142857,0.0,0.0,26,0.0,2,7,18,0.0,1,0,phishing,1
5842.0,0,0.0,0.0,0.0,0.0,76,0.026315789,9,16,29,4.571428571,1,1,phishing,1
529.0,0,0.0,0.0,0.0,0.0,56,0.1785714289999999,5,13,20,8.666666667000001,1,0,phishing,1
8348.0,1,1.0,0.0,0.0,0.0,98,0.214285714,11,15,16,6.888888889,0,4,phishing,1
6991.0,0,0.72972973,0.27027027,38.0952381,0.018518519,70,0.0,11,11,13,4.333333333,1,3,legitimate,0
322.0,3,0.0,1.0,0.0,0.0,82,0.036585366,8,12,22,7.5,1,4,phishing,1
7297.0,0,0.480769231,0.519230769,88.88888889,0.08,33,0.0,2,12,25,0.0,1,0,legitimate,0
3396.0,0,0.374384236,0.625615764,50.0,0.026315789,24,0.0,2,8,15,0.0,0,3,legitimate,0
7764.0,0,1.0,0.0,0.0,0.0,132,0.060606061,8,43,16,16.83333333,1,40,phishing,1
3006.0,0,0.0,1.0,0.0,0.0,27,0.074074074,2,8,11,7.0,0,1,phishing,1
8094.0,0,0.571428571,0.428571429,0.0,0.75,44,0.1363636359999999,5,12,24,12.0,1,1,phishing,1
1938.0,0,0.41025641,0.58974359,0.0,0.125,26,0.153846154,2,10,18,0.0,1,3,legitimate,0
2139.0,0,0.875,0.125,0.0,0.0,25,0.2,2,7,10,6.0,0,0,phishing,1
5075.0,0,0.957446809,0.042553191,50.0,0.0,24,0.041666667,1,14,17,0.0,1,0,legitimate,0
42.0,0,0.0,1.0,0.0,0.0,46,0.0,4,21,29,3.5,1,4,phishing,1
3497.0,0,0.236413043,0.763586957,61.76470588,0.034482759,34,0.0,2,15,25,0.0,1,4,legitimate,0
143.0,0,0.142857143,0.857142857,0.0,1.0,19,0.0,1,4,11,0.0,1,0,phishing,1
4103.0,0,0.0,1.0,100.0,0.0,42,0.0,6,5,24,4.5,1,0,phishing,1
5075.0,0,0.065637066,0.934362934,64.10256410000001,0.0,54,0.0,7,10,22,4.0,1,0,phishing,1
35.0,0,0.8852459020000001,0.114754098,0.746268657,0.481481481,166,0.487951807,7,123,21,26.6,1,9,phishing,1
2686.0,1,0.303571429,0.6964285709999999,27.77777778,0.058823529,58,0.0,8,9,14,5.0,1,3,phishing,1
7489.0,0,0.0,0.0,0.0,0.0,342,0.301169591,39,34,16,7.594594595,0,15,phishing,1
2459.0,0,0.063829787,0.936170213,0.0,0.333333333,50,0.0,6,11,19,5.0,1,3,legitimate,0
3820.0,0,0.012820513,0.987179487,0.0,1.333333333,21,0.0,1,8,14,0.0,0,0,legitimate,0
7446.0,0,0.0,0.0,0.0,0.0,71,0.0845070419999999,9,9,29,4.666666667,1,2,legitimate,0
6302.0,0,0.0,0.0,0.0,0.0,36,0.0,4,10,17,4.5,1,3,phishing,1
5075.0,1,0.516129032,0.483870968,0.0,0.4375,164,0.37195122,13,24,17,10.66666667,1,6,phishing,1
5627.0,0,0.818181818,0.181818182,25.0,0.277777778,80,0.025,7,30,47,7.0,1,2,phishing,1
2616.0,4,0.5625,0.4375,0.0,0.222222222,96,0.010416667,11,12,27,6.625,1,1,phishing,1
778.0,3,0.030664395,0.969335605,96.91780822,0.111111111,94,0.0,12,13,21,5.4,1,6,phishing,1
1794.0,0,0.928571429,0.071428571,0.0,0.153846154,55,0.0,6,12,14,5.8,1,4,phishing,1
4706.0,0,0.216080402,0.783919598,75.0,0.0,26,0.038461538,3,5,13,3.0,0,3,legitimate,0
8079.0,0,0.0,1.0,0.0,0.0,83,0.0,8,10,18,8.666666667000001,1,3,legitimate,0
1046.0,1,0.0,1.0,0.0,0.0,35,0.0,2,20,24,2.0,1,1,phishing,1
2344.0,0,0.3125,0.6875,45.45454545,0.033333333,43,0.023255814,4,10,26,3.5,0,0,legitimate,0
3993.0,0,0.0,1.0,100.0,0.0,126,0.134920635,13,17,50,7.375,1,6,phishing,1
3327.0,1,0.310344828,0.689655172,54.54545455,0.333333333,110,0.0,14,21,29,5.083333333,1,6,phishing,1
2414.0,1,1.0,0.0,0.0,1.0,155,0.174193548,12,36,15,12.3,1,4,phishing,1
7062.0,0,0.067961165,0.932038835,0.0,0.285714286,78,0.320512821,7,32,34,17.5,1,7,phishing,1
507.0,0,0.0,0.0,0.0,0.0,66,0.151515152,5,22,30,8.666666667000001,1,0,phishing,1
605.0,2,0.171428571,0.828571429,11.11111111,0.333333333,89,0.04494382,13,9,16,4.25,1,2,phishing,1
5613.0,0,0.0,0.0,0.0,0.0,32,0.0625,2,11,23,0.0,1,1,phishing,1
9.0,1,0.047619048,0.952380952,0.0,1.0,57,0.0,5,22,26,4.75,1,1,phishing,1
2314.0,3,0.0,0.0,0.0,0.0,243,0.102880658,24,25,25,8.545454545,1,8,phishing,1
5075.0,0,0.0,1.0,0.0,0.0,38,0.105263158,2,20,9,20.0,1,0,phishing,1
5615.0,2,0.80952381,0.19047619,25.0,0.176470588,61,0.016393443,9,12,29,3.8,1,1,phishing,1
9438.0,0,0.222826087,0.7771739129999999,0.0,0.032520325,23,0.0,2,7,15,0.0,1,4,legitimate,0
5075.0,0,0.620253165,0.379746835,32.25806452,0.020408163,36,0.0,2,17,28,0.0,1,4,legitimate,0
6205.0,0,0.272727273,0.727272727,0.0,0.0,115,0.008695652,15,12,22,5.615384615,1,3,legitimate,0
7134.0,0,0.079230769,0.920769231,66.88102894,0.252427184,35,0.0,4,9,16,4.5,0,1,legitimate,0
1328.0,2,0.153846154,0.846153846,0.0,0.5,1641,0.162705667,68,106,22,23.37878788,1,36,phishing,1
5075.0,1,0.0,1.0,100.0,0.0,60,0.0,7,8,20,5.6,1,1,phishing,1
5075.0,0,0.448717949,0.551282051,7.407407407000001,0.371428571,37,0.0,2,17,28,0.0,1,3,legitimate,0
5075.0,0,0.272727273,0.727272727,90.90909091,0.0,42,0.0,4,10,12,6.666666667,0,1,phishing,1
7410.0,0,0.083941606,0.916058394,0.0,0.086956522,72,0.0,10,9,14,5.375,1,3,legitimate,0
7134.0,0,0.067878788,0.932121212,69.56521739,0.339285714,45,0.0,5,9,16,6.0,0,0,legitimate,0
4217.0,0,0.086330935,0.913669065,33.33333333,0.694444444,40,0.0,4,11,20,5.5,1,1,legitimate,0
4489.0,0,0.434782609,0.565217391,68.96551724,0.1,56,0.107142857,7,13,17,4.166666667,1,1,legitimate,0
385.0,0,0.125,0.875,50.0,1.0,39,0.0,4,14,22,3.5,0,4,phishing,1
5075.0,0,0.409090909,0.590909091,100.0,0.0,68,0.0,9,10,13,5.0,1,1,phishing,1
8413.0,1,0.0,0.0,0.0,0.0,77,0.051948052,10,16,59,4.0,1,6,phishing,1
1824.0,2,0.0,1.0,0.0,0.0,45,0.022222222,4,18,22,4.0,1,0,phishing,1
8019.0,0,0.884615385,0.115384615,0.0,0.0,133,0.097744361,13,46,32,8.1,1,3,phishing,1
2044.0,0,0.533333333,0.466666667,100.0,0.0,31,0.0,2,15,23,0.0,0,3,legitimate,0
1963.0,0,0.130434783,0.869565217,0.0,0.0,69,0.391304348,3,40,20,40.0,1,2,phishing,1
6801.0,0,1.0,0.0,0.0,0.75,37,0.0,4,9,29,0.0,1,0,phishing,1
5511.0,0,0.0,1.0,0.0,0.0,41,0.024390244,4,11,25,3.5,1,0,phishing,1
5075.0,0,0.575757576,0.424242424,0.0,0.0,20,0.0,1,7,11,0.0,0,0,legitimate,0
154.0,0,0.0,1.0,0.0,0.0,259,0.239382239,36,23,27,5.371428571,1,6,phishing,1
791.0,0,0.0,1.0,100.0,0.0,33,0.0,2,18,22,3.0,1,2,phishing,1
1953.0,0,0.875,0.125,0.0,0.0,43,0.023255814,4,9,16,8.5,1,2,phishing,1
5161.0,0,0.6,0.4,0.0,0.666666667,79,0.050632911,12,16,14,4.7,0,4,legitimate,0
5075.0,0,0.153846154,0.846153846,80.0,0.642857143,48,0.083333333,8,7,11,4.0,0,3,legitimate,0
531.0,3,0.1,0.9,0.0,0.0,271,0.225092251,34,17,25,6.25,0,8,phishing,1
5160.0,0,0.6,0.4,0.0,0.666666667,76,0.052631579,12,13,14,4.4,0,4,legitimate,0
5134.0,0,0.53968254,0.46031746,0.0,0.0,31,0.0,2,13,23,0.0,1,0,phishing,1
7445.0,0,0.341463415,0.658536585,95.45454545,0.023809524,89,0.08988764,11,23,37,3.777777778,1,1,legitimate,0
1212.0,1,0.0,0.0,0.0,0.0,34,0.0,3,15,19,3.0,1,0,phishing,1
7793.0,0,0.0,1.0,0.0,0.0,31,0.0,3,7,11,5.0,1,0,legitimate,0
1856.0,0,0.0,1.0,0.0,0.0,106,0.103773585,15,19,27,4.538461538,1,1,phishing,1
4004.0,0,0.0,1.0,100.0,0.0,127,0.149606299,13,17,50,7.375,1,2,phishing,1
2887.0,3,0.857142857,0.142857143,3.636363636000001,0.944444444,87,0.16091954,9,20,27,6.571428571,1,8,phishing,1
7295.0,0,0.928571429,0.071428571,14.28571429,0.846153846,32,0.0,3,8,25,0.0,1,1,phishing,1
560.0,0,0.0,0.0,0.0,0.0,27,0.0,3,6,19,0.0,1,1,phishing,1
7431.0,0,0.0,0.0,0.0,0.0,95,0.042105263,11,15,23,6.1111111110000005,1,2,legitimate,0
1905.0,2,0.0,1.0,0.0,0.0,140,0.007142857,17,11,13,6.5,1,3,phishing,1
3386.0,0,0.0,0.0,0.0,0.0,128,0.265625,16,17,12,6.2,1,3,phishing,1
4424.0,0,0.0,0.0,0.0,0.0,46,0.086956522,6,10,23,4.0,1,3,phishing,1
7791.0,0,0.0,0.0,0.0,0.0,129,0.0,11,17,25,9.777777778,1,5,legitimate,0
3354.0,0,0.005952381,0.994047619,25.0,0.75,17,0.0,1,5,8,0.0,1,0,legitimate,0
834.0,1,0.428571429,0.571428571,0.0,0.0,38,0.078947368,3,12,30,0.0,1,0,phishing,1
1.0,0,0.0,0.0,0.0,0.0,29,0.0,3,6,21,0.0,1,0,phishing,1
8019.0,0,0.884615385,0.115384615,0.0,0.0,92,0.043478261,9,33,27,8.166666667000001,1,0,phishing,1
3993.0,0,0.0,1.0,100.0,0.0,126,0.19047619,12,17,50,8.142857142999999,1,6,phishing,1
1.0,0,0.25,0.75,63.63636364,0.117647059,49,0.0,5,19,29,3.0,1,4,phishing,1
5161.0,0,0.063829787,0.936170213,0.0,0.333333333,33,0.0,2,14,25,0.0,1,0,legitimate,0
2968.0,0,0.117647059,0.882352941,20.0,0.333333333,41,0.048780488,4,9,12,6.0,0,1,legitimate,0
5075.0,0,0.076923077,0.923076923,64.28571429,0.3,30,0.0,2,11,22,0.0,1,5,legitimate,0
9337.0,0,0.061657033,0.938342967,82.66666667,0.1875,29,0.0,3,7,13,7.0,1,3,legitimate,0
5075.0,0,0.0,1.0,0.0,0.0,41,0.0,5,14,24,4.0,1,4,phishing,1
6249.0,0,0.504545455,0.495454545,36.36363636,0.018018018,57,0.0,5,19,32,4.666666667,1,0,legitimate,0
8836.0,0,0.044554455,0.955445545,46.66666667,0.333333333,69,0.0,8,10,17,6.333333333,0,7,legitimate,0
5332.0,0,0.0,1.0,100.0,0.0,38,0.0,2,15,29,0.0,1,0,legitimate,0
6032.0,0,0.266666667,0.7333333329999999,0.0,0.0,24,0.0,2,9,17,0.0,0,4,legitimate,0
5075.0,0,0.333333333,0.666666667,0.0,0.0,44,0.022727273,4,13,19,7.5,1,3,phishing,1
1490.0,0,0.076923077,0.923076923,37.5,0.111111111,27,0.0,2,10,18,0.0,1,4,legitimate,0
5075.0,0,0.095238095,0.904761905,63.93442623,0.40625,38,0.0,5,8,16,4.0,1,4,legitimate,0
5075.0,0,0.037735849,0.962264151,64.51612903,0.0,67,0.0,9,9,17,6.0,0,3,legitimate,0
3335.0,0,0.109589041,0.8904109590000001,0.0,0.0,32,0.0,2,15,23,0.0,1,3,legitimate,0
278.0,0,0.387096774,0.612903226,0.0,0.25,45,0.088888889,5,9,36,0.0,1,6,phishing,1
4376.0,0,0.0,0.0,0.0,0.0,66,0.196969697,4,32,14,14.0,1,3,phishing,1
5682.0,0,0.470588235,0.529411765,22.22222222,0.125,52,0.038461538,6,10,22,6.0,1,3,legitimate,0
9549.0,0,0.087591241,0.912408759,53.33333333,0.083333333,109,0.036697248,13,22,11,7.181818182000001,1,5,legitimate,0
940.0,0,0.568181818,0.4318181820000001,0.0,0.4,146,0.260273973,7,101,15,23.8,1,5,phishing,1
496.0,1,1.0,0.0,0.0,1.0,117,0.307692308,7,24,31,14.6,1,4,phishing,1
230.0,0,0.0,0.0,0.0,0.0,40,0.05,5,10,18,3.666666667,1,3,phishing,1
4090.0,1,0.041666667,0.958333333,0.0,0.0,66,0.090909091,9,10,22,4.285714286,1,0,phishing,1
6716.0,0,0.322033898,0.6779661020000001,9.090909091,0.01754386,66,0.151515152,8,10,10,6.0,1,0,legitimate,0
7838.0,0,0.181818182,0.818181818,42.85714286,0.327586207,48,0.0,5,10,23,7.5,0,5,legitimate,0
6069.0,0,0.194805195,0.805194805,60.50420168,0.166666667,43,0.0,4,10,20,7.0,1,0,legitimate,0
3992.0,0,0.0,1.0,100.0,0.0,128,0.1953125,13,17,50,7.375,1,6,phishing,1
3993.0,0,0.407894737,0.592105263,87.09677419,0.032258065,62,0.0,6,17,25,6.25,1,4,legitimate,0
9554.0,0,0.0,1.0,100.0,0.0,50,0.12,7,8,19,3.6,1,1,legitimate,0
5075.0,0,0.0,0.0,0.0,0.0,23,0.086956522,2,6,10,5.0,1,1,phishing,1
1015.0,0,0.967741935,0.032258065,0.0,0.1,39,0.0,6,6,24,3.0,0,0,phishing,1
8348.0,2,1.0,0.0,0.0,0.0,39,0.0,4,8,16,6.0,0,1,phishing,1
681.0,1,0.655172414,0.344827586,32.3943662,0.684210526,39,0.0,5,9,17,4.0,1,5,phishing,1
4394.0,0,0.2,0.8,100.0,0.0,39,0.0,2,23,31,0.0,1,3,legitimate,0
8620.0,0,0.16,0.84,100.0,0.25,78,0.0,11,10,15,5.1111111110000005,0,6,legitimate,0
7047.0,0,0.333333333,0.666666667,66.66666667,0.0,30,0.0,2,14,22,0.0,1,3,legitimate,0
177.0,0,0.128205128,0.871794872,33.33333333,0.5,57,0.0,4,16,20,8.666666667000001,1,1,phishing,1
5075.0,0,0.0,1.0,100.0,0.0,45,0.044444444,5,11,10,6.0,1,1,phishing,1
5224.0,0,0.152173913,0.8478260870000001,75.0,0.285714286,24,0.0,2,7,15,0.0,1,3,legitimate,0
5075.0,0,0.148471616,0.8515283840000001,67.14285714,0.147058824,66,0.0,10,12,15,5.1428571430000005,1,6,legitimate,0
4620.0,0,0.920454545,0.079545455,31.03448276,0.358024691,85,0.117647059,13,11,19,4.272727273,1,4,legitimate,0
8836.0,0,0.042016807,0.957983193,33.33333333,0.0,53,0.0,7,12,20,4.0,1,4,legitimate,0
3297.0,1,0.0,1.0,100.0,0.0,68,0.161764706,7,15,19,6.0,1,2,phishing,1
3297.0,0,0.716666667,0.283333333,0.0,0.325581395,37,0.0,3,15,19,4.0,1,0,phishing,1
4245.0,0,0.025974026,0.974025974,0.0,0.5,23,0.0,1,10,16,0.0,0,0,legitimate,0
523.0,0,0.0,1.0,0.0,0.0,110,0.390909091,7,32,20,12.83333333,1,5,phishing,1
5075.0,3,0.794701987,0.205298013,46.66666667,0.033333333,57,0.0,8,8,14,4.833333333,1,3,phishing,1
7610.0,0,0.022556391,0.977443609,71.42857143,0.0,25,0.0,2,8,16,0.0,0,3,legitimate,0
5075.0,1,0.0,0.0,0.0,0.0,38,0.078947368,4,9,12,5.333333333,1,2,phishing,1
7765.0,0,1.0,0.0,0.0,0.0,132,0.045454545,7,80,16,20.6,1,41,phishing,1
1723.0,0,0.0,1.0,0.0,0.0,46,0.043478261,5,8,11,6.0,1,0,phishing,1
2926.0,1,0.0,0.0,0.0,0.0,61,0.0,7,16,24,5.0,1,3,phishing,1
2354.0,0,0.0,0.0,0.0,0.0,19,0.0,1,5,12,0.0,0,0,legitimate,0
3992.0,0,0.0,1.0,100.0,0.0,126,0.19047619,12,17,50,8.142857142999999,1,6,phishing,1
1754.0,0,0.7142857140000001,0.285714286,0.0,0.4,23,0.0,2,6,10,4.0,1,0,phishing,1
4489.0,0,0.0625,0.9375,72.72727273,0.0,85,0.035294118,10,12,18,6.5,1,5,legitimate,0
3282.0,1,0.061611374,0.938388626,42.85714286,0.076923077,58,0.0,5,18,28,6.333333333,1,6,legitimate,0
6577.0,0,0.096296296,0.903703704,50.0,0.0,21,0.0,2,5,13,0.0,0,3,legitimate,0
2969.0,0,0.046728972,0.953271028,82.60869565,0.4,24,0.0,1,14,17,0.0,1,0,legitimate,0
6374.0,0,0.04784689,0.95215311,28.57142857,0.2,25,0.0,2,9,16,0.0,1,3,legitimate,0
5075.0,0,0.287769784,0.7122302159999999,38.18181818,0.375,26,0.0,1,9,19,0.0,1,0,legitimate,0
5075.0,1,0.666666667,0.333333333,0.0,1.0,41,0.0,5,8,15,5.0,1,4,phishing,1
1744.0,1,0.1,0.9,66.66666667,1.0,35,0.0,4,7,10,4.666666667,1,0,phishing,1
5071.0,0,0.0,1.0,0.0,0.0,58,0.103448276,7,9,15,6.2,0,4,phishing,1
625.0,0,0.0,1.0,0.0,0.0,57,0.052631579,4,15,44,0.0,1,0,phishing,1
7267.0,3,0.0,1.0,0.0,0.0,81,0.0,10,16,20,5.0,1,0,phishing,1
3893.0,0,0.132352941,0.867647059,85.71428571,0.222222222,30,0.0,3,6,21,0.0,1,3,legitimate,0
3459.0,0,0.051724138,0.948275862,25.0,0.333333333,26,0.0,2,9,17,0.0,0,3,legitimate,0
5626.0,2,0.80952381,0.19047619,25.0,0.294117647,46,0.195652174,6,11,28,4.5,1,1,phishing,1
2649.0,0,0.25862069,0.74137931,0.0,0.133333333,26,0.0,2,10,18,0.0,1,4,legitimate,0
7491.0,0,0.48,0.52,0.0,0.0,31,0.0,2,11,11,11.0,1,2,legitimate,0
7375.0,0,0.296296296,0.703703704,65.07936508,0.71875,55,0.0,6,12,15,7.25,1,3,legitimate,0
4484.0,0,0.161849711,0.8381502890000001,52.17391304,0.0,24,0.0,2,7,15,0.0,1,3,legitimate,0
6198.0,0,0.0,0.0,0.0,0.0,98,0.030612245,12,16,22,5.8,1,0,phishing,1
5075.0,1,0.96875,0.03125,0.0,0.225806452,70,0.057142857,7,15,19,7.8,1,2,phishing,1
1467.0,0,0.666666667,0.333333333,0.0,0.0,105,0.133333333,9,32,50,11.0,1,4,phishing,1
3152.0,0,0.0,0.0,0.0,0.0,31,0.0,3,8,20,2.0,1,0,phishing,1
6608.0,3,0.037735849,0.962264151,83.33333333,0.0,242,0.107438017,24,26,17,8.391304348,0,4,phishing,1
3992.0,0,0.0,1.0,100.0,0.0,126,0.166666667,12,17,50,8.142857142999999,1,2,phishing,1
5075.0,0,0.011764706,0.988235294,92.85714286,0.0,93,0.053763441,12,13,19,5.7,1,4,legitimate,0
7.0,0,0.260869565,0.739130435,0.0,0.166666667,59,0.0,3,38,42,3.5,1,0,phishing,1
190.0,0,0.210526316,0.7894736840000001,0.0,0.5,96,0.46875,13,10,20,5.9,1,7,phishing,1
165.0,0,0.142857143,0.857142857,0.0,1.0,37,0.027027027,4,8,29,0.0,1,2,phishing,1
3833.0,1,0.181818182,0.818181818,66.66666667,0.75,67,0.029850746,4,22,21,11.0,0,1,phishing,1
6859.0,0,0.14532872,0.85467128,19.04761905,0.047619048,54,0.0,6,15,23,5.0,1,3,legitimate,0
7412.0,0,1.0,0.0,0.0,1.166666667,31,0.0,2,11,24,0.0,0,1,phishing,1
1278.0,1,0.0,1.0,100.0,0.0,104,0.0,10,39,53,4.5,1,5,phishing,1
2012.0,0,0.05106383,0.94893617,42.85714286,0.166666667,27,0.0,3,7,15,2.0,0,4,legitimate,0
5075.0,0,0.851851852,0.148148148,0.0,0.0,29,0.0,2,11,14,7.0,1,1,phishing,1
4839.0,0,0.181818182,0.818181818,42.85714286,0.0,32,0.0,2,16,24,0.0,1,3,legitimate,0
5779.0,0,0.039473684,0.960526316,92.30769231,0.0,35,0.0,3,9,13,6.5,0,2,legitimate,0
4926.0,0,0.010989011,0.989010989,0.0,0.0,78,0.0,9,10,18,6.571428571,1,4,legitimate,0
4863.0,0,0.017857143,0.982142857,83.33333333,1.0,34,0.0,2,18,26,0.0,1,4,legitimate,0
5075.0,1,0.4166666670000001,0.583333333,0.0,0.2,41,0.0,4,16,19,4.0,1,1,phishing,1
5434.0,0,0.027833002,0.972166998,57.14285714,0.071428571,26,0.0,2,9,17,0.0,1,3,legitimate,0
819.0,1,0.0,1.0,100.0,0.0,380,0.126315789,11,300,32,47.57142857,1,8,phishing,1
7295.0,0,0.928571429,0.071428571,14.28571429,0.230769231,31,0.0,2,9,22,0.0,1,1,phishing,1
5166.0,0,0.413793103,0.5862068970000001,57.14285714,0.333333333,29,0.0,2,13,21,0.0,1,4,legitimate,0
5075.0,0,0.161290323,0.838709677,80.0,0.2,21,0.0,2,9,12,1.0,0,0,phishing,1
383.0,2,0.142857143,0.857142857,0.0,1.0,190,0.205263158,8,108,18,26.0,1,4,phishing,1
8601.0,0,0.18627451,0.81372549,55.0,0.315789474,27,0.0,2,10,18,0.0,1,3,legitimate,0
818.0,0,0.0,1.0,100.0,0.0,254,0.177165354,6,202,37,103.5,1,5,phishing,1
6600.0,0,0.272727273,0.727272727,33.33333333,0.0,32,0.0,3,8,23,0.0,1,3,legitimate,0
6996.0,0,0.067961165,0.932038835,0.0,0.285714286,35,0.057142857,2,18,27,0.0,1,1,phishing,1
5075.0,0,0.0,1.0,0.0,0.0,31,0.0,2,15,23,0.0,1,3,legitimate,0
5075.0,0,0.0,1.0,0.0,0.0,55,0.036363636,8,12,13,4.833333333,1,0,legitimate,0
5687.0,0,0.330769231,0.669230769,25.0,0.0,25,0.0,2,9,16,0.0,0,4,legitimate,0
5495.0,2,0.0,0.0,0.0,0.0,76,0.039473684,10,11,12,5.333333333,1,1,phishing,1
3633.0,0,0.0,0.0,0.0,0.0,46,0.0,5,10,35,2.0,1,2,phishing,1
4720.0,0,0.648648649,0.351351351,35.71428571,0.0625,28,0.0,2,11,19,0.0,1,3,legitimate,0
5075.0,0,0.093023256,0.906976744,97.61904762,0.35,78,0.08974359,9,18,25,5.428571429,1,3,legitimate,0
5887.0,0,0.293577982,0.7064220179999999,85.14851485,0.5,68,0.117647059,10,10,12,4.333333333,0,1,legitimate,0
5075.0,0,0.217391304,0.7826086959999999,93.75,0.2,68,0.102941176,9,10,18,5.0,1,4,legitimate,0
8348.0,2,1.0,0.0,0.0,0.0,60,0.016666667,7,14,16,6.2,0,1,phishing,1
8922.0,1,0.0,1.0,0.0,0.0,63,0.0,6,12,22,7.25,1,0,phishing,1
7800.0,2,0.03125,0.96875,100.0,0.0,41,0.0,5,10,18,4.0,0,1,phishing,1
5484.0,0,0.648044693,0.351955307,30.0,0.155172414,106,0.103773585,12,14,18,6.363636364,1,2,legitimate,0
5075.0,0,0.363636364,0.636363636,0.0,0.0,28,0.0,4,8,15,1.5,1,3,phishing,1
9339.0,0,0.0,0.0,0.0,0.0,135,0.222222222,13,17,17,8.818181818,1,13,phishing,1
3976.0,1,0.6,0.4,0.0,0.666666667,31,0.225806452,4,7,11,3.333333333,1,1,phishing,1
3952.0,1,0.027027027,0.972972973,0.0,0.5,62,0.0,6,13,21,7.0,1,4,legitimate,0
5075.0,0,0.378378378,0.621621622,100.0,0.0,34,0.029411765,4,10,8,5.333333333,1,0,phishing,1
9200.0,0,0.218045113,0.781954887,16.12903226,0.379310345,42,0.0,4,10,18,7.5,0,4,legitimate,0
5075.0,0,0.0,0.0,0.0,0.0,118,0.093220339,13,17,16,7.272727272999999,1,9,phishing,1
5075.0,0,0.051282051,0.948717949,76.92307692,0.5,43,0.162790698,5,11,16,4.0,1,0,legitimate,0
5075.0,3,0.0,0.0,0.0,0.0,90,0.0,12,10,11,5.545454545,1,1,phishing,1
3731.0,0,0.294117647,0.705882353,32.0,0.05,29,0.0,3,8,21,0.0,1,3,legitimate,0
5075.0,0,1.0,0.0,0.0,0.0,28,0.0,2,10,19,0.0,1,1,legitimate,0
3621.0,0,0.171428571,0.828571429,85.36585366,0.25,28,0.0,2,12,20,0.0,1,3,legitimate,0
7308.0,0,0.0,0.0,0.0,0.0,31,0.0,3,7,10,5.5,1,0,phishing,1
8520.0,0,0.05952381,0.94047619,84.21052632,0.1,21,0.0,2,4,12,0.0,0,3,legitimate,0
241.0,2,0.0625,0.9375,100.0,0.0,245,0.408163265,15,64,15,14.92857143,1,8,phishing,1
8516.0,0,0.685714286,0.314285714,100.0,0.0,44,0.0,3,19,16,19.0,0,4,legitimate,0
8618.0,0,0.16,0.84,100.0,0.25,92,0.0,13,11,15,5.272727273,0,5,legitimate,0
1950.0,1,1.0,0.0,0.0,0.0,36,0.0,2,11,27,0.0,1,1,phishing,1
778.0,3,0.578947368,0.421052632,11.11111111,0.227272727,70,0.057142857,8,15,24,5.5,1,0,phishing,1
252.0,0,0.449438202,0.5505617979999999,9.302325581,0.8,79,0.265822785,8,27,28,9.75,1,5,phishing,1
8830.0,0,0.151515152,0.848484848,20.0,0.1,60,0.0,9,10,15,4.428571429,0,3,legitimate,0
5220.0,0,0.1363636359999999,0.8636363640000001,0.0,0.0,23,0.0,3,3,15,0.0,0,3,legitimate,0
5075.0,0,0.153846154,0.846153846,0.0,1.0,22,0.5,8,3,14,2.75,1,0,phishing,1
1609.0,0,0.0997151,0.9002849,74.50980392,0.085714286,32,0.0,2,15,23,0.0,1,3,legitimate,0
5637.0,0,0.442307692,0.557692308,0.0,0.0,43,0.11627907,5,11,15,5.666666667,0,3,legitimate,0
5185.0,0,0.308823529,0.6911764709999999,40.0,0.047619048,38,0.0,4,8,16,6.0,1,5,phishing,1
1953.0,0,0.875,0.125,0.0,0.0,44,0.045454545,3,16,25,10.0,1,3,phishing,1
6550.0,0,0.0,0.0,0.0,0.0,81,0.086419753,12,14,11,4.6363636360000005,1,3,legitimate,0
7292.0,1,0.742138365,0.257861635,4.8192771080000005,0.576271186,67,0.059701493,8,14,17,6.166666667,1,3,legitimate,0
7619.0,0,0.430379747,0.569620253,60.60606061,0.117647059,72,0.0,5,21,36,8.666666667000001,1,1,legitimate,0
6057.0,0,0.666666667,0.333333333,16.33986928,0.033333333,77,0.103896104,8,13,17,6.571428571,1,0,legitimate,0
8315.0,0,0.0,1.0,0.0,0.0,23,0.0,2,5,15,0.0,1,1,legitimate,0
7736.0,0,0.055555556,0.944444444,50.0,0.0,38,0.0,4,12,20,4.0,1,3,legitimate,0
1850.0,0,0.05,0.95,0.0,0.0,62,0.0,6,16,24,6.75,1,3,legitimate,0
5075.0,0,0.070080863,0.929919137,42.10526316,0.153846154,75,0.066666667,10,8,15,4.888888889,0,1,phishing,1
1899.0,1,0.097744361,0.902255639,30.0,0.153846154,38,0.0,4,9,13,5.0,1,1,phishing,1
3481.0,0,0.304347826,0.695652174,80.0,0.285714286,28,0.0,1,13,19,0.0,1,0,legitimate,0
2860.0,0,0.102564103,0.897435897,0.0,0.0,36,0.0,2,19,27,0.0,1,5,legitimate,0
5211.0,0,0.229166667,0.770833333,16.66666667,0.272727273,40,0.0,3,12,16,7.0,1,0,phishing,1
5075.0,0,0.033613445,0.966386555,0.0,0.5,47,0.0,6,12,20,4.0,1,3,legitimate,0
5075.0,0,0.098846787,0.901153213,22.03389831,0.133333333,25,0.0,2,8,16,0.0,0,4,legitimate,0
6553.0,0,0.732142857,0.267857143,36.11111111,0.178861789,34,0.0,2,17,25,0.0,1,4,legitimate,0
1546.0,0,0.772222222,0.227777778,28.57142857,0.014388489,33,0.121212121,2,13,25,0.0,1,6,phishing,1
3993.0,0,0.0,1.0,100.0,0.0,128,0.109375,13,17,50,7.375,1,4,phishing,1
5075.0,1,0.067567568,0.932432432,42.85714286,0.0,93,0.0,11,11,17,7.5,1,6,legitimate,0
6673.0,0,0.423809524,0.5761904760000001,10.84337349,0.0,46,0.0,4,11,19,9.0,1,3,legitimate,0
3290.0,0,0.0,1.0,100.0,0.0,85,0.223529412,7,32,10,10.0,1,3,phishing,1
5075.0,4,0.5,0.5,0.0,0.0,218,0.316513761,14,64,12,14.30769231,1,9,phishing,1
7430.0,2,0.003197442,0.996802558,100.0,0.0,49,0.020408163,6,9,17,5.0,1,4,legitimate,0
2199.0,2,0.0,1.0,100.0,0.0,58,0.0,6,19,23,4.4,1,0,phishing,1
8018.0,0,1.0,0.0,0.0,0.0,135,0.044444444,12,46,35,9.0,1,3,phishing,1
5075.0,0,0.454545455,0.545454545,100.0,0.1,123,0.18699187,17,9,5,5.8125,1,5,phishing,1
260.0,1,0.094339623,0.905660377,80.0,0.0,43,0.069767442,5,7,11,4.25,1,0,phishing,1
5047.0,0,0.0,0.0,0.0,0.0,98,0.0,10,14,22,7.625,1,5,legitimate,0
3489.0,0,0.0,1.0,0.0,0.0,65,0.323076923,5,32,12,10.5,1,6,phishing,1
1629.0,0,0.0,0.0,0.0,0.0,45,0.0,4,21,29,3.5,1,5,phishing,1
8347.0,2,0.368421053,0.6315789470000001,100.0,0.0,52,0.038461538,4,21,16,12.5,1,2,phishing,1
7986.0,0,0.376712329,0.623287671,93.33333333,0.054545455,45,0.044444444,6,9,14,5.0,0,3,legitimate,0
5075.0,0,0.0,1.0,100.0,0.0,37,0.0,5,7,18,3.0,1,6,phishing,1
3606.0,0,0.017777778,0.982222222,100.0,0.0,15,0.133333333,1,3,6,0.0,0,0,legitimate,0
5201.0,0,0.166666667,0.833333333,71.875,0.352941176,36,0.0,4,8,14,5.5,0,4,legitimate,0
5613.0,0,0.368421053,0.6315789470000001,100.0,0.0,154,0.1558441559999999,11,67,38,20.6,1,7,phishing,1
5075.0,0,0.0,1.0,100.0,0.0,328,0.118902439,25,33,40,13.05,1,6,phishing,1
2607.0,0,0.394736842,0.605263158,9.090909091,0.0,21,0.0,1,7,14,0.0,0,0,legitimate,0
5075.0,0,0.0,0.0,0.0,0.0,79,0.0,4,42,71,0.0,1,3,phishing,1
6267.0,0,0.0,0.0,0.0,0.0,41,0.0,4,12,20,5.5,1,3,phishing,1
4460.0,0,0.0,0.0,0.0,0.0,34,0.0,2,18,22,3.0,1,0,phishing,1
5075.0,1,0.054054054,0.945945946,100.0,0.0,47,0.0,3,16,33,5.0,1,2,phishing,1
1478.0,2,0.181818182,0.818181818,100.0,0.0,197,0.365482234,12,64,14,15.0,1,11,phishing,1
4717.0,0,0.465116279,0.534883721,50.0,0.4,59,0.016949153,8,11,17,4.666666667,1,3,legitimate,0
11555.0,0,0.076923077,0.923076923,87.5,0.25,100,0.14,11,11,14,7.777777778,0,5,legitimate,0
5444.0,0,0.772563177,0.227436823,24.36548223,0.056074766,74,0.081081081,9,9,19,5.857142857,1,1,legitimate,0
7295.0,0,0.928571429,0.071428571,14.28571429,0.846153846,41,0.0,2,21,34,0.0,1,0,phishing,1
5075.0,0,0.333333333,0.666666667,0.0,0.2,52,0.076923077,6,11,11,5.8,1,1,phishing,1
8347.0,1,0.666666667,0.333333333,0.0,0.0,99,0.111111111,8,31,15,11.66666667,1,1,phishing,1
1577.0,0,0.166666667,0.833333333,85.71428571,0.0,45,0.0,2,28,36,0.0,1,3,legitimate,0
6070.0,0,0.247216036,0.752783964,17.44186047,0.027027027,54,0.0,7,9,16,5.0,1,1,legitimate,0
4705.0,0,0.641304348,0.358695652,1.754385965,0.440677966,43,0.0,5,7,17,5.333333333,0,3,legitimate,0
4980.0,0,0.466666667,0.533333333,51.42857143,0.126984127,26,0.0,2,8,17,0.0,1,0,legitimate,0
1278.0,0,0.85,0.15,0.0,0.0,84,0.511904762,3,32,43,32.0,1,2,phishing,1
5075.0,0,0.0,1.0,100.0,0.0,23,0.0,2,6,15,0.0,1,0,phishing,1
7130.0,0,0.111480865,0.888519135,47.24409449,0.358208955,53,0.037735849,7,10,16,4.8,0,0,legitimate,0
3018.0,1,0.0,1.0,0.0,0.0,100,0.04,11,17,24,5.8,1,3,phishing,1
4471.0,0,0.06,0.94,0.0,0.0,56,0.125,5,15,28,6.0,1,1,phishing,1
2750.0,0,0.0,0.0,0.0,0.0,55,0.181818182,5,13,19,8.666666667000001,1,1,phishing,1
2010.0,0,0.0,0.0,0.0,0.0,28,0.0,3,6,20,0.0,1,3,legitimate,0
5505.0,0,0.265625,0.734375,0.0,0.058823529,71,0.0,9,10,15,6.0,0,4,legitimate,0
7086.0,0,1.0,0.0,0.0,0.0,144,0.0625,6,87,32,25.25,1,3,phishing,1
5075.0,0,0.322580645,0.677419355,53.33333333,0.4,26,0.0,2,6,17,0.0,0,3,legitimate,0
3375.0,0,0.694444444,0.305555556,45.45454545,0.2,57,0.01754386,7,9,17,5.4,0,5,legitimate,0
8970.0,0,0.516129032,0.483870968,23.80952381,0.0,27,0.0,2,10,18,0.0,1,3,legitimate,0
4484.0,0,0.82278481,0.17721519,1.754385965,0.323076923,38,0.131578947,2,14,29,0.0,1,0,phishing,1
5075.0,1,0.571428571,0.428571429,33.33333333,0.0,41,0.268292683,14,6,14,2.5,1,0,phishing,1
2047.0,3,0.102272727,0.897727273,85.71428571,0.5555555560000001,102,0.166666667,9,32,15,9.0,1,3,phishing,1
1629.0,0,0.5,0.5,0.0,0.0,21,0.0,2,5,9,4.0,1,0,phishing,1
5232.0,0,0.340909091,0.659090909,0.0,0.0,57,0.01754386,5,22,33,4.666666667,1,1,legitimate,0
1091.0,0,0.454545455,0.545454545,75.0,0.0,31,0.0,2,15,23,0.0,1,3,legitimate,0
7295.0,0,0.928571429,0.071428571,14.28571429,0.846153846,32,0.0625,2,12,25,0.0,1,0,phishing,1
3154.0,0,0.0,0.0,0.0,0.0,58,0.103448276,5,14,18,6.75,1,8,phishing,1
2327.0,0,0.0,0.0,0.0,0.0,31,0.258064516,4,10,6,5.0,1,0,phishing,1
5075.0,0,0.05,0.95,100.0,0.0,69,0.130434783,7,15,36,7.666666667,1,2,phishing,1
4957.0,0,0.1305785119999999,0.869421488,96.61016949,0.050632911,25,0.0,2,8,16,0.0,0,3,legitimate,0
8058.0,0,0.611111111,0.388888889,41.17647059,0.090909091,29,0.0,2,13,21,0.0,1,5,legitimate,0
5075.0,0,0.0,0.0,0.0,0.0,40,0.0,6,7,16,3.25,1,0,phishing,1
1496.0,4,0.0,1.0,0.0,0.0,115,0.069565217,15,13,31,5.333333333,1,3,phishing,1
5075.0,0,0.833333333,0.166666667,20.0,0.0,34,0.0,2,18,25,0.0,1,3,legitimate,0
5075.0,0,0.8235294120000001,0.176470588,25.0,0.214285714,47,0.0,3,20,24,6.5,1,3,phishing,1
8346.0,2,1.0,0.0,0.0,0.0,52,0.0,7,6,16,4.6,0,1,phishing,1
5075.0,0,0.0,0.0,0.0,0.0,51,0.0,5,10,27,4.666666667,1,0,phishing,1
3992.0,0,0.0,1.0,100.0,0.0,118,0.220338983,12,17,42,7.375,1,3,phishing,1
778.0,3,0.1363636359999999,0.8636363640000001,100.0,0.0,136,0.036764706,17,10,13,6.0625,1,9,phishing,1
3534.0,2,0.875,0.125,20.0,0.085714286,50,0.0,6,11,19,5.0,1,3,phishing,1
5273.0,0,0.0,0.0,0.0,0.0,62,0.096774194,9,11,15,4.0,1,0,legitimate,0
11262.0,0,0.0,0.0,0.0,0.0,47,0.106382979,6,7,12,6.0,1,3,legitimate,0
9318.0,0,0.945945946,0.054054054,8.695652174,0.028571429,99,0.111111111,17,26,16,4.066666667,0,2,legitimate,0
7298.0,0,0.8863636359999999,0.113636364,6.25,0.256410256,33,0.121212121,2,13,26,0.0,1,2,legitimate,0
5075.0,1,0.0,1.0,0.0,0.0,44,0.022727273,7,6,12,4.0,0,0,phishing,1
564.0,0,0.071428571,0.928571429,100.0,1.0,30,0.0,3,9,21,0.0,1,0,phishing,1
9229.0,0,0.081325301,0.918674699,40.0,0.148148148,51,0.294117647,5,17,13,9.333333333,0,5,legitimate,0
6087.0,0,0.073825503,0.926174497,8.333333332999999,0.0,43,0.0,4,12,14,9.0,0,3,legitimate,0
3993.0,0,0.0,1.0,100.0,0.0,123,0.12195122,13,17,46,7.375,1,7,phishing,1
5891.0,0,0.0,1.0,0.0,0.0,41,0.0,3,14,17,14.0,0,3,legitimate,0
7389.0,0,0.516129032,0.483870968,36.36363636,0.3125,26,0.0,2,9,17,0.0,0,3,legitimate,0
5658.0,0,0.0,0.0,0.0,0.0,70,0.0,7,13,22,7.0,1,2,phishing,1
5075.0,0,0.539325843,0.460674157,12.5,0.020833333,25,0.0,2,9,16,0.0,1,4,legitimate,0
2409.0,0,0.021276596,0.978723404,50.0,0.2,26,0.0,3,7,15,2.0,1,3,legitimate,0
923.0,0,0.087719298,0.912280702,20.0,0.0,23,0.043478261,2,7,7,7.0,0,1,phishing,1
5160.0,0,0.071428571,0.928571429,80.0,0.0,37,0.054054054,3,13,24,1.0,1,0,legitimate,0
3251.0,1,0.794117647,0.205882353,0.0,0.0,57,0.0,5,21,10,18.5,1,4,phishing,1
1337.0,0,0.666666667,0.333333333,0.0,0.0,51,0.0,6,9,13,5.2,1,1,phishing,1
2070.0,0,0.043478261,0.956521739,0.0,0.0,31,0.0,2,15,23,0.0,0,3,legitimate,0
5075.0,0,0.05,0.95,0.0,0.0,55,0.272727273,7,15,23,7.0,1,2,phishing,1
5121.0,2,0.967032967,0.032967033,3.571428571,0.551136364,75,0.053333333,8,21,25,5.1428571430000005,1,0,phishing,1
7297.0,0,0.568807339,0.431192661,47.23247232,0.580645161,40,0.0,2,19,32,0.0,1,2,legitimate,0
5075.0,0,0.8888888890000001,0.111111111,13.95348837,0.125,34,0.0,3,10,26,0.0,0,3,legitimate,0
5075.0,1,0.079545455,0.920454545,100.0,0.0,41,0.0,5,7,18,4.333333333,1,3,phishing,1
2411.0,0,0.978417266,0.021582734,0.0,0.073529412,48,0.0,5,11,19,5.666666667,1,3,legitimate,0
834.0,0,0.0,0.0,0.0,0.0,35,0.0,4,9,12,4.333333333,1,0,phishing,1
7133.0,0,0.113978495,0.886021505,43.61702128,0.301886792,36,0.0,4,9,16,5.0,1,1,legitimate,0
10320.0,0,0.119873817,0.880126183,25.92592593,0.263157895,78,0.076923077,10,11,15,6.0,0,3,legitimate,0
3180.0,0,0.01490313,0.98509687,50.0,0.0,40,0.0,2,23,31,0.0,1,4,legitimate,0
5075.0,0,0.245614035,0.754385965,50.0,0.107142857,19,0.0,1,4,10,0.0,1,0,legitimate,0
11555.0,0,0.0,1.0,100.0,0.0,50,0.08,7,8,15,4.4,0,1,legitimate,0
1704.0,2,0.0,0.0,0.0,0.0,52,0.0,6,13,21,4.75,1,3,phishing,1
275.0,0,0.387096774,0.612903226,0.0,0.25,40,0.1,4,9,32,0.0,1,3,phishing,1
12165.0,0,0.123809524,0.876190476,0.0,0.538461538,35,0.085714286,4,9,22,4.0,1,1,legitimate,0
987.0,0,0.238095238,0.761904762,0.0,0.2,358,0.142458101,15,70,23,24.07692308,1,7,phishing,1
1787.0,1,0.07,0.93,44.44444444,0.571428571,44,0.022727273,4,16,24,5.0,1,4,phishing,1
5075.0,0,0.25,0.75,100.0,0.0,36,0.0,4,10,16,4.5,0,0,phishing,1
1953.0,0,0.0,0.0,0.0,0.0,37,0.162162162,4,10,14,6.5,1,2,phishing,1
6967.0,0,0.047619048,0.952380952,90.0,1.0,52,0.0,3,15,19,11.0,1,0,legitimate,0
2138.0,0,1.0,0.0,0.0,0.0,50,0.04,6,11,10,5.6,1,0,phishing,1
2497.0,0,0.346153846,0.653846154,61.9047619,0.666666667,67,0.104477612,9,9,18,4.857142857,1,1,legitimate,0
4605.0,0,0.0,0.0,0.0,0.0,45,0.0,4,18,26,5.0,1,4,phishing,1
7011.0,0,0.067961165,0.932038835,0.0,0.285714286,36,0.0,3,10,28,0.0,1,1,phishing,1
1778.0,0,0.6,0.4,0.0,0.0,38,0.0,6,7,11,4.0,1,3,phishing,1
7160.0,0,0.032467532,0.967532468,96.77419355,1.0,43,0.139534884,6,8,14,4.5,1,0,legitimate,0
4514.0,0,0.1,0.9,66.66666667,0.0,26,0.0,2,3,17,0.0,0,3,legitimate,0
5384.0,0,0.218446602,0.781553398,15.15151515,0.222222222,78,0.076923077,11,8,16,5.1111111110000005,0,4,legitimate,0
7615.0,0,0.333333333,0.666666667,79.16666667,0.045454545,76,0.0,6,19,34,7.75,1,1,legitimate,0
5075.0,0,0.0764331209999999,0.923566879,85.0,0.583333333,26,0.0,2,6,17,0.0,0,4,legitimate,0
2130.0,0,0.5,0.5,0.0,0.125,52,0.096153846,5,9,13,7.0,1,1,legitimate,0
4565.0,0,0.7222222220000001,0.277777778,71.42857143,0.230769231,63,0.031746032,8,13,13,5.333333333,1,6,phishing,1
9108.0,0,0.236363636,0.763636364,42.85714286,0.461538462,119,0.100840336,18,11,19,4.6875,1,3,legitimate,0
5808.0,0,0.416289593,0.583710407,31.48148148,0.173913043,36,0.0,2,15,29,0.0,1,1,legitimate,0
1523.0,0,0.0,1.0,0.0,0.0,31,0.0,3,10,14,3.5,1,2,phishing,1
5075.0,0,0.009433962,0.990566038,95.0,0.0,26,0.0,2,10,17,0.0,0,4,legitimate,0
8348.0,0,1.0,0.0,0.0,0.0,66,0.075757576,7,23,16,7.4,0,1,phishing,1
3992.0,0,0.0,1.0,100.0,0.0,68,0.117647059,6,15,42,8.5,1,2,phishing,1
715.0,3,0.0,0.0,0.0,0.0,56,0.0,5,18,22,5.25,1,0,phishing,1
1659.0,0,0.411764706,0.588235294,100.0,0.095238095,126,0.333333333,12,32,61,8.666666667000001,1,5,phishing,1
6318.0,0,0.054761905,0.945238095,16.66666667,0.173913043,69,0.057971014,8,10,18,6.166666667,0,7,legitimate,0
5397.0,0,0.26875,0.73125,21.73913043,0.11627907,73,0.0,11,9,13,4.666666667,1,4,legitimate,0
4633.0,0,0.188405797,0.811594203,81.81818182,0.076923077,27,0.0,1,15,18,0.0,0,0,legitimate,0
1369.0,0,0.0,1.0,100.0,0.0,33,0.0,3,11,15,4.5,1,1,phishing,1
5458.0,0,0.130434783,0.869565217,100.0,0.0,61,0.016393443,7,11,21,5.6,1,0,legitimate,0
323.0,0,0.5165876779999999,0.483412322,0.0,0.0,72,0.0,6,23,38,5.75,1,0,phishing,1
213.0,0,0.484848485,0.515151515,16.66666667,0.5,84,0.0,9,17,13,6.875,1,4,phishing,1
2837.0,0,0.0,0.0,0.0,0.0,33,0.0,3,11,24,0.0,1,1,phishing,1
8349.0,0,0.112068966,0.8879310340000001,11.11111111,0.307692308,71,0.014084507,11,10,15,4.333333333,0,2,legitimate,0
7157.0,0,0.098591549,0.901408451,100.0,0.571428571,45,0.133333333,4,12,24,6.0,1,0,legitimate,0
7295.0,0,0.928571429,0.071428571,14.28571429,0.846153846,34,0.0,2,12,25,0.0,1,1,phishing,1
5910.0,0,0.1372549019999999,0.862745098,68.75,0.7142857140000001,78,0.0,11,11,16,5.0,0,5,legitimate,0
4517.0,0,1.0,0.0,0.0,0.0,25,0.0,3,5,16,0.0,1,3,legitimate,0
5075.0,2,0.0,0.0,0.0,0.0,208,0.225961538,22,30,24,7.75,1,8,phishing,1
4790.0,1,0.666666667,0.333333333,0.0,0.0,42,0.0,5,7,18,4.333333333,1,0,phishing,1
1706.0,2,0.0,1.0,100.0,0.0,98,0.051020408,12,10,12,6.9,1,3,phishing,1
5075.0,1,0.7777777779999999,0.222222222,100.0,0.0,25,0.0,3,5,7,3.5,0,0,legitimate,0
5075.0,0,0.428571429,0.571428571,100.0,0.666666667,24,0.0,1,14,17,0.0,1,0,legitimate,0
4278.0,0,0.041666667,0.958333333,33.33333333,0.0,58,0.0,5,18,26,7.333333333,1,3,legitimate,0
5075.0,0,0.02,0.98,100.0,0.0,27,0.0,2,10,18,0.0,1,3,legitimate,0
204.0,0,0.0,1.0,100.0,0.0,79,0.075949367,5,44,18,16.33333333,1,1,phishing,1
6497.0,0,0.7777777779999999,0.222222222,42.85714286,0.285714286,42,0.0,5,8,33,0.0,1,4,legitimate,0
9281.0,0,0.113879004,0.8861209959999999,46.42857143,0.125,95,0.263157895,11,11,15,7.0,0,5,legitimate,0
7403.0,1,0.117241379,0.8827586209999999,61.11111111,0.352941176,95,0.052631579,11,12,17,6.888888889,1,6,legitimate,0
3460.0,0,0.0,0.0,0.0,0.0,35,0.0,3,9,27,0.0,1,1,phishing,1
9265.0,0,0.006198347,0.993801653,99.75124378,0.666666667,32,0.125,4,5,14,4.0,1,1,legitimate,0
9201.0,0,0.125,0.875,40.0,0.0,43,0.0,4,10,18,8.0,0,3,legitimate,0
9283.0,0,0.26875,0.73125,73.68421053,0.058139535,44,0.0,6,7,15,4.25,0,3,legitimate,0
6258.0,0,0.096989967,0.903010033,54.54545455,0.034482759,36,0.0,3,17,25,3.0,1,4,legitimate,0
8315.0,1,0.0,1.0,0.0,0.0,24,0.0,2,5,15,0.0,1,1,legitimate,0
3077.0,0,0.0,0.0,0.0,0.0,42,0.142857143,5,8,8,5.25,1,3,phishing,1
4091.0,0,0.571428571,0.428571429,0.0,0.0,51,0.235294118,4,12,14,8.666666667000001,1,1,phishing,1
3318.0,1,0.0,1.0,100.0,0.0,45,0.022222222,4,17,21,4.333333333,1,0,phishing,1
1048.0,2,0.5,0.5,37.5,0.0,63,0.0,7,12,20,6.0,0,5,phishing,1
2772.0,0,0.0,0.0,0.0,0.0,22,0.090909091,2,8,11,2.0,1,1,phishing,1
2805.0,0,0.094117647,0.905882353,27.27272727,0.125,36,0.0,2,20,28,0.0,1,4,legitimate,0
8164.0,0,0.046082949,0.953917051,20.0,0.5,32,0.0,2,15,23,0.0,1,4,legitimate,0
1664.0,0,0.025641026,0.974358974,68.75,0.833333333,27,0.0,2,11,19,0.0,1,3,legitimate,0
5075.0,0,0.0,0.0,0.0,0.0,30,0.0,4,7,14,3.5,1,3,phishing,1
7191.0,0,0.683333333,0.316666667,50.0,0.024390244,28,0.0,2,12,20,0.0,1,3,legitimate,0
1309.0,0,0.147058824,0.852941176,86.20689655,0.2,30,0.0,2,13,21,0.0,1,3,legitimate,0
444.0,0,0.544303797,0.455696203,37.5,0.0,49,0.0,4,12,24,7.5,0,0,phishing,1
872.0,1,1.0,0.0,0.0,0.0,94,0.244680851,14,32,12,4.538461538,1,1,phishing,1
2437.0,0,0.163636364,0.836363636,8.333333332999999,0.259259259,26,0.0,2,10,18,0.0,0,4,legitimate,0
1610.0,0,0.0,0.0,0.0,0.0,227,0.145374449,5,168,30,61.33333333,1,3,phishing,1
5160.0,0,0.6,0.4,0.0,0.666666667,75,0.053333333,12,12,14,4.3,0,5,legitimate,0
6425.0,0,0.0,0.0,0.0,0.0,75,0.0,6,27,22,10.5,1,4,legitimate,0
7296.0,0,0.941176471,0.058823529,0.0,0.0625,44,0.0,2,22,35,0.0,1,1,phishing,1
4069.0,0,0.045045045,0.954954955,78.57142857,0.2,65,0.0,9,9,36,4.5,1,4,legitimate,0
523.0,0,0.119565217,0.880434783,0.0,0.0,48,0.0,6,9,18,6.666666667,0,3,phishing,1
3376.0,0,0.898734177,0.101265823,79.41176471,0.0845070419999999,96,0.104166667,12,16,20,5.181818182,1,1,legitimate,0
5075.0,0,0.028571429,0.971428571,57.14285714,0.625,29,0.0,2,10,20,0.0,0,3,legitimate,0
5080.0,0,0.0734463279999999,0.926553672,13.33333333,0.615384615,25,0.0,1,13,16,0.0,1,0,legitimate,0
6928.0,0,0.114285714,0.8857142859999999,50.0,0.5,59,0.0,8,7,21,5.0,1,4,legitimate,0
6984.0,0,0.0,0.0,0.0,0.0,61,0.114754098,10,10,12,4.125,1,4,legitimate,0
1262.0,0,0.819277108,0.180722892,54.54545455,0.0,30,0.0,2,13,21,0.0,1,3,legitimate,0
8227.0,0,0.260869565,0.739130435,100.0,0.0,37,0.0,3,11,18,11.0,1,3,legitimate,0
2539.0,0,0.2,0.8,0.0,0.0,31,0.0,2,14,22,0.0,1,4,legitimate,0
5075.0,0,0.710843373,0.289156627,0.0,0.016949153,37,0.162162162,3,8,13,7.0,0,2,phishing,1
3313.0,0,0.0,0.0,0.0,0.0,36,0.0,2,19,27,0.0,1,3,legitimate,0
7156.0,0,0.051948052,0.948051948,100.0,0.0,42,0.119047619,6,8,14,4.25,1,1,legitimate,0
5062.0,0,1.0,0.0,0.0,1.0,70,0.242857143,11,15,24,3.333333333,1,5,legitimate,0
1925.0,0,0.147058824,0.852941176,30.0,0.0,88,0.0,13,9,17,4.727272727,0,4,legitimate,0
5075.0,1,0.384615385,0.615384615,100.0,0.1,151,0.092715232,19,16,25,5.764705882,1,10,phishing,1
396.0,0,0.0,0.0,0.0,0.0,33,0.0,1,21,25,0.0,1,2,phishing,1
2290.0,0,1.0,0.0,0.0,0.0,28,0.071428571,3,6,13,6.0,1,3,phishing,1
5075.0,0,0.152777778,0.8472222220000001,0.0,0.818181818,27,0.0,3,5,19,0.0,1,4,legitimate,0
3753.0,0,0.038461538,0.961538462,0.0,0.285714286,22,0.0,3,3,13,0.0,0,3,legitimate,0
3538.0,4,0.277777778,0.7222222220000001,0.0,0.8,70,0.0,8,20,24,4.571428571,1,1,phishing,1
7584.0,0,0.005405405,0.994594595,92.85714286,0.0,53,0.0,5,14,22,7.0,1,4,legitimate,0
7108.0,0,0.108695652,0.891304348,33.33333333,0.2,50,0.0,8,9,17,3.333333333,0,3,legitimate,0
3571.0,0,0.009174312,0.990825688,0.0,2.0,23,0.0,3,4,15,0.0,1,3,legitimate,0
7839.0,0,0.244444444,0.7555555559999999,27.27272727,0.257575758,51,0.0,5,10,23,9.0,0,4,legitimate,0
8349.0,2,0.27027027,0.72972973,100.0,0.0,58,0.0,5,16,16,10.33333333,1,4,phishing,1
5075.0,0,0.75,0.25,51.2195122,0.0,88,0.090909091,13,10,21,4.272727273,1,6,legitimate,0
7883.0,0,0.7142857140000001,0.285714286,17.64705882,0.24,80,0.05,10,17,25,5.0,1,3,legitimate,0
7132.0,0,0.116515837,0.883484163,76.26728111,0.601941748,47,0.0,5,9,16,6.666666667,0,0,legitimate,0
5075.0,1,0.0,1.0,0.0,0.0,220,0.363636364,16,73,14,16.75,1,7,phishing,1
2960.0,0,0.035714286,0.964285714,94.44444444,0.0,39,0.025641026,5,7,10,4.25,0,1,legitimate,0
2051.0,0,0.091703057,0.908296943,0.0,0.0,26,0.0,2,9,17,0.0,1,6,legitimate,0
4170.0,3,0.0,0.0,0.0,0.0,92,0.0,10,18,26,6.25,1,4,phishing,1
4284.0,2,0.217391304,0.7826086959999999,20.0,0.0,85,0.247058824,7,32,21,10.2,1,5,phishing,1
4306.0,0,0.018691589,0.981308411,33.33333333,0.25,84,0.0,7,20,28,8.8,1,3,legitimate,0
4821.0,0,0.098214286,0.901785714,72.72727273,0.0,68,0.0,8,10,33,6.0,1,3,legitimate,0
3381.0,0,0.0,0.0,0.0,0.0,134,0.21641791,17,32,24,6.357142857,1,3,phishing,1
7744.0,0,0.10989011,0.89010989,100.0,0.2,87,0.08045977,9,13,16,8.142857142999999,0,4,legitimate,0
5075.0,1,0.0,0.0,0.0,0.0,86,0.139534884,11,13,16,5.3,1,0,phishing,1
1592.0,0,1.0,0.0,0.0,0.128205128,24,0.0,2,7,15,0.0,0,3,legitimate,0
6255.0,0,0.110204082,0.889795918,55.17241379,0.0,43,0.0,3,17,25,10.0,1,4,legitimate,0
7835.0,0,0.212454212,0.787545788,30.43478261,0.275862069,51,0.0,6,10,23,5.666666667,0,4,legitimate,0
4723.0,0,0.666666667,0.333333333,71.42857143,0.75,36,0.0,4,11,19,3.5,1,3,phishing,1
2851.0,0,0.1875,0.8125,16.66666667,0.333333333,46,0.0,4,11,17,9.5,1,0,phishing,1
6071.0,0,0.313111546,0.6868884540000001,7.368421053,0.03125,54,0.0,6,9,14,7.0,1,1,legitimate,0
7447.0,0,0.0,0.0,0.0,0.0,103,0.058252427,12,15,35,5.666666667,1,3,legitimate,0
8215.0,0,0.067114094,0.932885906,70.0,0.2,59,0.0,8,10,21,4.0,1,1,legitimate,0
7299.0,0,0.90625,0.09375,33.33333333,0.103448276,35,0.057142857,2,15,28,0.0,1,0,legitimate,0
356.0,0,0.409090909,0.590909091,100.0,0.0,36,0.083333333,5,7,9,3.75,1,0,phishing,1
1350.0,0,0.565217391,0.434782609,50.0,0.076923077,56,0.017857143,6,13,21,5.75,1,5,legitimate,0
2133.0,0,0.0625,0.9375,96.66666667,0.2,76,0.026315789,8,13,20,6.833333333,1,4,legitimate,0
8346.0,0,0.090909091,0.909090909,11.11111111,0.384615385,73,0.0,11,9,15,4.555555556,0,2,legitimate,0
6256.0,0,0.114624506,0.885375494,51.61290323,0.0,77,0.0,4,29,40,29.0,1,1,legitimate,0
3415.0,0,0.311111111,0.688888889,71.42857143,0.142857143,43,0.139534884,6,7,21,3.666666667,1,4,phishing,1
7649.0,0,0.590909091,0.409090909,0.0,0.230769231,29,0.0,2,12,20,0.0,1,3,legitimate,0
7838.0,0,0.231578947,0.768421053,31.42857143,0.257575758,50,0.0,5,10,23,8.5,0,5,legitimate,0
7134.0,0,0.076323988,0.923676012,70.74626866,0.326530612,46,0.0,5,9,16,6.333333333,0,1,legitimate,0
2786.0,0,0.72,0.28,71.42857143,0.055555556,25,0.0,2,8,16,0.0,1,3,legitimate,0
8934.0,0,0.142857143,0.857142857,33.33333333,0.0,28,0.0,2,10,19,0.0,1,0,legitimate,0
1205.0,0,0.051948052,0.948051948,0.0,0.0,25,0.0,2,8,16,0.0,0,3,legitimate,0
5526.0,0,0.6571428570000001,0.342857143,73.68421053,0.043478261,48,0.0,6,9,17,4.75,1,3,legitimate,0
5906.0,0,0.75,0.25,0.0,0.0,51,0.019607843,6,10,18,5.25,1,5,legitimate,0
6064.0,0,0.082352941,0.917647059,33.33333333,0.142857143,85,0.0,11,12,16,5.1,1,0,legitimate,0
0.0,0,0.0,1.0,100.0,0.0,70,0.057142857,7,12,37,7.666666667,1,1,phishing,1
3494.0,0,0.608695652,0.391304348,60.0,0.0,33,0.0,2,16,24,0.0,1,3,legitimate,0
2300.0,2,0.454545455,0.545454545,60.0,0.0,98,0.255102041,10,32,26,8.142857142999999,1,6,phishing,1
7967.0,0,0.0,1.0,0.0,0.0,40,0.0,4,9,13,5.666666667,1,0,phishing,1
1950.0,1,1.0,0.0,0.0,0.0,29,0.0,2,11,21,0.0,1,1,phishing,1
3314.0,3,0.444444444,0.5555555560000001,0.0,0.5,80,0.0375,8,13,16,7.142857143,0,0,phishing,1
6338.0,0,0.096732026,0.903267974,9.756097561,0.027027027,57,0.0,6,9,21,6.0,0,1,legitimate,0
8018.0,1,0.884615385,0.115384615,0.0,0.0,99,0.03030303,10,36,25,8.142857142999999,1,2,phishing,1
5075.0,0,0.302816901,0.6971830990000001,28.94736842,0.186046512,76,0.039473684,10,11,13,5.875,1,3,legitimate,0
1669.0,0,1.0,0.0,0.0,0.027027027,126,0.325396825,12,32,61,8.666666667000001,1,6,phishing,1
3433.0,0,0.244186047,0.755813953,4.545454545,0.142857143,37,0.0,4,8,29,0.0,1,1,phishing,1
7158.0,0,0.068870523,0.931129477,80.73394495,0.8,43,0.139534884,6,8,14,4.5,1,2,legitimate,0
8217.0,1,0.0,0.0,0.0,0.0,125,0.088,17,10,26,5.5,1,5,legitimate,0
8347.0,1,1.0,0.0,0.0,0.0,70,0.028571429,7,29,16,8.2,0,2,phishing,1
12102.0,0,0.0,1.0,100.0,0.0,56,0.035714286,8,8,21,4.4,1,0,legitimate,0
139.0,0,0.142857143,0.857142857,0.0,1.0,82,0.243902439,11,13,23,6.285714286,1,6,phishing,1
3993.0,0,0.0,1.0,100.0,0.0,128,0.125,13,17,50,7.375,1,13,phishing,1
1953.0,0,0.875,0.125,0.0,0.0,40,0.0,3,18,27,5.0,1,3,phishing,1
5075.0,0,0.5,0.5,0.0,0.0,55,0.018181818,5,11,38,3.5,1,2,phishing,1
8048.0,0,0.009019166,0.990980834,90.32258065,0.0,41,0.0,4,12,20,5.5,1,3,legitimate,0
276.0,1,0.0,1.0,0.0,0.0,129,0.465116279,9,49,14,14.42857143,1,12,phishing,1
6529.0,0,0.4,0.6,0.0,0.0,32,0.0,3,11,19,4.0,0,4,legitimate,0
3993.0,0,0.0,1.0,100.0,0.0,128,0.140625,13,17,50,7.375,1,5,phishing,1
3871.0,0,0.424242424,0.575757576,14.28571429,0.285714286,51,0.0,5,10,14,6.25,0,1,legitimate,0
5075.0,0,0.28,0.72,100.0,0.0,29,0.0,2,14,21,0.0,0,4,legitimate,0
5075.0,0,0.16,0.84,0.0,0.5,30,0.0,3,7,22,0.0,1,3,legitimate,0
5466.0,0,1.0,0.0,0.0,0.0,56,0.089285714,8,9,37,5.0,1,3,phishing,1
5075.0,1,0.0,1.0,0.0,0.0,86,0.255813953,6,32,17,11.4,1,3,phishing,1
93.0,0,0.0,1.0,0.0,0.0,25,0.0,2,10,18,0.0,1,4,phishing,1
4672.0,0,0.195555556,0.804444444,97.93814433,0.181818182,30,0.0,3,6,10,5.0,0,0,legitimate,0
7130.0,0,0.095238095,0.904761905,68.75,0.55,55,0.0,6,9,16,6.75,0,1,legitimate,0
5075.0,1,0.1,0.9,0.0,0.0,29,0.344827586,10,5,13,2.833333333,1,0,phishing,1
6215.0,0,0.157024793,0.8429752070000001,29.62962963,0.263157895,54,0.0,6,11,16,6.5,0,3,legitimate,0
5075.0,0,0.326530612,0.673469388,66.66666667,0.375,22,0.0,1,10,13,0.0,0,0,legitimate,0
7982.0,0,0.034482759,0.965517241,80.0,0.285714286,97,0.030927835,13,8,15,5.727272727000001,0,5,legitimate,0
5075.0,0,0.25,0.75,0.0,0.0,28,0.428571429,4,4,6,4.0,1,2,phishing,1
2783.0,0,0.0,0.0,0.0,0.0,63,0.158730159,5,20,27,8.666666667000001,1,1,phishing,1
6405.0,0,0.0,0.0,0.0,0.0,72,0.0,10,10,18,4.875,1,3,phishing,1
5627.0,1,0.818181818,0.181818182,25.0,0.277777778,44,0.0,7,8,25,3.0,1,1,phishing,1
4684.0,2,0.657894737,0.342105263,0.0,0.24,48,0.0,4,15,29,4.5,0,1,phishing,1
5075.0,0,0.166666667,0.833333333,0.0,0.0,90,0.1555555559999999,9,24,6,8.125,1,5,phishing,1
3993.0,0,0.0,1.0,100.0,0.0,127,0.141732283,13,17,50,7.375,1,2,phishing,1
3993.0,0,0.0,1.0,100.0,0.0,128,0.171875,13,17,50,7.375,1,3,phishing,1
5075.0,0,0.074074074,0.925925926,82.35294118,0.05,28,0.0,2,12,19,0.0,0,3,legitimate,0
5832.0,0,0.056451613,0.943548387,0.0,0.142857143,25,0.0,2,8,16,0.0,1,3,legitimate,0
5751.0,0,0.3790849670000001,0.620915033,20.0,0.103448276,47,0.0,5,11,19,6.0,1,3,legitimate,0
7134.0,0,0.047272727,0.952727273,69.04761905,0.538461538,52,0.0,5,11,16,8.333333332999999,0,1,legitimate,0
5443.0,0,0.7784431140000001,0.221556886,16.90140845,0.146153846,80,0.075,10,15,27,4.75,1,1,legitimate,0
4847.0,0,0.285714286,0.7142857140000001,20.0,0.083333333,78,0.0,12,8,24,4.75,1,4,legitimate,0
5075.0,1,0.516129032,0.483870968,0.0,0.3125,181,0.342541436,17,24,19,9.333333333,1,10,phishing,1
6253.0,1,0.067961165,0.932038835,0.0,0.285714286,42,0.047619048,4,17,25,4.0,1,1,phishing,1
6532.0,1,0.0,0.0,0.0,0.0,41,0.0,5,8,12,4.5,1,0,phishing,1
5075.0,0,0.25,0.75,100.0,0.0,47,0.0,4,19,27,5.0,1,4,phishing,1
7309.0,0,0.642857143,0.357142857,0.0,0.055555556,34,0.058823529,2,13,26,0.0,1,2,phishing,1
8649.0,0,0.527131783,0.472868217,58.33333333,0.014705882,21,0.0,2,4,12,0.0,0,3,legitimate,0
2192.0,0,0.115384615,0.884615385,86.04651163,0.444444444,84,0.226190476,6,32,14,11.2,1,3,phishing,1
4062.0,1,0.284671533,0.7153284670000001,80.48780488,0.102564103,88,0.056818182,10,13,28,5.5,1,1,legitimate,0
3691.0,0,0.151898734,0.8481012659999999,44.11764706,0.375,18,0.055555556,1,4,11,0.0,1,0,legitimate,0
9131.0,0,0.252475248,0.747524752,38.0952381,0.294117647,80,0.1125,11,12,20,4.888888889,1,6,legitimate,0
8347.0,1,0.666666667,0.333333333,0.0,0.0,99,0.111111111,7,56,15,14.2,1,1,phishing,1
5259.0,0,0.0,1.0,100.0,0.0,53,0.0,5,16,24,6.333333333,0,4,legitimate,0
5636.0,0,0.527272727,0.472727273,0.0,0.0,56,0.089285714,7,9,15,5.4,0,4,legitimate,0
5075.0,0,1.0,0.0,0.0,0.0,38,0.105263158,2,19,31,0.0,1,1,phishing,1
5075.0,0,0.044444444,0.955555556,61.9047619,0.75,18,0.0,1,4,11,0.0,1,0,legitimate,0
4059.0,0,0.268656716,0.731343284,83.78378378,0.055555556,103,0.048543689,10,15,29,7.25,1,1,legitimate,0
90.0,0,0.0,0.0,0.0,0.0,36,0.0,3,10,17,10.0,1,0,phishing,1
3262.0,0,0.004219409,0.995780591,60.0,0.0,26,0.0,2,10,17,0.0,0,3,legitimate,0
5767.0,0,0.033333333,0.966666667,100.0,0.0,77,0.272727273,4,32,23,14.66666667,1,1,phishing,1
4104.0,0,0.024390244,0.975609756,100.0,0.0,22,0.0,2,5,13,0.0,0,6,legitimate,0
3913.0,0,0.105263158,0.894736842,0.0,0.0,31,0.0,2,13,23,0.0,1,3,legitimate,0
4489.0,1,0.1,0.9,0.0,0.0,28,0.035714286,2,8,19,0.0,1,0,phishing,1
252.0,0,0.449438202,0.5505617979999999,9.302325581,0.8,79,0.265822785,8,27,28,9.75,1,3,phishing,1
7448.0,0,0.0,0.0,0.0,0.0,89,0.06741573,12,11,30,4.666666667,1,1,legitimate,0
7297.0,0,0.614285714,0.385714286,47.36842105,0.139534884,33,0.0,3,8,25,0.0,1,0,legitimate,0
5075.0,0,0.0,0.0,0.0,0.0,30,0.0,3,9,18,4.0,1,0,phishing,1
7299.0,0,0.937823834,0.062176166,0.0,0.237569061,32,0.0625,2,11,24,0.0,1,1,legitimate,0
5075.0,3,0.0,0.0,0.0,0.0,60,0.016666667,7,13,27,4.0,1,1,phishing,1
2674.0,0,0.486842105,0.513157895,38.46153846,0.027027027,35,0.0,3,13,16,4.5,1,1,legitimate,0
1546.0,1,0.575757576,0.424242424,75.0,0.105263158,55,0.054545455,6,13,36,4.5,1,4,phishing,1
5159.0,0,0.409090909,0.590909091,76.19047619,0.0,33,0.0,3,9,20,1.0,1,0,legitimate,0
3808.0,3,0.8,0.2,0.0,0.125,299,0.173913043,36,20,31,6.787878788,1,8,phishing,1
8219.0,0,0.051094891,0.948905109,56.25,0.857142857,125,0.0,15,12,20,6.538461538,0,6,legitimate,0
2706.0,1,0.137931034,0.8620689659999999,0.0,0.0,66,0.015151515,6,19,27,6.5,1,5,legitimate,0
5491.0,0,0.0,1.0,0.0,0.0,41,0.0,5,12,20,3.333333333,1,3,legitimate,0
581.0,0,0.44,0.56,50.0,0.0,77,0.0,5,21,29,12.33333333,1,4,phishing,1
5075.0,0,0.049861496,0.950138504,33.33333333,0.222222222,57,0.0,4,17,28,10.0,1,4,legitimate,0
5075.0,0,0.1643835619999999,0.835616438,33.33333333,0.0,29,0.0,2,13,21,0.0,1,3,legitimate,0
1800.0,0,0.18487395,0.81512605,21.05263158,0.045454545,55,0.0,7,11,18,5.0,1,3,phishing,1
5075.0,0,1.0,0.0,0.0,0.0,63,0.174603175,8,12,19,4.285714286,1,1,phishing,1
5075.0,0,0.957575758,0.042424242,25.0,0.018987342,31,0.0,1,21,24,0.0,1,1,legitimate,0
7688.0,0,0.28,0.72,70.0,0.214285714,74,0.0,11,13,21,4.1111111110000005,1,3,legitimate,0
7792.0,2,0.8142707240000001,0.185729276,71.42857143,0.0,111,0.108108108,13,11,19,6.6363636360000005,0,5,legitimate,0
3088.0,0,0.0806451609999999,0.919354839,50.0,0.2,23,0.0,2,7,14,0.0,0,3,legitimate,0
7968.0,0,0.4166666670000001,0.583333333,0.0,0.0,204,0.12745098,10,57,27,20.0,1,7,phishing,1
7083.0,0,0.655172414,0.344827586,100.0,0.0,214,0.23364486,13,70,37,14.27272727,1,11,phishing,1
8000.0,0,0.125,0.875,61.53846154,0.4166666670000001,71,0.0,8,10,19,6.5,0,2,legitimate,0
5075.0,1,0.84,0.16,30.76923077,0.428571429,78,0.128205128,16,16,12,4.833333333,1,2,phishing,1
7412.0,1,1.0,0.0,0.0,1.166666667,36,0.0,2,16,29,0.0,0,1,phishing,1
6587.0,0,0.123076923,0.876923077,0.0,0.0,67,0.089552239,8,10,18,5.833333333,1,4,legitimate,0
6991.0,0,0.026773762,0.973226238,91.42857143,0.0,26,0.0,2,9,17,0.0,1,3,legitimate,0
7295.0,0,0.923076923,0.076923077,25.0,0.833333333,43,0.0,2,23,36,0.0,1,0,phishing,1
2865.0,0,0.0,0.0,0.0,0.0,30,0.0,3,11,19,2.0,1,3,phishing,1
5075.0,0,0.021978022,0.978021978,66.66666667,0.0,21,0.0,2,7,14,0.0,0,3,legitimate,0
1616.0,0,0.715384615,0.284615385,17.24137931,0.064516129,27,0.0,2,11,19,0.0,1,3,legitimate,0
5616.0,0,0.80952381,0.19047619,25.0,0.176470588,54,0.0,8,7,38,3.5,1,3,phishing,1
5086.0,0,0.191860465,0.808139535,38.46153846,0.121212121,52,0.0,4,20,28,7.5,1,4,legitimate,0
6998.0,0,0.0,1.0,0.0,0.0,30,0.0,3,8,21,0.0,0,3,legitimate,0
2166.0,0,0.205882353,0.794117647,28.57142857,0.0,23,0.0,2,7,15,0.0,1,3,legitimate,0
1493.0,0,0.535714286,0.464285714,50.0,0.0,23,0.0,1,13,16,0.0,1,0,legitimate,0
1346.0,0,0.565217391,0.434782609,50.0,0.0,29,0.0,2,13,21,0.0,1,4,legitimate,0
8575.0,0,0.272727273,0.727272727,41.93548387,0.5555555560000001,47,0.0,5,10,19,6.0,1,0,legitimate,0
4284.0,2,0.217391304,0.7826086959999999,20.0,0.0,153,0.183006536,11,43,21,12.55555556,1,7,phishing,1
4937.0,0,0.0824372759999999,0.917562724,70.42253521,0.826086957,44,0.0,4,11,15,6.333333333,1,2,legitimate,0
2172.0,0,0.7333333329999999,0.266666667,16.66666667,0.090909091,45,0.0,2,17,20,17.0,1,2,phishing,1
2837.0,0,0.2,0.8,75.0,0.0,34,0.0,3,11,26,0.0,1,1,phishing,1
6256.0,0,0.160220994,0.839779006,50.0,0.0,61,0.0,3,23,30,23.0,1,2,legitimate,0
5075.0,0,0.0,1.0,0.0,0.0,43,0.0,6,7,15,4.0,1,0,phishing,1
6149.0,0,0.918918919,0.081081081,9.090909091,0.352941176,67,0.0,9,9,17,5.0,1,2,legitimate,0
7295.0,0,0.928571429,0.071428571,14.28571429,0.846153846,30,0.1,2,10,23,0.0,1,3,phishing,1
5160.0,0,0.6,0.4,0.0,0.666666667,28,0.0,2,10,21,0.0,0,0,legitimate,0
7130.0,0,0.113782051,0.8862179490000001,68.72246696,0.478873239,45,0.0,6,9,18,5.333333333,0,0,legitimate,0
201.0,3,0.0,0.0,0.0,0.0,62,0.0,8,14,22,4.333333333,1,4,phishing,1
6304.0,0,0.132478632,0.867521368,24.13793103,0.419354839,29,0.0,3,7,20,0.0,1,3,legitimate,0
5075.0,0,0.5,0.5,0.0,0.0,82,0.0,9,9,15,7.571428571,1,4,legitimate,0
862.0,0,0.534883721,0.465116279,18.18181818,0.086956522,26,0.0,2,11,18,0.0,1,3,phishing,1
3312.0,0,0.4,0.6,25.0,0.0,31,0.0,2,15,23,0.0,1,3,legitimate,0
5783.0,0,0.0,0.0,0.0,0.0,77,0.298701299,5,32,22,14.66666667,1,3,phishing,1
3857.0,0,0.0,0.0,0.0,0.0,49,0.12244898,8,10,18,3.0,1,3,legitimate,0
5075.0,1,0.6,0.4,100.0,0.0,18,0.0,2,5,10,0.0,1,0,phishing,1
5232.0,0,0.0,0.0,0.0,0.0,93,0.129032258,15,13,24,3.769230769,1,6,legitimate,0
3992.0,0,0.0,1.0,100.0,0.0,123,0.1707317069999999,13,17,46,7.375,1,6,phishing,1
5627.0,0,0.80952381,0.19047619,25.0,0.294117647,64,0.15625,7,17,31,7.666666667,1,8,phishing,1
5075.0,1,0.974358974,0.025641026,0.0,0.6315789470000001,159,0.308176101,10,23,14,14.33333333,1,3,phishing,1
5222.0,0,0.290076336,0.7099236640000001,47.36842105,0.105263158,91,0.0,10,16,18,7.125,1,3,legitimate,0
8202.0,1,0.0,0.0,0.0,0.0,75,0.053333333,7,16,20,8.6,1,3,legitimate,0
7449.0,0,0.277777778,0.7222222220000001,33.33333333,0.0,32,0.0,2,15,23,0.0,1,4,legitimate,0
4383.0,0,0.097560976,0.902439024,100.0,0.0,20,0.0,2,5,8,4.0,1,0,phishing,1
8964.0,0,0.251712329,0.7482876709999999,94.54545455,0.0068027209999999,33,0.212121212,4,7,12,6.0,0,5,legitimate,0
1456.0,0,0.387096774,0.612903226,20.0,0.166666667,38,0.0,2,22,29,0.0,1,3,legitimate,0
2254.0,1,0.032258065,0.967741935,100.0,0.0,63,0.031746032,7,14,18,5.333333333,1,3,phishing,1
5032.0,0,0.1578947369999999,0.842105263,81.08108108,0.466666667,55,0.0,6,13,21,5.5,0,3,legitimate,0
8047.0,0,0.153846154,0.846153846,40.0,0.0,50,0.0,6,12,20,4.5,1,3,legitimate,0
5075.0,1,1.0,0.0,0.0,0.0,40,0.0,4,11,31,0.0,1,2,phishing,1
5075.0,0,0.336538462,0.663461538,53.19148936,0.057142857,72,0.0,11,6,32,4.333333333,1,5,legitimate,0
5812.0,0,0.253012048,0.746987952,11.11111111,0.238095238,45,0.0,7,7,15,3.6,1,3,legitimate,0
2006.0,0,0.08974359,0.91025641,64.70588235,0.142857143,31,0.0,2,15,22,0.0,1,3,legitimate,0
5075.0,5,0.066666667,0.933333333,85.71428571,1.0,90,0.0,11,16,23,4.9,1,0,phishing,1
8347.0,1,1.0,0.0,0.0,0.0,84,0.071428571,9,33,16,7.571428571,0,1,phishing,1
2837.0,0,0.5,0.5,0.0,1.0,35,0.028571429,2,11,26,0.0,1,2,phishing,1
2809.0,2,0.030508475,0.969491525,96.91780822,0.055555556,63,0.0,8,15,22,4.666666667,1,1,phishing,1
212.0,0,0.625,0.375,0.0,0.0,35,0.0,3,12,20,6.0,1,3,phishing,1
5509.0,0,0.277777778,0.7222222220000001,100.0,0.0,24,0.041666667,2,6,10,5.0,0,3,phishing,1
3466.0,0,0.761904762,0.238095238,59.375,0.1875,24,0.0,2,8,16,0.0,1,4,legitimate,0
1735.0,0,0.5,0.5,50.0,0.0,26,0.0,3,8,12,2.5,0,0,phishing,1
5075.0,0,0.0,0.0,0.0,0.0,41,0.024390244,4,11,23,4.5,1,1,legitimate,0
7130.0,0,0.139973082,0.860026918,62.85714286,0.346153846,49,0.0,6,9,16,5.25,0,0,legitimate,0
5075.0,0,0.222222222,0.7777777779999999,50.0,1.0,37,0.054054054,4,9,17,5.0,1,3,legitimate,0
5075.0,0,0.9375,0.0625,0.0,0.2,46,0.0,5,10,17,4.25,1,0,phishing,1
3040.0,0,0.026315789,0.973684211,33.33333333,0.166666667,25,0.0,2,9,17,0.0,0,4,legitimate,0
5612.0,0,0.0,0.0,0.0,0.0,47,0.127659574,6,7,39,0.0,1,2,phishing,1
5414.0,0,0.413043478,0.586956522,54.54545455,0.421052632,90,0.011111111,12,10,16,5.6,1,3,legitimate,0
7251.0,0,0.75,0.25,39.13043478,0.0,24,0.0,2,9,16,0.0,1,3,phishing,1
5613.0,0,0.0,0.0,0.0,0.0,29,0.068965517,2,8,20,0.0,1,1,phishing,1
7692.0,0,0.069518717,0.930481283,89.3442623,0.461538462,53,0.0,6,10,16,6.5,1,6,legitimate,0
5797.0,0,0.264367816,0.7356321840000001,16.66666667,0.130434783,85,0.094117647,12,10,14,4.818181818,1,2,legitimate,0
2350.0,0,0.0,1.0,0.0,0.0,70,0.0,12,11,9,3.818181818,0,1,phishing,1
5075.0,0,0.175,0.825,20.0,0.142857143,26,0.0,2,6,17,0.0,1,3,legitimate,0
7132.0,0,0.046808511,0.953191489,71.05263158,0.454545455,47,0.0,5,9,16,6.666666667,0,1,legitimate,0
7071.0,0,0.145833333,0.854166667,42.85714286,0.071428571,61,0.0,7,11,16,6.4,1,3,legitimate,0
8592.0,0,0.0,0.0,0.0,0.0,65,0.107692308,8,11,20,6.6,1,6,legitimate,0
582.0,0,0.482758621,0.517241379,100.0,0.0,33,0.0,4,8,16,3.5,1,5,phishing,1
5342.0,1,0.061093248,0.938906752,41.37931034,0.315789474,27,0.0,2,12,19,0.0,0,3,legitimate,0
3993.0,0,0.0,1.0,100.0,0.0,124,0.1693548389999999,12,17,50,8.142857142999999,1,4,phishing,1
4410.0,1,0.0,1.0,0.0,0.0,51,0.058823529,6,9,13,5.0,1,2,phishing,1
6977.0,0,0.021052632,0.978947368,77.77777778,0.5,35,0.0,4,8,14,6.0,0,3,legitimate,0
5034.0,0,0.333333333,0.666666667,30.43478261,0.666666667,68,0.073529412,10,10,18,4.25,1,4,legitimate,0
5075.0,0,1.0,0.0,0.0,0.0,30,0.033333333,2,14,22,0.0,1,3,legitimate,0
6391.0,0,0.392156863,0.607843137,37.5,0.05,29,0.0,2,9,21,0.0,0,1,legitimate,0
505.0,1,0.0,0.0,0.0,0.0,70,0.071428571,9,15,43,8.5,0,3,phishing,1
3037.0,0,0.028248588,0.971751412,98.7012987,0.0,105,0.057142857,13,10,18,6.181818182000001,0,6,legitimate,0
883.0,1,1.0,0.0,0.0,0.0,148,0.236486486,17,43,16,7.066666667000001,1,6,phishing,1
3992.0,0,0.0,1.0,100.0,0.0,127,0.118110236,13,17,50,7.375,1,8,phishing,1
8373.0,0,0.106382979,0.893617021,50.0,0.0,57,0.0,7,15,23,4.4,1,4,legitimate,0
5616.0,0,0.0,0.0,0.0,0.0,70,0.242857143,9,14,45,4.666666667,1,3,phishing,1
3579.0,0,0.955555556,0.044444444,0.0,0.069767442,31,0.0,2,16,24,0.0,1,3,legitimate,0
5075.0,0,1.0,0.0,0.0,0.0,24,0.0,3,7,16,0.0,0,3,legitimate,0
5075.0,0,0.0,0.0,0.0,0.0,26,0.038461538,2,10,18,0.0,1,3,legitimate,0
155.0,1,0.0,1.0,0.0,0.0,51,0.0,5,13,17,5.25,1,1,phishing,1
5075.0,4,0.294117647,0.705882353,100.0,0.0,303,0.287128713,23,32,15,11.72727273,1,15,phishing,1
6564.0,0,0.943181818,0.056818182,20.0,0.012048193,26,0.0,2,9,17,0.0,0,3,legitimate,0
5617.0,0,0.0,0.0,0.0,0.0,27,0.0,2,11,19,0.0,1,4,legitimate,0
8829.0,0,0.151515152,0.848484848,20.0,0.0,59,0.0,8,10,15,5.166666667,0,3,legitimate,0
7740.0,0,0.068493151,0.931506849,41.81818182,0.457142857,42,0.0,5,14,22,2.666666667,1,4,legitimate,0
2718.0,0,0.031746032,0.968253968,90.0,0.25,39,0.0,5,8,31,0.0,1,3,legitimate,0
5075.0,0,0.472222222,0.5277777779999999,10.52631579,0.411764706,33,0.0,5,4,11,3.333333333,0,3,legitimate,0
7530.0,0,0.0,1.0,100.0,0.0,41,0.146341463,3,12,21,11.0,1,0,phishing,1
7376.0,0,0.16,0.84,42.85714286,0.0,50,0.04,5,10,16,8.0,1,4,legitimate,0
9041.0,0,0.214285714,0.7857142859999999,60.0,0.0,25,0.0,2,8,16,0.0,0,3,legitimate,0
3839.0,0,0.357723577,0.642276423,27.77777778,0.1363636359999999,55,0.018181818,6,10,18,6.25,1,3,legitimate,0
5075.0,0,0.048780488,0.951219512,66.66666667,0.5,36,0.055555556,4,11,15,3.666666667,1,1,phishing,1
1818.0,0,0.0,0.0,0.0,0.0,45,0.0,4,11,17,5.666666667,1,1,phishing,1
4003.0,0,0.0,1.0,100.0,0.0,76,0.144736842,7,15,50,8.5,1,3,phishing,1
2046.0,3,0.102272727,0.897727273,85.71428571,0.5555555560000001,106,0.150943396,10,32,19,9.0,1,12,phishing,1
5075.0,0,0.227272727,0.772727273,30.76923077,0.08,30,0.0,2,13,21,0.0,0,3,legitimate,0
5075.0,0,0.285714286,0.7142857140000001,81.1965812,0.055555556,22,0.0,2,4,14,0.0,1,3,legitimate,0
5075.0,0,0.75,0.25,0.0,1.0,41,0.0,6,7,17,4.666666667,1,3,phishing,1
4286.0,0,0.044444444,0.955555556,83.33333333,0.25,70,0.0,6,17,27,10.33333333,1,4,legitimate,0
1953.0,0,0.875,0.125,0.0,0.0,42,0.047619048,4,9,14,8.5,1,2,phishing,1
5075.0,0,0.0,0.0,0.0,0.0,56,0.053571429,6,15,25,7.0,1,0,phishing,1
1382.0,0,0.323529412,0.6764705879999999,41.66666667,0.090909091,27,0.0,2,11,19,0.0,1,3,legitimate,0
3777.0,1,0.24,0.76,53.33333333,0.583333333,30,0.0,4,5,13,3.5,1,3,legitimate,0
7133.0,0,0.052631579,0.947368421,63.63636364,0.125,38,0.0,5,9,18,5.0,0,0,legitimate,0
5626.0,0,0.80952381,0.19047619,25.0,0.294117647,75,0.08,10,17,42,7.666666667,1,4,phishing,1
9010.0,0,0.070588235,0.929411765,0.0,0.0,77,0.103896104,10,10,16,5.75,1,6,legitimate,0
152.0,0,0.115384615,0.884615385,86.04651163,0.444444444,77,0.3376623379999999,5,32,27,13.0,1,6,phishing,1
7119.0,0,0.461538462,0.538461538,0.0,0.666666667,67,0.0,6,20,28,7.0,1,5,legitimate,0
630.0,4,0.571428571,0.428571429,0.0,0.0,78,0.0,9,18,13,6.25,1,1,phishing,1
7491.0,0,0.48,0.52,0.0,0.0,34,0.0,2,14,11,14.0,1,1,legitimate,0
54.0,0,0.0,0.0,0.0,0.0,19,0.0,2,2,11,0.0,1,0,phishing,1
8520.0,0,0.6176470589999999,0.382352941,100.0,0.0,55,0.0,3,29,16,29.0,0,5,legitimate,0
4211.0,0,0.048870447,0.951129553,67.5,0.0,89,0.02247191,11,9,20,5.777777778,1,1,legitimate,0
3772.0,0,0.370967742,0.629032258,16.66666667,0.434782609,45,0.0,4,13,21,6.5,1,3,legitimate,0
5075.0,0,0.0,0.0,0.0,0.0,74,0.067567568,8,14,22,6.5,1,3,legitimate,0
5271.0,0,0.56,0.44,40.0,0.071428571,50,0.02,6,8,25,8.0,1,0,phishing,1
5075.0,0,0.3125,0.6875,60.0,0.6,19,0.052631579,1,7,11,0.0,0,0,legitimate,0
7490.0,0,0.0,0.0,0.0,0.0,330,0.312121212,39,34,16,7.27027027,1,15,phishing,1
27.0,0,0.142857143,0.857142857,0.0,1.0,42,0.0,4,9,22,5.5,1,0,phishing,1
2215.0,0,0.64,0.36,0.0,0.125,43,0.23255814,5,10,28,6.0,1,1,phishing,1
5075.0,0,0.01459854,0.98540146,33.33333333,1.0,21,0.0,2,5,12,0.0,0,3,legitimate,0
12712.0,0,0.0,0.0,0.0,0.0,62,0.032258065,7,13,26,4.8,1,1,legitimate,0
2837.0,0,0.2,0.8,75.0,0.0,36,0.0,3,11,28,0.0,1,3,phishing,1
3313.0,0,0.148148148,0.851851852,100.0,0.0,27,0.0,3,5,19,0.0,1,3,legitimate,0
5075.0,0,0.0,0.0,0.0,0.0,26,0.0,2,11,15,2.0,1,1,phishing,1
4641.0,0,0.384615385,0.615384615,75.0,0.0,66,0.0,7,14,22,6.0,1,3,legitimate,0
4545.0,0,0.739130435,0.260869565,13.33333333,0.529411765,50,0.0,4,16,24,8.0,1,4,phishing,1
8539.0,0,0.0123456789999999,0.987654321,100.0,0.0,45,0.0,5,11,19,5.333333333,0,3,legitimate,0
7295.0,0,0.928571429,0.071428571,14.28571429,0.230769231,31,0.0,2,10,23,0.0,1,0,phishing,1
1.0,0,0.0,0.0,0.0,0.0,30,0.0,3,6,21,0.0,1,0,phishing,1
7717.0,0,0.5,0.5,0.0,0.7777777779999999,33,0.0,5,6,13,2.666666667,0,5,legitimate,0
2881.0,0,0.0,1.0,0.0,0.0,36,0.027777778,3,9,21,7.0,0,1,phishing,1
7132.0,0,0.057919622,0.942080378,75.12690355,0.653061224,45,0.0,5,11,16,6.0,0,0,legitimate,0
7133.0,0,0.022608696,0.977391304,76.36363636,0.692307692,44,0.0,5,9,16,5.666666667,0,1,legitimate,0
5636.0,0,0.433962264,0.5660377360000001,0.0,0.0,43,0.046511628,6,9,15,4.0,0,3,legitimate,0
1338.0,0,0.0,1.0,0.0,0.0,64,0.125,5,20,25,9.333333333,0,1,phishing,1
259.0,0,0.0,0.0,0.0,0.0,92,0.239130435,7,32,21,11.6,1,6,phishing,1
5075.0,0,0.56122449,0.43877551,4.347826087,0.018181818,33,0.0,2,16,24,0.0,1,3,legitimate,0
8181.0,0,0.042857143,0.957142857,0.0,0.0,74,0.0,7,11,66,0.0,1,0,legitimate,0
9338.0,1,0.0,0.0,0.0,0.0,255,0.329411765,32,17,17,6.633333333,1,6,phishing,1
778.0,3,0.1363636359999999,0.8636363640000001,100.0,0.0,219,0.219178082,19,40,13,9.888888889,1,10,phishing,1
2132.0,0,0.571428571,0.428571429,71.42857143,0.0,54,0.037037037,5,10,31,6.5,1,1,legitimate,0
5075.0,0,0.269662921,0.7303370790000001,42.42424242,0.083333333,31,0.0,2,12,19,3.0,1,0,legitimate,0
734.0,0,0.277777778,0.7222222220000001,100.0,0.0,28,0.0,2,12,20,0.0,1,3,phishing,1
5075.0,0,0.181818182,0.818181818,76.47058824,0.25,23,0.0,2,8,11,3.0,1,0,legitimate,0
5075.0,2,0.0,1.0,100.0,0.0,188,0.5,17,64,13,13.0,1,15,phishing,1
4666.0,0,0.457627119,0.542372881,25.0,0.111111111,23,0.0,2,7,14,0.0,1,4,legitimate,0
1163.0,0,0.392156863,0.607843137,25.0,0.25,29,0.0,2,12,20,0.0,1,3,legitimate,0
2660.0,1,0.0,1.0,100.0,0.0,263,0.178707224,17,29,214,7.2,1,4,phishing,1
2247.0,1,0.032786885,0.967213115,89.65517241,0.333333333,36,0.0,4,8,9,5.666666667,0,0,legitimate,0
3992.0,0,0.0,1.0,100.0,0.0,120,0.108333333,12,17,42,7.375,1,1,phishing,1
7062.0,1,0.067961165,0.932038835,0.0,0.285714286,34,0.0,4,8,17,4.0,1,0,phishing,1
345.0,3,0.950819672,0.049180328,0.0,0.034482759,60,0.0,7,15,23,4.8,1,3,phishing,1
6724.0,0,0.428571429,0.571428571,0.0,0.0,64,0.0,7,12,20,6.2,0,5,legitimate,0
2858.0,0,0.0875,0.9125,46.66666667,0.0,28,0.0,2,11,19,0.0,1,3,legitimate,0
835.0,3,0.0,1.0,0.0,0.0,97,0.0,10,18,22,6.333333333,1,2,phishing,1
184.0,0,0.0,1.0,100.0,0.0,48,0.1875,6,11,34,6.0,1,4,phishing,1
5075.0,0,0.099173554,0.900826446,52.0,0.25,72,0.166666667,11,12,13,4.777777778,1,2,legitimate,0
5075.0,0,0.203389831,0.796610169,57.14285714,0.0,49,0.081632653,5,13,21,6.0,1,3,legitimate,0
10673.0,0,0.225806452,0.774193548,30.0,0.142857143,74,0.108108108,10,10,18,5.0,0,3,legitimate,0
5160.0,0,0.0625,0.9375,80.0,0.0,34,0.264705882,3,10,21,1.0,1,0,legitimate,0
8348.0,2,0.517241379,0.482758621,11.11111111,0.0,43,0.0,4,14,16,9.0,1,1,phishing,1
6991.0,0,0.272727273,0.727272727,58.33333333,0.1,88,0.0681818179999999,10,13,14,7.25,0,4,legitimate,0
6111.0,0,0.053846154,0.946153846,0.0,0.142857143,56,0.053571429,6,11,19,6.5,1,6,legitimate,0
995.0,0,0.384615385,0.615384615,60.0,0.2,22,0.0,1,8,15,0.0,0,0,legitimate,0
9091.0,1,0.11827957,0.88172043,88.88888889,0.0,49,0.0,4,13,20,9.5,0,4,legitimate,0
7419.0,0,1.0,0.0,0.0,0.0,73,0.0,12,8,13,4.2,0,3,legitimate,0
2397.0,0,0.0,0.0,0.0,0.0,52,0.019230769,6,11,15,4.8,1,1,phishing,1
4190.0,0,0.05,0.95,33.33333333,0.0,31,0.0,3,8,16,7.0,0,3,legitimate,0
5075.0,0,0.875,0.125,0.0,0.0,40,0.35,11,7,14,3.857142857,1,3,phishing,1
7295.0,0,0.928571429,0.071428571,14.28571429,0.846153846,31,0.096774194,2,10,23,0.0,1,0,phishing,1
4.0,0,0.7113402059999999,0.288659794,7.391304347999999,0.1328502419999999,66,0.181818182,8,9,20,5.333333333,1,0,phishing,1
1128.0,0,0.357142857,0.642857143,85.71428571,0.0,27,0.0,2,11,19,0.0,1,3,legitimate,0
8758.0,0,0.123287671,0.8767123290000001,66.66666667,0.333333333,88,0.079545455,12,9,19,5.2,0,4,legitimate,0
9800.0,0,0.108333333,0.8916666670000001,50.0,0.230769231,55,0.090909091,9,9,13,4.0,0,1,legitimate,0
3565.0,0,0.308641975,0.691358025,15.0,0.48,74,0.0,9,12,7,6.5,0,1,legitimate,0
451.0,0,0.095238095,0.904761905,100.0,0.0,37,0.0,4,8,16,5.5,1,3,phishing,1
5075.0,0,0.443037975,0.556962025,60.0,0.228571429,23,0.0,2,3,14,0.0,1,3,legitimate,0
5075.0,0,0.5,0.5,0.0,0.0,110,0.181818182,9,32,38,9.666666667,1,3,phishing,1
8019.0,0,0.884615385,0.115384615,0.0,0.0,132,0.060606061,15,17,26,6.916666667,1,4,phishing,1
5208.0,0,0.491935484,0.508064516,13.04347826,0.245901639,63,0.0,7,16,24,5.4,1,5,legitimate,0
519.0,0,0.0,1.0,100.0,0.0,25,0.0,2,8,11,5.0,1,1,phishing,1
9221.0,0,0.165714286,0.8342857140000001,45.45454545,0.068965517,83,0.0,13,9,18,4.181818182,1,0,legitimate,0
5075.0,0,0.0,0.0,0.0,0.0,22,0.0,3,4,15,0.0,1,0,phishing,1
6739.0,0,0.240506329,0.759493671,0.0,0.368421053,54,0.0,6,12,20,5.5,0,3,legitimate,0
3930.0,0,0.571428571,0.428571429,8.695652174,0.458333333,91,0.021978022,11,17,25,5.444444444,0,3,legitimate,0
5554.0,0,0.056603774,0.943396226,66.66666667,1.0,40,0.0,3,12,16,7.0,0,0,legitimate,0
5075.0,1,0.0,1.0,0.0,0.0,48,0.0,5,8,41,0.0,1,2,phishing,1
7086.0,0,1.0,0.0,0.0,0.0,145,0.055172414,7,87,32,25.25,1,3,phishing,1
8519.0,0,0.5693430660000001,0.430656934,100.0,0.0,36,0.0,3,11,16,11.0,0,4,legitimate,0
1184.0,2,0.0,1.0,100.0,0.0,81,0.0,8,29,33,4.857142857,1,2,phishing,1
3855.0,0,1.0,0.0,0.0,1.0,60,0.033333333,6,15,19,5.6,1,2,legitimate,0
1230.0,1,0.1875,0.8125,0.0,0.222222222,27,0.037037037,2,7,18,0.0,1,0,phishing,1
8145.0,0,0.357575758,0.642424242,80.0,0.0,50,0.0,7,9,17,4.2,0,4,legitimate,0
5075.0,2,0.0,1.0,100.0,0.0,203,0.39408867,12,64,9,15.90909091,1,21,phishing,1
5075.0,0,0.0,1.0,100.0,0.0,54,0.0,7,11,22,4.0,1,4,phishing,1
473.0,0,0.0,1.0,0.0,0.0,36,0.027777778,3,14,18,4.0,1,1,phishing,1
2887.0,0,0.1688311689999999,0.8311688309999999,50.0,0.0,25,0.0,2,9,16,0.0,1,3,legitimate,0
5075.0,0,0.930379747,0.0696202529999999,11.71171171,0.632653061,32,0.0,2,12,23,0.0,0,3,legitimate,0
2052.0,0,0.0,1.0,0.0,0.0,29,0.0,3,7,13,7.0,1,3,phishing,1
8205.0,0,0.0,0.0,0.0,0.0,81,0.061728395,11,10,15,5.555555556,1,6,legitimate,0
6019.0,0,0.604651163,0.395348837,5.479452055,0.217948718,157,0.267515924,6,101,21,31.0,1,3,phishing,1
2350.0,0,0.0,1.0,0.0,0.0,54,0.0,10,8,9,3.111111111,0,1,phishing,1
2370.0,1,0.76,0.24,33.33333333,0.052631579,76,0.1710526319999999,12,21,29,2.7,1,3,phishing,1
4313.0,0,0.0,1.0,0.0,0.0,92,0.0,7,18,24,11.0,1,7,phishing,1
7841.0,0,0.076142132,0.923857868,0.0,0.066666667,97,0.0,12,12,16,6.4,0,3,legitimate,0
9286.0,0,0.472222222,0.5277777779999999,0.0,0.235294118,74,0.0,8,11,12,8.0,0,3,legitimate,0
4284.0,2,0.217391304,0.7826086959999999,20.0,0.0,164,0.134146341,13,43,21,11.18181818,1,7,phishing,1
5075.0,1,1.0,0.0,0.0,0.0,37,0.0,3,14,30,0.0,1,1,phishing,1
2005.0,0,0.1,0.9,20.0,0.0,25,0.0,1,10,16,0.0,1,1,legitimate,0
7133.0,0,0.059662776,0.940337224,66.42335766,0.565217391,49,0.0,6,9,16,5.25,0,0,legitimate,0
1186.0,0,0.142105263,0.8578947370000001,0.0,0.111111111,26,0.0,2,9,18,0.0,1,3,legitimate,0
5075.0,0,0.0,1.0,0.0,0.0,53,0.0,6,13,16,6.5,1,4,phishing,1
6986.0,0,0.4166666670000001,0.583333333,63.63636364,0.4,25,0.0,2,9,17,0.0,0,3,legitimate,0
4258.0,0,0.1616161619999999,0.8383838379999999,11.76470588,0.5,29,0.0,2,12,20,0.0,1,3,legitimate,0
4087.0,0,0.097560976,0.902439024,50.0,0.0,29,0.0,3,8,21,0.0,1,3,legitimate,0
5626.0,1,0.818181818,0.181818182,25.0,0.277777778,65,0.076923077,9,10,36,6.333333333,1,6,phishing,1
4376.0,0,0.0,0.0,0.0,0.0,67,0.194029851,4,32,14,14.0,1,3,phishing,1
9078.0,0,0.124293785,0.875706215,46.15384615,0.227272727,53,0.056603774,7,9,20,5.5,1,4,legitimate,0
7473.0,0,0.117647059,0.882352941,100.0,1.0,56,0.1785714289999999,8,12,20,3.666666667,1,5,phishing,1
767.0,3,0.0,0.0,0.0,0.0,56,0.0,6,13,21,5.75,1,3,phishing,1
5075.0,0,0.071428571,0.928571429,71.42857143,0.833333333,63,0.015873016,10,10,24,3.571428571,1,3,legitimate,0
7298.0,0,0.553459119,0.446540881,36.36363636,0.227272727,44,0.0,2,22,35,0.0,1,0,legitimate,0
7156.0,0,0.04040404,0.95959596,78.94736842,0.9375,43,0.11627907,6,8,15,4.25,1,0,legitimate,0
9265.0,0,0.0,1.0,0.0,0.0,57,0.070175439,10,11,12,3.75,0,4,legitimate,0
518.0,2,0.0,1.0,100.0,0.0,91,0.076923077,9,10,20,8.0,1,6,phishing,1
5075.0,2,0.578947368,0.421052632,33.33333333,0.1363636359999999,179,0.067039106,24,16,6,6.0434782610000015,1,8,phishing,1
1279.0,0,0.0,1.0,100.0,0.0,118,0.194915254,7,32,38,13.4,1,5,phishing,1
61.0,1,0.0,1.0,0.0,0.0,36,0.0,3,15,19,4.0,1,0,phishing,1
7157.0,0,0.032921811,0.967078189,88.57142857,0.75,44,0.1363636359999999,6,8,15,4.5,1,0,legitimate,0
8518.0,0,0.654929577,0.345070423,100.0,0.0,33,0.0,3,8,16,8.0,0,5,legitimate,0
6697.0,0,0.385204082,0.614795918,0.0,0.066225166,65,0.292307692,6,24,17,9.0,1,3,legitimate,0
6264.0,0,0.1796875,0.8203125,31.25,0.347826087,46,0.0,6,8,16,4.5,0,3,legitimate,0
2917.0,0,0.187096774,0.812903226,46.15384615,0.068965517,33,0.0,2,16,24,0.0,1,3,legitimate,0
5075.0,2,0.84,0.16,30.76923077,0.428571429,150,0.2,23,22,12,6.526315789,1,3,phishing,1
7969.0,0,0.289099526,0.710900474,57.14285714,0.0,21,0.0,2,4,12,0.0,0,3,legitimate,0
8050.0,0,0.097222222,0.902777778,50.0,0.214285714,56,0.017857143,5,13,31,5.0,0,1,legitimate,0
5075.0,0,0.064516129,0.935483871,57.89473684,0.875,41,0.0,3,18,31,2.0,1,4,legitimate,0
5075.0,0,0.034482759,0.965517241,68.75,0.0,26,0.0,2,10,17,0.0,0,3,legitimate,0
3993.0,0,0.0,1.0,100.0,0.0,76,0.197368421,7,15,50,8.5,1,2,phishing,1
6064.0,0,0.590909091,0.409090909,66.66666667,0.138461538,85,0.105882353,13,8,10,4.583333333,0,0,legitimate,0
7616.0,0,0.352941176,0.647058824,73.07692308,0.041666667,90,0.066666667,11,19,34,4.444444444,1,8,legitimate,0
1703.0,0,0.339385475,0.660614525,0.0,0.0,27,0.0,3,8,16,2.0,1,3,legitimate,0
7296.0,0,0.56,0.44,57.14285714,0.357142857,36,0.0,2,15,28,0.0,1,0,legitimate,0
6348.0,0,0.484848485,0.515151515,11.11111111,0.1875,70,0.0,9,10,18,5.428571429,1,3,legitimate,0
6677.0,0,0.1,0.9,0.0,0.0,113,0.221238938,11,32,12,9.444444444,1,6,phishing,1
1986.0,0,0.542168675,0.457831325,75.0,0.066666667,22,0.0,2,6,14,0.0,1,3,legitimate,0
6.0,0,0.0,1.0,0.0,0.0,31,0.0,2,14,18,4.0,1,1,phishing,1
7447.0,0,0.546052632,0.453947368,39.13043478,0.108433735,41,0.0,2,18,32,0.0,1,1,legitimate,0
1436.0,0,0.4074074070000001,0.592592593,62.5,0.727272727,89,0.0,11,13,11,6.1,1,1,legitimate,0
2314.0,0,0.0,1.0,0.0,0.0,51,0.058823529,5,12,21,6.333333333,1,0,phishing,1
5075.0,1,0.0,1.0,0.0,0.0,25,0.0,2,6,16,0.0,1,0,phishing,1
5075.0,0,0.0,1.0,0.0,0.0,27,0.0,2,11,18,0.0,0,3,legitimate,0
7296.0,0,1.0,0.0,0.0,0.0,35,0.114285714,2,13,26,0.0,1,0,phishing,1
8272.0,0,0.054794521,0.945205479,0.0,0.5,38,0.0,6,7,14,3.25,1,0,legitimate,0
11909.0,0,0.0,0.0,0.0,0.0,48,0.104166667,8,9,17,3.8,1,3,legitimate,0
6242.0,0,0.5,0.5,66.66666667,0.5,76,0.0,10,10,17,5.5,1,4,legitimate,0
7621.0,0,0.25,0.75,0.0,0.0,38,0.0,2,16,30,0.0,1,1,phishing,1
1414.0,0,0.0,0.0,0.0,0.0,45,0.088888889,4,15,18,5.666666667,1,1,phishing,1
889.0,0,0.8235294120000001,0.176470588,25.0,0.214285714,30,0.0,3,7,15,7.0,1,3,phishing,1
4502.0,0,0.1372549019999999,0.862745098,57.14285714,0.285714286,76,0.0,7,12,20,8.4,1,6,legitimate,0
7297.0,0,0.928571429,0.071428571,14.28571429,0.230769231,31,0.0,2,11,24,0.0,1,1,phishing,1
5927.0,3,0.0,0.0,0.0,0.0,77,0.0,10,9,8,5.777777778,1,2,phishing,1
1533.0,0,0.1363636359999999,0.8636363640000001,83.33333333,0.0,88,0.147727273,10,13,32,5.857142857,1,6,phishing,1
5075.0,0,0.0,0.0,0.0,0.0,56,0.607142857,9,32,15,8.8,1,5,phishing,1
6106.0,0,0.425,0.575,33.33333333,0.352941176,51,0.117647059,5,16,24,5.666666667,1,4,legitimate,0
7140.0,0,0.048484848,0.951515152,11.11111111,0.5,33,0.0,3,11,19,5.0,1,5,legitimate,0
5075.0,0,0.0,0.0,0.0,0.0,93,0.0,14,9,18,5.090909091,1,4,legitimate,0
5738.0,0,0.135294118,0.864705882,20.0,0.217391304,98,0.0,9,13,21,8.857142857000001,1,3,legitimate,0
1345.0,0,0.258188825,0.741811175,18.46153846,0.104477612,41,0.0,4,8,11,6.666666667,0,0,phishing,1
5075.0,0,0.476190476,0.523809524,25.0,0.6,38,0.0,4,12,16,4.0,1,1,phishing,1
3078.0,2,1.0,0.0,0.0,0.222222222,98,0.173469388,7,32,19,13.2,1,2,phishing,1
4918.0,0,0.102040816,0.8979591840000001,77.77777778,0.4,43,0.0,6,10,14,4.5,0,6,legitimate,0
7449.0,3,0.558394161,0.441605839,2.222222222,0.1372549019999999,78,0.08974359,8,14,12,8.833333332999999,1,1,phishing,1
5075.0,0,0.163043478,0.836956522,22.22222222,0.066666667,23,0.0,2,7,15,0.0,1,3,legitimate,0
1479.0,2,0.181818182,0.818181818,100.0,0.0,201,0.457711443,13,64,18,15.0,1,18,phishing,1
6467.0,0,0.108108108,0.8918918920000001,0.0,0.0,31,0.0,3,7,22,0.0,1,3,legitimate,0
6109.0,0,0.538461538,0.461538462,37.5,0.0,68,0.0,9,13,19,4.857142857,0,3,legitimate,0
7808.0,0,0.042253521,0.957746479,72.72727273,0.666666667,32,0.0,3,8,15,8.0,0,0,legitimate,0
5844.0,0,0.018181818,0.981818182,93.44262295,0.4,42,0.023809524,4,10,19,6.5,1,1,legitimate,0
8047.0,0,0.170212766,0.8297872340000001,40.0,0.0,48,0.125,5,12,20,5.666666667,1,8,legitimate,0
678.0,4,0.210526316,0.7894736840000001,0.0,0.0,198,0.191919192,23,29,19,7.095238095,1,3,phishing,1
7827.0,0,1.0,0.0,0.0,0.0,54,0.12962963,4,32,11,16.5,0,1,phishing,1
5026.0,0,0.0,0.0,0.0,0.0,50,0.0,4,23,31,5.0,1,0,phishing,1
10674.0,0,0.060606061,0.939393939,71.42857143,0.0,54,0.111111111,7,9,18,4.6,0,0,legitimate,0
5981.0,0,0.571428571,0.428571429,0.0,0.0,28,0.0,2,11,19,0.0,1,4,legitimate,0
5910.0,0,0.048780488,0.951219512,76.92307692,0.0,27,0.0,2,11,19,0.0,1,4,legitimate,0
8147.0,0,0.359756098,0.640243902,80.0,0.13559322,40,0.0,6,9,17,3.0,0,3,legitimate,0
2345.0,0,0.167364017,0.832635983,55.26315789,0.5,44,0.0,4,10,26,4.0,0,0,legitimate,0
5075.0,0,0.230769231,0.7692307690000001,0.0,0.0,49,0.0,6,10,18,5.0,1,5,legitimate,0
5075.0,0,0.285714286,0.7142857140000001,0.0,0.0,26,0.0,2,11,18,0.0,0,3,legitimate,0
8945.0,0,0.355555556,0.644444444,30.43478261,0.5,81,0.098765432,13,7,12,4.6363636360000005,0,4,legitimate,0
4003.0,0,0.0,1.0,100.0,0.0,127,0.149606299,13,17,50,7.375,1,14,phishing,1
92.0,0,0.0,1.0,0.0,0.0,36,0.027777778,4,10,18,4.5,1,4,phishing,1
5075.0,2,0.0,1.0,0.0,0.0,61,0.0,7,13,20,4.333333333,1,0,phishing,1
3688.0,0,0.625,0.375,100.0,0.0,64,0.046875,8,14,8,6.0,1,2,phishing,1
5636.0,0,0.527272727,0.472727273,0.0,0.0,38,0.0,4,9,15,6.5,0,3,legitimate,0
1953.0,0,0.875,0.125,0.0,0.0,53,0.018867925,5,9,26,8.5,1,2,phishing,1
5075.0,0,0.12987013,0.87012987,17.64705882,0.15,30,0.0,2,13,21,0.0,1,3,legitimate,0
5075.0,0,0.423076923,0.576923077,54.54545455,0.363636364,52,0.0,6,12,24,4.25,0,0,legitimate,0
4706.0,0,0.03125,0.96875,77.77777778,1.0,40,0.0,5,7,11,4.5,1,0,legitimate,0
4861.0,0,0.055555556,0.944444444,68.18181818,0.0,41,0.1707317069999999,5,10,15,5.0,0,3,legitimate,0
5509.0,0,0.078703704,0.921296296,22.72727273,0.882352941,60,0.0,7,13,21,5.2,0,4,legitimate,0
4516.0,0,0.5,0.5,0.0,0.0,17,0.0,1,3,10,0.0,1,0,legitimate,0
8048.0,0,0.138461538,0.8615384620000001,66.66666667,0.0,48,0.125,5,12,20,5.666666667,1,7,legitimate,0
5627.0,0,0.0,0.0,0.0,0.0,78,0.115384615,6,36,69,0.0,1,1,phishing,1
5075.0,0,0.051587302,0.948412698,14.28571429,0.230769231,34,0.0,2,17,25,0.0,1,3,legitimate,0
165.0,0,0.066523605,0.933476395,51.66666667,0.225806452,44,0.022727273,5,9,36,0.0,1,0,phishing,1
4629.0,3,0.333333333,0.666666667,0.0,0.0,48,0.0,6,13,17,3.8,1,0,phishing,1
5613.0,0,0.368421053,0.6315789470000001,100.0,0.0,143,0.125874126,9,67,26,20.6,1,6,phishing,1
1971.0,3,0.0,1.0,0.0,0.0,56,0.0,7,9,16,5.6,0,3,phishing,1
11049.0,0,0.3,0.7,27.77777778,0.466666667,65,0.076923077,8,11,14,6.333333333,0,0,legitimate,0
761.0,1,0.0,0.0,0.0,0.0,73,0.02739726,10,12,18,4.333333333,1,2,phishing,1
6466.0,0,0.107526882,0.892473118,86.36363636,0.066666667,29,0.0,2,10,22,0.0,1,0,legitimate,0
1731.0,0,0.296296296,0.703703704,0.0,0.375,71,0.056338028,10,7,20,5.285714286,1,6,legitimate,0
4473.0,0,0.020833333,0.979166667,100.0,0.0,25,0.0,2,8,16,0.0,0,3,legitimate,0
4609.0,4,0.666666667,0.333333333,0.0,0.0,110,0.0,15,14,17,5.071428571,1,2,phishing,1
5826.0,0,0.0,0.0,0.0,0.0,80,0.3,8,32,22,11.75,1,5,phishing,1
786.0,2,0.0,0.0,0.0,0.0,54,0.074074074,5,22,26,4.25,1,0,phishing,1
7445.0,0,0.920821114,0.0791788859999999,79.25311203,0.168789809,71,0.112676056,10,14,28,3.25,1,2,legitimate,0
5075.0,3,0.6,0.4,0.0,0.666666667,106,0.009433962,19,6,13,3.764705882,1,8,phishing,1
5075.0,1,0.865,0.135,7.142857143,0.034682081,32,0.0,3,10,13,4.5,1,0,phishing,1
2213.0,0,0.318181818,0.681818182,38.46153846,0.285714286,50,0.0,5,10,14,6.0,0,0,legitimate,0
3332.0,0,0.165137615,0.834862385,0.0,0.444444444,44,0.0,6,8,16,4.25,1,6,phishing,1
5075.0,0,0.02238806,0.97761194,50.0,0.0,39,0.0,2,19,30,0.0,1,3,legitimate,0
7449.0,0,0.0,0.0,0.0,0.0,100,0.07,13,9,29,5.3,1,1,legitimate,0
5075.0,3,0.0,1.0,0.0,0.0,91,0.142857143,7,32,22,9.333333333,1,1,phishing,1
3992.0,0,0.0,1.0,100.0,0.0,127,0.133858268,13,17,50,7.375,1,2,phishing,1
7962.0,0,0.68115942,0.31884058,25.0,0.042553191,31,0.0,2,14,22,0.0,1,3,legitimate,0
1502.0,0,0.0,0.0,0.0,0.0,49,0.0,4,15,23,7.5,1,3,phishing,1
11048.0,0,0.289855072,0.710144928,21.73913043,0.35,66,0.075757576,8,13,23,5.0,0,3,legitimate,0
7062.0,3,0.067961165,0.932038835,0.0,0.285714286,259,0.420849421,17,64,34,17.16666667,1,26,phishing,1
5616.0,2,0.80952381,0.19047619,25.0,0.176470588,70,0.0,10,9,44,5.333333333,1,2,phishing,1
2188.0,2,0.04,0.96,0.0,1.0,180,0.05,19,29,41,7.0625,1,23,phishing,1
8746.0,0,0.102339181,0.897660819,70.42253521,0.085714286,61,0.06557377,7,8,18,6.2,1,3,legitimate,0
5890.0,0,0.5277777779999999,0.472222222,13.88888889,0.131578947,19,0.0,1,7,10,0.0,0,0,legitimate,0
3605.0,1,0.761904762,0.238095238,16.66666667,0.145833333,44,0.0,4,10,20,7.5,1,3,phishing,1
3710.0,1,0.247311828,0.752688172,35.48387097,0.217391304,46,0.0,6,12,20,3.5,0,3,legitimate,0
8206.0,0,0.192771084,0.8072289159999999,19.04761905,0.104166667,75,0.0,8,12,17,7.5,1,3,legitimate,0
4842.0,0,0.0,0.0,0.0,0.0,102,0.166666667,15,19,7,5.214285714,1,1,phishing,1
5075.0,0,0.0,1.0,100.0,0.0,62,0.35483871,4,32,10,14.0,1,6,phishing,1
7708.0,1,0.454545455,0.545454545,100.0,0.1,466,0.165236052,61,17,15,6.457627119,1,20,phishing,1
383.0,1,0.0,1.0,100.0,0.0,83,0.012048193,11,12,20,5.1111111110000005,1,5,phishing,1
5075.0,0,0.221374046,0.778625954,69.79166667,0.482758621,59,0.0,6,9,18,7.25,0,3,legitimate,0
1728.0,3,0.0,1.0,0.0,0.0,68,0.014705882,8,10,21,5.5,1,0,phishing,1
439.0,0,1.0,0.0,0.0,0.0,38,0.105263158,4,9,13,4.333333333,1,0,phishing,1
7297.0,0,0.8323353290000001,0.167664671,11.57894737,0.021582734,36,0.0,2,15,28,0.0,1,0,legitimate,0
8348.0,0,0.75,0.25,0.0,0.0,127,0.11023622,13,28,15,8.454545455,1,4,phishing,1
4057.0,0,0.11747851,0.88252149,86.45833333,0.0,37,0.108108108,4,13,23,2.5,1,0,legitimate,0
9174.0,0,0.058823529,0.941176471,94.10029499,0.1,38,0.0,4,10,18,5.0,0,4,legitimate,0
8546.0,0,0.0,0.0,0.0,0.0,60,0.0,6,12,8,8.0,1,1,legitimate,0
5075.0,0,0.207407407,0.792592593,50.0,0.357142857,35,0.0,4,8,16,5.0,1,3,legitimate,0
177.0,0,0.0,0.0,0.0,0.0,63,0.031746032,8,14,56,0.0,1,3,phishing,1
6137.0,0,0.197802198,0.802197802,50.0,0.055555556,51,0.0,7,8,16,4.6,1,4,legitimate,0
3993.0,0,0.0,1.0,100.0,0.0,128,0.15625,13,17,50,7.375,1,4,phishing,1
5075.0,1,0.5,0.5,0.0,1.0,50,0.0,5,8,12,6.75,1,1,phishing,1
514.0,0,0.0,0.0,0.0,0.0,60,0.166666667,5,15,24,8.666666667000001,1,1,phishing,1
4540.0,3,0.0,1.0,0.0,0.0,62,0.0,7,11,15,5.666666667,1,0,phishing,1
8149.0,0,0.268907563,0.731092437,37.5,0.03125,38,0.0,6,6,14,2.75,0,4,legitimate,0
4161.0,0,0.0,0.0,0.0,0.0,33,0.03030303,4,8,16,4.0,1,1,phishing,1
3992.0,0,0.0,1.0,100.0,0.0,127,0.141732283,13,17,50,7.375,1,2,phishing,1
5616.0,0,0.818181818,0.181818182,25.0,0.166666667,162,0.12345679,13,38,40,15.42857143,1,14,phishing,1
5075.0,0,0.0,1.0,0.0,0.0,20,0.0,2,5,7,5.0,0,0,phishing,1
4312.0,0,0.0,0.0,0.0,0.0,50,0.42,2,32,10,32.0,1,2,phishing,1
5627.0,0,0.80952381,0.19047619,25.0,0.294117647,42,0.023809524,6,10,27,2.5,1,1,phishing,1
5075.0,0,0.0,1.0,100.0,0.0,31,0.0,4,6,14,4.0,1,3,phishing,1
5852.0,0,1.0,0.0,0.0,0.266666667,24,0.0,2,8,17,0.0,1,1,phishing,1
9056.0,0,0.0,1.0,0.0,0.0,66,0.0,6,18,29,6.25,1,0,legitimate,0
9283.0,0,0.056195965,0.943804035,46.42857143,0.128205128,71,0.197183099,9,11,15,5.857142857,0,8,legitimate,0
8966.0,0,0.254612546,0.7453874540000001,66.66666667,0.0072463769999999,33,0.212121212,4,7,12,6.0,0,3,legitimate,0
793.0,0,0.882352941,0.117647059,0.0,0.0,73,0.232876712,15,8,16,2.8461538460000004,1,4,phishing,1
7709.0,1,0.454545455,0.545454545,100.0,0.1,466,0.165236052,61,17,15,6.457627119,1,20,phishing,1
7133.0,0,0.065836299,0.934163701,77.01863354,0.594594595,61,0.0,7,10,16,6.4,0,0,legitimate,0
9034.0,0,0.68,0.32,16.99346405,0.019607843,84,0.071428571,10,11,13,6.0,1,1,legitimate,0
7119.0,0,0.4791666670000001,0.520833333,75.75757576,0.043478261,57,0.035087719,6,11,24,5.25,1,3,legitimate,0
5456.0,0,0.25,0.75,0.0,0.0,42,0.0,5,7,18,7.0,1,0,legitimate,0
3097.0,0,0.21875,0.78125,66.66666667,0.285714286,60,0.0,9,7,22,5.2,1,4,legitimate,0
4193.0,3,0.0,0.0,0.0,0.0,59,0.0,7,12,20,5.4,1,5,phishing,1
7780.0,0,0.02173913,0.97826087,100.0,0.0,44,0.113636364,5,9,17,5.333333333,1,3,legitimate,0
4255.0,0,0.760233918,0.239766082,58.33333333,0.030769231,50,0.0,4,19,27,6.5,1,4,legitimate,0
5075.0,1,0.142857143,0.857142857,0.0,1.0,36,0.0,4,8,27,0.0,1,1,phishing,1
4320.0,0,0.307692308,0.692307692,100.0,0.0,21,0.0,2,7,11,1.0,1,0,phishing,1
2613.0,0,0.032490975,0.967509025,72.72727273,0.0,30,0.0,2,13,21,0.0,1,4,legitimate,0
5075.0,0,0.444444444,0.5555555560000001,0.0,0.0,39,0.0,2,14,31,0.0,1,1,phishing,1
5075.0,0,0.111111111,0.8888888890000001,0.0,0.0,71,0.014084507,6,17,23,7.2,1,1,phishing,1
1971.0,0,0.3125,0.6875,60.0,0.066666667,43,0.0,3,14,34,0.0,1,3,legitimate,0
8518.0,0,0.377358491,0.622641509,80.0,0.0,36,0.0,3,10,16,10.0,1,4,legitimate,0
1744.0,3,0.0,1.0,0.0,0.0,40,0.0,4,13,17,4.0,1,0,phishing,1
7549.0,0,0.214285714,0.7857142859999999,0.0,0.333333333,29,0.0,2,13,21,0.0,1,4,legitimate,0
5075.0,0,0.0,0.0,0.0,0.0,129,0.170542636,16,29,6,6.6,1,4,phishing,1
909.0,0,0.0,1.0,100.0,0.0,38,0.0,3,13,17,5.5,1,1,phishing,1
6001.0,0,0.461538462,0.538461538,78.57142857,0.0,16,0.0,1,4,7,0.0,0,0,legitimate,0
8097.0,0,0.7533333329999999,0.246666667,6.3063063060000015,0.053097345,70,0.0,8,13,38,5.0,1,2,legitimate,0
7743.0,0,0.377358491,0.622641509,33.33333333,0.3,48,0.0,5,8,15,7.333333333,1,0,phishing,1
7982.0,0,0.376712329,0.623287671,93.33333333,0.0,42,0.0,5,11,14,6.0,0,3,legitimate,0
7297.0,0,0.4166666670000001,0.583333333,79.62962963,0.257142857,33,0.0,2,13,26,0.0,1,0,legitimate,0
888.0,1,0.75,0.25,0.0,0.0,35,0.0,3,14,22,5.0,1,4,phishing,1
8019.0,1,0.884615385,0.115384615,0.0,0.0,150,0.033333333,14,31,34,8.636363636,1,2,phishing,1
6215.0,0,0.315789474,0.684210526,0.0,0.166666667,64,0.0,7,11,17,6.6,1,5,legitimate,0
3157.0,0,0.0,0.0,0.0,0.0,61,0.442622951,3,32,20,32.0,1,5,phishing,1
3993.0,0,0.0,1.0,100.0,0.0,128,0.203125,13,17,50,7.375,1,9,phishing,1
4778.0,0,0.0,0.0,0.0,0.0,38,0.0,4,9,13,4.333333333,1,1,phishing,1
1654.0,0,0.571428571,0.428571429,0.0,0.0,22,0.0,2,5,13,0.0,0,0,legitimate,0
5075.0,0,0.204081633,0.7959183670000001,86.66666667,0.0,35,0.0,3,9,18,9.0,0,3,legitimate,0
4487.0,0,0.063829787,0.936170213,70.0,0.0,61,0.0,7,10,18,6.2,1,4,legitimate,0
8051.0,0,0.0,1.0,0.0,0.0,47,0.170212766,7,6,13,4.4,1,4,legitimate,0
5075.0,0,0.568027211,0.431972789,32.0,0.143712575,85,0.0,10,12,22,5.875,1,5,phishing,1
8930.0,0,0.903225806,0.096774194,16.66666667,0.0,33,0.0,4,8,12,6.0,0,3,legitimate,0
5303.0,0,0.607142857,0.392857143,39.62264151,0.764705882,37,0.0,3,10,28,0.0,1,3,legitimate,0
5159.0,0,0.6,0.4,0.0,0.666666667,77,0.064935065,12,14,14,4.5,0,4,legitimate,0
5670.0,0,0.5,0.5,100.0,0.0,159,0.13836478,22,26,30,5.05,1,5,phishing,1
2041.0,0,0.333333333,0.666666667,66.66666667,0.133333333,80,0.0125,9,15,19,5.5,1,1,legitimate,0
5075.0,0,0.392156863,0.607843137,15.38461538,0.2,23,0.0,2,7,14,0.0,0,3,legitimate,0
5075.0,1,0.516129032,0.483870968,0.0,0.4375,174,0.333333333,15,23,21,10.23076923,1,10,phishing,1
3323.0,1,0.0,0.0,0.0,0.0,108,0.0,11,16,17,8.111111111,1,1,legitimate,0
3827.0,0,0.101265823,0.898734177,60.0,0.25,67,0.0,9,10,28,5.4,1,3,legitimate,0
1899.0,2,0.098039216,0.901960784,0.0,0.2,30,0.0,3,9,13,3.5,1,0,phishing,1
7728.0,3,0.0,1.0,100.0,0.0,87,0.103448276,10,13,21,6.25,1,4,phishing,1
7481.0,0,0.681818182,0.318181818,54.83870968,0.041666667,53,0.0,6,9,21,7.0,1,0,legitimate,0
3993.0,0,0.0,1.0,100.0,0.0,126,0.182539683,13,17,50,7.375,1,4,phishing,1
5767.0,0,0.033333333,0.966666667,100.0,0.0,81,0.222222222,5,32,27,14.66666667,1,7,phishing,1
8348.0,2,1.0,0.0,0.0,0.0,44,0.0,4,14,16,9.0,0,1,phishing,1
2107.0,0,0.7222222220000001,0.277777778,83.33333333,0.0,59,0.101694915,6,10,14,6.4,1,1,legitimate,0
4075.0,0,0.285714286,0.7142857140000001,55.0,0.125,73,0.02739726,6,12,19,10.5,1,4,legitimate,0
5075.0,0,0.054380665,0.945619335,61.53846154,0.111111111,27,0.0,2,11,18,0.0,1,6,legitimate,0
4003.0,0,0.0,1.0,100.0,0.0,120,0.2,12,17,42,7.375,1,7,phishing,1
5974.0,0,0.515151515,0.484848485,66.66666667,0.0,34,0.0,2,14,25,0.0,1,3,legitimate,0
3858.0,0,0.007518797,0.992481203,81.81818182,0.0,56,0.017857143,6,19,27,4.25,1,4,legitimate,0
8045.0,0,0.108108108,0.8918918920000001,40.0,0.0,48,0.0,6,12,20,4.0,1,3,legitimate,0
8019.0,0,0.884615385,0.115384615,0.0,0.0,122,0.081967213,14,26,28,6.6363636360000005,1,1,phishing,1
7296.0,0,0.544,0.456,59.88372093,0.441176471,32,0.0,2,11,24,0.0,1,0,legitimate,0
5284.0,1,0.032786885,0.967213115,100.0,0.0,76,0.105263158,10,8,14,5.875,0,4,legitimate,0
135.0,0,0.0,1.0,0.0,0.0,74,0.067567568,10,15,12,5.875,1,4,phishing,1
9174.0,0,0.174311927,0.825688073,64.0,0.1578947369999999,53,0.0,5,10,18,8.0,0,4,legitimate,0
5118.0,1,0.1,0.9,64.28571429,0.333333333,74,0.0,8,12,20,6.666666667,1,4,legitimate,0
2785.0,0,0.142857143,0.857142857,0.0,0.0,38,0.0,2,22,30,0.0,0,3,legitimate,0
5109.0,0,0.392857143,0.607142857,20.0,0.363636364,29,0.0,2,12,20,0.0,1,3,legitimate,0
253.0,2,0.0,0.0,0.0,0.0,62,0.0,7,19,27,4.4,1,3,phishing,1
7295.0,0,0.9,0.1,33.33333333,0.7777777779999999,33,0.03030303,2,13,26,0.0,1,0,phishing,1
6212.0,0,0.097701149,0.902298851,57.5,0.0,48,0.0,5,9,16,7.0,0,1,legitimate,0
7017.0,4,0.597402597,0.402597403,35.0,0.826086957,60,0.0,8,12,19,4.666666667,1,3,phishing,1
147.0,0,0.0,1.0,0.0,0.0,25,0.0,2,8,18,0.0,1,0,phishing,1
6833.0,0,0.285714286,0.7142857140000001,16.66666667,1.166666667,56,0.0,7,8,12,5.166666667,1,0,phishing,1
7343.0,0,0.051612903,0.948387097,53.84615385,0.125,50,0.24,7,8,16,4.4,1,4,legitimate,0
5194.0,0,0.209677419,0.790322581,12.5,0.153846154,40,0.1,4,11,14,5.0,1,0,legitimate,0
4104.0,0,0.044444444,0.955555556,91.30434783,0.0,55,0.0,5,11,26,6.333333333,1,1,legitimate,0
6382.0,0,0.4375,0.5625,98.21428571,0.0,59,0.0,6,14,22,6.25,0,7,legitimate,0
5075.0,0,0.040816327,0.959183673,100.0,0.0,37,0.0,3,15,23,6.0,1,3,legitimate,0
300.0,0,0.25,0.75,0.0,0.0,35,0.0,2,12,16,9.0,1,0,phishing,1
1546.0,0,0.774193548,0.225806452,4.347826087,0.125,54,0.12962963,5,13,26,5.0,1,4,phishing,1
6168.0,0,0.1,0.9,23.07692308,0.1,77,0.038961039,9,10,17,6.428571429,0,1,legitimate,0
3512.0,0,0.0,1.0,100.0,0.0,33,0.03030303,7,6,9,3.0,1,0,phishing,1
5659.0,0,0.094202899,0.905797101,41.17647059,0.076923077,44,0.0,4,17,25,5.0,0,4,legitimate,0
3106.0,0,1.0,0.0,0.0,1.5,65,0.0,10,7,18,3.75,1,3,phishing,1
3546.0,0,0.007194245,0.992805755,66.66666667,0.0,26,0.0,2,11,18,0.0,1,3,legitimate,0
152.0,0,0.148148148,0.851851852,86.04651163,0.333333333,86,0.290697674,5,32,27,16.0,1,5,phishing,1
9338.0,1,0.0,0.0,0.0,0.0,283,0.286219081,36,17,17,6.558823529,1,6,phishing,1
7494.0,0,0.277777778,0.7222222220000001,0.0,1.0,36,0.0,5,8,11,5.0,1,1,legitimate,0
2095.0,2,0.0,1.0,0.0,0.0,70,0.085714286,9,12,16,4.625,1,0,phishing,1
1813.0,0,0.191176471,0.8088235290000001,37.5,0.230769231,23,0.0,2,6,14,0.0,1,4,legitimate,0
3091.0,0,0.066666667,0.933333333,50.0,0.5,28,0.0,2,12,20,0.0,0,3,legitimate,0
3194.0,0,0.040723982,0.959276018,61.29032258,0.5555555560000001,38,0.026315789,5,7,11,4.0,1,0,phishing,1
1016.0,0,0.967741935,0.032258065,0.0,0.1,93,0.23655914,7,32,28,18.33333333,0,3,phishing,1
5075.0,0,0.091954023,0.908045977,80.0,0.0,32,0.0,1,20,25,0.0,1,0,legitimate,0
8959.0,0,0.35483871,0.64516129,57.89473684,0.113636364,98,0.112244898,13,8,16,5.6363636360000005,0,6,legitimate,0
3570.0,0,0.666666667,0.333333333,22.3880597,0.709677419,41,0.0,5,8,14,5.333333333,1,0,legitimate,0
4907.0,0,0.689655172,0.310344828,7.142857143,0.4,30,0.0,1,18,21,0.0,1,0,legitimate,0
5075.0,0,0.0625,0.9375,50.0,1.0,20,0.0,2,4,7,4.0,0,0,phishing,1
9339.0,0,0.0,0.0,0.0,0.0,122,0.180327869,13,16,17,7.818181817999999,1,0,phishing,1
2495.0,0,0.117647059,0.882352941,20.0,0.083333333,23,0.043478261,2,6,14,0.0,0,3,legitimate,0
5887.0,0,0.076677316,0.923322684,90.05847953,0.041666667,44,0.0,5,8,15,6.333333333,0,3,legitimate,0
5075.0,0,0.052631579,0.947368421,50.0,1.0,90,0.022222222,8,12,26,8.333333332999999,1,2,phishing,1
5075.0,0,0.233333333,0.7666666670000001,100.0,0.0,67,0.0,4,18,54,4.0,1,1,phishing,1
6901.0,0,0.353535354,0.646464646,10.60606061,0.014285714,57,0.070175439,5,13,21,8.666666667000001,1,4,legitimate,0
2725.0,0,0.625,0.375,0.0,0.0,47,0.0,5,10,25,6.0,1,3,legitimate,0
1834.0,0,0.0,1.0,100.0,0.0,65,0.076923077,3,20,43,13.0,1,3,phishing,1
1761.0,0,0.4,0.6,82.35294118,0.0,25,0.08,2,9,17,0.0,1,3,legitimate,0
4238.0,0,0.116883117,0.883116883,33.33333333,0.111111111,42,0.238095238,5,9,13,4.25,1,3,legitimate,0
6162.0,0,0.350649351,0.649350649,0.0,0.185185185,56,0.0,5,11,26,6.666666667,0,0,legitimate,0
7159.0,0,0.059701493,0.940298507,100.0,1.0,43,0.139534884,6,8,14,4.5,1,1,legitimate,0
7297.0,0,0.447272727,0.552727273,60.26200873,0.398373984,28,0.035714286,2,8,21,0.0,1,0,legitimate,0
3047.0,4,0.0,1.0,0.0,0.0,70,0.0,10,11,15,4.333333333,1,2,phishing,1
2542.0,3,0.059322034,0.940677966,0.0,0.142857143,69,0.0,6,22,26,6.0,1,0,phishing,1
5075.0,0,0.064220183,0.935779817,84.12698413,0.238095238,30,0.0,2,14,21,0.0,0,3,legitimate,0
1015.0,0,0.967741935,0.032258065,0.0,0.1,85,0.258823529,6,47,61,4.666666667,0,6,phishing,1
7133.0,0,0.101190476,0.898809524,60.46511628,0.558823529,44,0.0,4,14,16,9.0,0,0,legitimate,0
7157.0,0,0.045112782,0.954887218,81.39534884,0.75,43,0.139534884,6,8,14,4.5,1,0,legitimate,0
7295.0,0,0.928571429,0.071428571,14.28571429,0.846153846,31,0.064516129,2,9,22,0.0,1,0,phishing,1
3993.0,0,0.0,1.0,100.0,0.0,127,0.133858268,13,17,50,7.375,1,2,phishing,1
5075.0,0,0.4,0.6,44.44444444,0.375,42,0.261904762,11,13,13,4.1428571430000005,1,4,phishing,1
131.0,3,0.0,0.0,0.0,0.0,64,0.0,7,10,18,6.6,1,4,phishing,1
3996.0,0,0.206349206,0.793650794,70.0,0.307692308,41,0.0,4,13,21,5.0,0,4,legitimate,0
8163.0,0,0.908333333,0.091666667,11.62790698,0.403669725,91,0.065934066,13,12,16,5.181818182,0,7,legitimate,0
6060.0,0,0.25,0.75,0.0,0.0,49,0.0,4,19,16,12.0,1,7,legitimate,0
146.0,0,0.0,1.0,100.0,0.0,37,0.027027027,3,8,13,6.5,1,0,phishing,1
5062.0,0,0.339285714,0.660714286,21.05263158,0.1578947369999999,82,0.085365854,13,9,17,4.090909091,1,4,legitimate,0
5160.0,0,0.266666667,0.7333333329999999,77.27272727,0.0,34,0.0,2,16,27,0.0,1,2,legitimate,0
388.0,0,0.0,0.0,0.0,0.0,35,0.0,1,23,27,0.0,1,1,phishing,1
5075.0,0,0.387096774,0.612903226,0.0,0.0,38,0.0,4,14,18,3.0,1,3,phishing,1
7505.0,0,0.3,0.7,0.0,0.0,32,0.0,2,17,21,3.0,1,2,legitimate,0
4333.0,0,0.6911764709999999,0.308823529,60.86956522,0.127659574,27,0.0,2,10,18,0.0,1,3,legitimate,0
7296.0,0,1.0,0.0,0.0,0.0,44,0.0,5,8,36,0.0,1,1,phishing,1
90.0,0,0.533333333,0.466666667,100.0,0.0,27,0.0,2,12,20,0.0,0,3,phishing,1
978.0,0,0.0,1.0,100.0,0.0,21,0.0,2,6,13,0.0,0,3,legitimate,0
5075.0,0,0.6,0.4,33.33333333,0.0,27,0.0,3,8,19,0.0,1,3,legitimate,0
8928.0,0,0.051948052,0.948051948,60.0,0.5,34,0.0,4,9,17,3.5,0,6,legitimate,0
5075.0,1,0.0,1.0,100.0,0.0,64,0.140625,7,15,23,7.25,1,1,phishing,1
1546.0,0,0.774193548,0.225806452,4.347826087,0.125,38,0.131578947,2,13,30,0.0,1,5,phishing,1
7748.0,1,0.0,0.0,0.0,0.0,77,0.051948052,8,15,18,7.5,1,6,legitimate,0
7881.0,0,0.010582011,0.989417989,85.71428571,0.5,48,0.0625,5,14,22,5.333333333,1,3,legitimate,0
3448.0,0,0.0,1.0,0.0,0.0,39,0.0,5,7,14,5.0,1,4,phishing,1
4.0,0,0.0,1.0,100.0,0.0,19,0.0,1,7,11,0.0,1,1,phishing,1
5525.0,0,0.205882353,0.794117647,0.0,0.0,22,0.0,2,5,13,0.0,0,3,legitimate,0
9074.0,0,0.052631579,0.947368421,92.5,0.333333333,22,0.0,2,6,14,0.0,0,3,legitimate,0
3993.0,0,0.0,1.0,100.0,0.0,126,0.182539683,13,17,50,7.375,1,6,phishing,1
6135.0,0,0.197802198,0.802197802,50.0,0.055555556,64,0.0,10,8,16,4.125,1,4,legitimate,0
60.0,0,0.2,0.8,0.0,0.0,29,0.0,3,7,21,0.0,1,3,legitimate,0
11049.0,0,0.309090909,0.690909091,25.0,0.352941176,59,0.06779661,8,9,14,5.333333333,0,3,legitimate,0
3993.0,0,0.0,1.0,100.0,0.0,128,0.1640625,13,17,50,7.375,1,2,phishing,1
7378.0,0,0.0,1.0,0.0,0.0,37,0.135135135,4,8,15,6.5,1,1,phishing,1
5993.0,4,0.0,1.0,0.0,0.0,94,0.0,12,13,21,5.6,1,3,phishing,1
7378.0,0,0.0,1.0,0.0,0.0,39,0.025641026,5,6,17,3.666666667,1,0,phishing,1
60.0,1,0.203389831,0.796610169,21.42857143,0.75,29,0.0,2,11,15,5.0,1,0,phishing,1
8494.0,0,0.130952381,0.869047619,40.0,0.272727273,25,0.0,2,8,16,0.0,0,3,legitimate,0
6990.0,1,0.067961165,0.932038835,0.0,0.285714286,86,0.023255814,10,11,36,5.1428571430000005,1,0,phishing,1
518.0,2,0.0,1.0,100.0,0.0,86,0.081395349,8,10,16,8.0,1,3,phishing,1
3992.0,0,0.0,1.0,100.0,0.0,123,0.18699187,13,17,46,7.375,1,6,phishing,1
8018.0,0,1.0,0.0,0.0,0.0,118,0.13559322,13,40,28,7.0,1,3,phishing,1
7834.0,0,0.217741935,0.782258065,33.33333333,0.296296296,53,0.0,5,10,23,10.0,0,4,legitimate,0
6349.0,1,0.875,0.125,25.0,0.357142857,36,0.0,2,18,28,0.0,1,1,phishing,1
4392.0,0,0.115384615,0.884615385,46.15384615,0.0,31,0.0,3,7,22,0.0,1,3,legitimate,0
2411.0,0,0.294117647,0.705882353,68.75,1.0,38,0.0,4,8,12,5.333333333,1,0,legitimate,0
7189.0,0,0.0,0.0,0.0,0.0,61,0.06557377,8,10,14,5.5,1,3,legitimate,0
6241.0,0,0.8235294120000001,0.176470588,42.85714286,0.028571429,23,0.0,2,6,14,0.0,0,0,legitimate,0
3509.0,0,0.0172413789999999,0.982758621,100.0,0.0,24,0.0,2,8,15,0.0,0,3,legitimate,0
7156.0,0,0.066445183,0.933554817,81.17647059,0.75,42,0.119047619,6,8,14,4.25,1,1,legitimate,0
5075.0,0,0.0,0.0,0.0,0.0,66,0.090909091,10,9,19,4.714285714,1,4,legitimate,0
8332.0,0,0.009398496,0.990601504,82.60869565,0.4,23,0.0,2,7,14,0.0,1,3,legitimate,0
6073.0,0,0.2890625,0.7109375,22.22222222,0.344594595,38,0.0,5,6,19,5.0,1,0,legitimate,0
6329.0,1,0.394736842,0.605263158,46.15384615,0.033333333,39,0.0,4,9,13,4.666666667,0,2,legitimate,0
2995.0,0,0.0,1.0,0.0,0.0,26,0.038461538,3,6,15,2.0,1,0,phishing,1
9201.0,0,0.136842105,0.863157895,28.57142857,0.0,49,0.0,5,10,18,7.0,0,4,legitimate,0
3962.0,0,0.00952381,0.99047619,100.0,0.0,41,0.0,4,11,18,7.0,1,3,legitimate,0
2108.0,3,0.0,0.0,0.0,0.0,124,0.0080645159999999,17,11,16,5.666666667,1,0,phishing,1
7296.0,0,0.4,0.6,0.0,0.0,56,0.375,2,34,47,0.0,1,0,phishing,1
5075.0,0,0.3125,0.6875,46.15384615,0.1,36,0.083333333,3,9,14,6.0,1,1,phishing,1
5515.0,0,0.113207547,0.886792453,86.66666667,0.0,37,0.0,2,18,28,0.0,1,3,legitimate,0
4138.0,0,0.6521739129999999,0.347826087,6.25,0.7333333329999999,51,0.019607843,6,15,19,4.0,1,0,phishing,1
1358.0,0,0.222222222,0.7777777779999999,0.0,0.0,30,0.0,2,14,22,0.0,1,3,legitimate,0
276.0,1,0.0,1.0,0.0,0.0,129,0.441860465,9,49,14,14.42857143,1,14,phishing,1
7616.0,0,0.373737374,0.626262626,78.72340426,0.027027027,76,0.0,7,14,29,7.0,1,0,legitimate,0
7447.0,0,0.6737967909999999,0.326203209,14.95327103,0.325396825,33,0.060606061,2,10,24,0.0,1,1,legitimate,0
359.0,1,0.0,0.0,0.0,0.0,58,0.0172413789999999,7,9,24,5.25,1,1,phishing,1
1944.0,1,0.107142857,0.892857143,100.0,0.0,185,0.254054054,13,40,17,13.36363636,1,7,phishing,1
4011.0,0,0.027777778,0.972222222,100.0,0.0,24,0.0,2,8,16,0.0,0,4,legitimate,0
6209.0,0,0.072727273,0.927272727,36.36363636,0.333333333,27,0.0,2,12,19,0.0,1,4,legitimate,0
755.0,1,0.0,1.0,0.0,0.0,257,0.13618677,10,200,11,25.44444444,1,14,phishing,1
1971.0,3,0.0,1.0,0.0,0.0,57,0.0,7,9,16,5.6,0,3,phishing,1
3620.0,0,0.007389163,0.992610837,85.71428571,0.166666667,36,0.0,4,8,27,0.0,1,3,legitimate,0
6260.0,0,0.086956522,0.913043478,53.33333333,0.357142857,40,0.0,3,17,25,7.0,1,4,legitimate,0
5075.0,0,0.846153846,0.153846154,8.333333332999999,0.454545455,76,0.105263158,11,10,13,5.1111111110000005,1,4,legitimate,0
6448.0,0,0.0,1.0,0.0,0.0,94,0.0,12,14,22,5.4,1,3,phishing,1
4148.0,0,0.03125,0.96875,33.33333333,0.0,21,0.0,2,6,13,0.0,0,3,legitimate,0
12714.0,0,0.0,0.0,0.0,0.0,75,0.026666667,9,13,15,7.833333333,1,5,legitimate,0
128.0,0,0.0,0.0,0.0,0.0,41,0.024390244,6,7,15,3.75,1,4,phishing,1
7476.0,0,0.914728682,0.085271318,84.28571429,0.016949153,84,0.023809524,10,11,14,6.75,0,4,legitimate,0
6304.0,0,0.8,0.2,20.0,0.028846154,77,0.116883117,12,10,7,4.6363636360000005,0,1,legitimate,0
7130.0,0,0.10301769,0.89698231,65.50522648,0.181818182,43,0.0,5,9,16,5.333333333,0,0,legitimate,0
436.0,0,0.0,0.0,0.0,0.0,28,0.0,2,12,20,0.0,1,4,legitimate,0
7668.0,0,0.066037736,0.933962264,36.36363636,0.142857143,62,0.0161290319999999,8,12,20,4.833333333,1,5,legitimate,0
7115.0,0,0.029090909,0.970909091,0.0,0.125,26,0.0,3,7,14,2.0,0,3,legitimate,0
3454.0,0,0.0,1.0,0.0,0.0,95,0.0,12,11,17,6.1,1,4,legitimate,0
5063.0,0,0.333333333,0.666666667,21.05263158,0.166666667,102,0.058823529,18,9,17,3.75,1,4,legitimate,0
9200.0,0,0.237288136,0.762711864,19.35483871,0.357142857,43,0.0,4,10,18,8.0,0,3,legitimate,0
7296.0,0,1.0,0.0,0.0,0.0,36,0.305555556,2,14,27,0.0,1,11,phishing,1
3077.0,0,0.0,0.0,0.0,0.0,32,0.125,4,5,8,4.0,1,2,phishing,1
7764.0,0,1.0,0.0,0.0,0.0,132,0.037878788,8,43,16,16.83333333,1,40,phishing,1
7441.0,0,0.04379562,0.95620438,25.0,0.5,35,0.0,2,19,27,0.0,1,3,legitimate,0
2021.0,0,0.048076923,0.951923077,44.44444444,0.4,37,0.0,3,11,18,11.0,1,3,phishing,1
4507.0,0,0.166666667,0.833333333,0.0,0.0,42,0.0,3,17,28,5.0,1,0,phishing,1
9501.0,0,0.125,0.875,47.36842105,0.0,124,0.0,16,12,18,6.0,0,0,legitimate,0
3927.0,0,0.921052632,0.078947368,0.0,0.042857143,24,0.0,2,7,15,0.0,1,3,legitimate,0
3993.0,0,0.0,1.0,100.0,0.0,124,0.120967742,13,17,46,7.375,1,7,phishing,1
5075.0,0,0.222222222,0.7777777779999999,100.0,0.0,63,0.0,5,30,34,4.5,1,1,phishing,1
9203.0,0,0.195945946,0.8040540540000001,23.52941176,0.344827586,36,0.0,4,10,18,4.5,0,3,legitimate,0
6897.0,0,1.0,0.0,0.0,0.0,52,0.0,5,12,14,9.0,1,3,legitimate,0
8148.0,0,0.347058824,0.652941176,80.0,0.13559322,74,0.0,9,10,17,6.142857143,0,5,legitimate,0
4284.0,2,0.217391304,0.7826086959999999,20.0,0.0,135,0.207407407,9,43,21,14.0,1,8,phishing,1
7133.0,0,0.083617747,0.916382253,66.89189189,0.183673469,43,0.0,4,13,16,8.5,0,1,legitimate,0
5626.0,0,0.80952381,0.19047619,25.0,0.294117647,47,0.063829787,7,10,33,2.5,1,2,phishing,1
5075.0,0,0.045454545,0.954545455,0.0,0.0,114,0.061403509,9,48,10,11.0,0,6,phishing,1
8018.0,0,1.0,0.0,0.0,0.0,172,0.104651163,19,31,39,6.4375,1,2,phishing,1
9219.0,0,0.0,0.0,0.0,0.0,74,0.0,9,11,14,6.571428571,1,3,legitimate,0
5622.0,0,0.75,0.25,0.0,1.0,106,0.0,15,11,8,5.5,1,1,phishing,1
4377.0,0,0.0,0.0,0.0,0.0,69,0.217391304,5,32,14,11.0,1,3,phishing,1
6671.0,0,0.285714286,0.7142857140000001,85.71428571,0.0,28,0.0,2,12,20,0.0,1,3,legitimate,0
9239.0,0,0.0,0.0,0.0,0.0,57,0.0,6,9,22,6.0,1,0,legitimate,0
59.0,0,0.0,1.0,0.0,0.0,54,0.0,6,14,18,4.6,1,2,phishing,1
3993.0,0,0.0,1.0,100.0,0.0,124,0.193548387,13,17,46,7.375,1,6,phishing,1
7189.0,0,0.067961165,0.932038835,0.0,0.285714286,37,0.027027027,4,8,29,0.0,1,5,phishing,1
7134.0,0,0.066011236,0.933988764,72.35294118,0.5106382979999999,51,0.0,7,9,16,4.4,0,0,legitimate,0
6416.0,0,0.0,1.0,100.0,0.0,25,0.0,2,9,17,0.0,0,3,legitimate,0
7556.0,0,0.213740458,0.786259542,100.0,0.071428571,27,0.0,2,12,19,0.0,0,4,legitimate,0
5075.0,0,0.0,0.0,0.0,0.0,62,0.258064516,15,7,14,4.090909091,1,3,phishing,1
6559.0,3,0.8636363640000001,0.1363636359999999,20.0,0.0,84,0.0,12,14,22,4.5,0,3,phishing,1
226.0,0,0.047619048,0.952380952,90.0,1.0,50,0.0,5,12,15,6.0,1,0,phishing,1
5075.0,0,0.34375,0.65625,9.090909091,0.545454545,26,0.461538462,9,3,15,2.8,1,2,phishing,1
8018.0,0,0.263157895,0.736842105,100.0,0.0,324,0.271604938,32,43,33,8.689655172,1,9,phishing,1
334.0,0,0.7384615379999999,0.261538462,5.8823529410000015,0.020833333,28,0.0,3,7,7,5.5,1,0,phishing,1
5075.0,0,0.0,1.0,100.0,0.0,38,0.105263158,4,5,16,4.0,1,1,phishing,1
5075.0,0,0.176470588,0.8235294120000001,0.0,0.0,28,0.071428571,2,9,20,0.0,1,0,phishing,1
3727.0,0,0.88,0.12,0.0,0.1363636359999999,31,0.0,2,15,23,0.0,1,3,legitimate,0
276.0,1,0.0,1.0,0.0,0.0,128,0.4375,9,49,14,14.28571429,1,14,phishing,1
9297.0,0,0.218274112,0.781725888,53.125,0.209302326,111,0.063063063,17,11,11,5.2,0,6,legitimate,0
1620.0,0,0.772727273,0.227272727,0.0,0.058823529,147,0.040816327,21,19,13,5.473684211,1,3,phishing,1
1628.0,0,0.0,1.0,100.0,0.0,48,0.041666667,8,8,25,3.666666667,1,1,phishing,1
5075.0,0,0.418604651,0.581395349,100.0,0.0,24,0.0,2,8,16,0.0,1,3,legitimate,0
7131.0,0,0.016697588,0.983302412,81.05263158,0.388888889,41,0.0,4,11,16,7.5,0,1,legitimate,0
2492.0,3,0.545454545,0.454545455,33.33333333,0.333333333,43,0.023255814,6,9,8,4.6,1,2,phishing,1
2046.0,3,0.102272727,0.897727273,85.71428571,0.5555555560000001,102,0.205882353,9,32,15,9.0,1,7,phishing,1
5075.0,0,0.620689655,0.379310345,53.84615385,0.166666667,20,0.0,2,5,12,0.0,1,3,legitimate,0
90.0,0,0.095238095,0.904761905,100.0,0.0,39,0.0,3,16,24,6.0,1,4,phishing,1
5615.0,2,0.80952381,0.19047619,25.0,0.176470588,49,0.204081633,6,14,31,4.5,1,8,phishing,1
2970.0,0,0.0,1.0,0.0,0.0,35,0.0,3,14,18,3.0,1,0,phishing,1
8587.0,0,0.112903226,0.8870967740000001,20.0,0.285714286,69,0.086956522,8,9,16,6.5,0,5,legitimate,0
5075.0,0,0.0790378009999999,0.920962199,84.70588235,0.391304348,24,0.0,2,4,15,0.0,0,3,legitimate,0
532.0,0,0.0,0.0,0.0,0.0,42,0.0,4,11,22,5.0,1,3,phishing,1
2183.0,0,0.5,0.5,95.83333333,0.111111111,55,0.018181818,6,12,18,6.25,1,0,legitimate,0
7491.0,0,0.48,0.52,0.0,0.0,30,0.0,2,10,11,10.0,1,1,legitimate,0
6903.0,0,0.3664921470000001,0.633507853,10.60606061,0.014285714,46,0.043478261,4,13,21,8.0,1,4,legitimate,0
5075.0,2,0.0,0.0,0.0,0.0,43,0.0,5,7,16,5.333333333,1,0,phishing,1
5075.0,0,0.184615385,0.815384615,7.692307692000001,0.4166666670000001,22,0.0,1,8,15,0.0,1,0,legitimate,0
7657.0,0,0.043624161,0.956375839,56.52173913,0.7692307690000001,46,0.0,3,12,15,10.0,0,0,legitimate,0
7430.0,0,0.857142857,0.142857143,25.0,0.0,39,0.0,4,9,9,6.0,0,1,legitimate,0
6221.0,0,0.366438356,0.633561644,6.956521738999999,0.14953271,39,0.0,4,9,16,6.5,0,0,legitimate,0
6009.0,0,0.0,1.0,100.0,0.0,41,0.0,3,19,24,4.0,1,0,phishing,1
1059.0,0,0.0,0.0,0.0,0.0,49,0.204081633,5,13,13,8.666666667000001,1,3,phishing,1
5075.0,0,0.276190476,0.7238095240000001,38.0952381,0.068965517,25,0.0,2,9,17,0.0,0,3,legitimate,0
5075.0,0,0.553846154,0.446153846,64.28571429,0.0,110,0.0,12,27,35,5.7,1,7,legitimate,0
5075.0,0,1.0,0.0,0.0,0.0,34,0.0,3,14,25,0.0,1,3,legitimate,0
1086.0,1,0.0,1.0,0.0,0.0,88,0.045454545,12,15,22,4.8,1,1,phishing,1
1697.0,0,0.125,0.875,0.0,1.0,23,0.0,1,11,15,0.0,1,0,legitimate,0
4917.0,0,0.264705882,0.735294118,43.33333333,0.222222222,46,0.043478261,6,10,14,5.25,0,5,legitimate,0
7724.0,0,0.3125,0.6875,6.896551724,0.142857143,39,0.0,3,11,25,6.0,1,0,legitimate,0
4003.0,0,0.0,1.0,100.0,0.0,124,0.153225806,12,17,50,8.142857142999999,1,2,phishing,1
9058.0,0,0.0,1.0,100.0,0.0,41,0.0,5,10,18,4.333333333,0,6,legitimate,0
12874.0,0,0.0,0.0,0.0,0.0,71,0.056338028,8,11,22,5.833333333,1,3,legitimate,0
5075.0,0,0.7142857140000001,0.285714286,33.33333333,0.0,27,0.0,2,10,18,0.0,1,3,legitimate,0
507.0,0,0.0,0.0,0.0,0.0,71,0.14084507,5,27,35,8.666666667000001,1,0,phishing,1
5682.0,1,0.0,0.0,0.0,0.0,56,0.0,6,12,30,4.666666667,1,3,phishing,1
3764.0,1,0.095238095,0.904761905,100.0,0.0,74,0.0,9,11,19,5.714285714,1,3,phishing,1
1015.0,0,0.428571429,0.571428571,0.0,0.0,45,0.0,4,13,37,0.0,1,0,phishing,1
7423.0,0,1.0,0.0,0.0,0.0,75,0.0,11,11,13,5.0,0,8,legitimate,0
3436.0,3,0.411764706,0.588235294,18.18181818,0.571428571,76,0.0,9,18,18,6.285714286,0,3,phishing,1
5075.0,0,0.287878788,0.712121212,28.57142857,0.105263158,42,0.0,4,10,18,7.0,0,3,legitimate,0
9076.0,0,0.158878505,0.841121495,9.090909091,0.411764706,23,0.0,2,6,14,0.0,0,3,legitimate,0
3734.0,3,0.609375,0.390625,64.28571429,0.230769231,188,0.218085106,13,32,22,12.25,1,2,phishing,1
1815.0,0,0.274390244,0.725609756,78.76106195,0.1555555559999999,29,0.0,2,12,20,0.0,1,6,legitimate,0
1532.0,0,0.671296296,0.328703704,3.686635945,0.013793103,88,0.0,11,20,28,4.777777778,1,5,phishing,1
6342.0,0,0.273195876,0.726804124,7.01754386,0.132075472,57,0.0,6,9,21,6.0,0,1,legitimate,0
3526.0,0,0.0,1.0,0.0,0.0,33,0.0,2,13,25,0.0,1,1,phishing,1
2818.0,3,0.0,1.0,0.0,0.0,62,0.0,7,15,19,5.0,1,0,phishing,1
9394.0,0,0.113207547,0.886792453,33.33333333,0.5,27,0.0,4,3,11,3.0,0,3,legitimate,0
5615.0,2,0.80952381,0.19047619,25.0,0.176470588,56,0.035714286,8,9,26,4.75,1,3,phishing,1
7590.0,0,0.1578947369999999,0.842105263,0.0,0.0,73,0.0,12,8,24,3.5555555560000003,0,1,legitimate,0
6465.0,0,0.0625,0.9375,100.0,0.5,28,0.071428571,3,7,21,0.0,1,0,legitimate,0
5075.0,1,0.048780488,0.951219512,66.66666667,0.5,39,0.051282051,4,11,15,4.666666667,1,1,phishing,1
1380.0,0,0.081871345,0.918128655,35.0,0.5,26,0.0,2,9,17,0.0,0,3,legitimate,0
9336.0,0,0.191836735,0.808163265,42.46575342,0.468085106,44,0.0,5,7,17,5.333333333,0,3,legitimate,0
217.0,0,0.02173913,0.97826087,33.33333333,0.0,99,0.121212121,3,75,11,39.0,1,10,phishing,1
4180.0,0,0.244444444,0.7555555559999999,25.0,0.181818182,47,0.0,6,7,14,4.2,0,0,phishing,1
5309.0,0,0.063829787,0.936170213,0.0,0.0,50,0.0,4,18,19,11.0,1,3,legitimate,0
4003.0,0,0.0,1.0,100.0,0.0,118,0.110169492,12,17,42,7.375,1,3,phishing,1
5075.0,1,0.0,1.0,100.0,0.0,45,0.0,6,6,10,4.6,1,0,phishing,1
4799.0,0,0.022222222,0.977777778,66.66666667,0.0,30,0.0,2,14,22,0.0,1,3,legitimate,0
4866.0,0,0.434782609,0.565217391,54.54545455,0.55,81,0.098765432,13,9,20,4.2,1,5,legitimate,0
4593.0,0,0.0072463769999999,0.992753623,0.0,2.0,24,0.0,2,8,15,0.0,0,3,legitimate,0
8973.0,1,0.227272727,0.772727273,50.0,0.2,84,0.119047619,11,15,23,5.0,1,4,legitimate,0
3993.0,0,0.0,1.0,100.0,0.0,126,0.206349206,12,17,50,8.142857142999999,1,4,phishing,1
5075.0,0,0.717647059,0.282352941,41.17647059,0.0,30,0.0,3,8,21,0.0,1,3,legitimate,0
4003.0,0,0.0,1.0,100.0,0.0,128,0.1171875,13,17,50,7.375,1,4,phishing,1
11048.0,0,0.258064516,0.7419354840000001,26.31578947,0.4375,82,0.06097561,10,13,23,5.5,0,3,legitimate,0
8584.0,1,0.083333333,0.916666667,100.0,0.0,67,0.0,11,7,11,3.8,1,0,phishing,1
8969.0,0,0.07755102,0.92244898,47.82608696,0.263157895,32,0.0,2,15,23,0.0,1,3,legitimate,0
5380.0,0,0.032608696,0.967391304,78.57142857,0.0,35,0.0,4,12,20,3.0,1,3,legitimate,0
3259.0,0,0.0,1.0,100.0,0.0,69,0.0,7,10,14,8.6,1,0,phishing,1
3023.0,3,0.35,0.65,82.14285714,0.071428571,57,0.0,7,10,18,5.2,1,5,phishing,1
5963.0,0,0.0,1.0,0.0,0.0,105,0.266666667,4,75,15,39.5,1,3,phishing,1
8019.0,1,0.884615385,0.115384615,0.0,0.0,127,0.007874016,15,23,25,6.666666667,1,3,phishing,1
5767.0,0,0.033333333,0.966666667,100.0,0.0,77,0.272727273,4,32,23,14.66666667,1,4,phishing,1
2799.0,0,0.068376068,0.931623932,0.0,0.125,22,0.0,1,11,14,0.0,0,0,legitimate,0
5160.0,0,0.166666667,0.833333333,0.0,0.5,27,0.0,2,9,20,0.0,1,1,legitimate,0
5075.0,1,0.166666667,0.833333333,0.0,0.0,82,0.109756098,18,13,12,4.428571429,1,4,phishing,1
1632.0,0,0.95,0.05,33.33333333,0.052631579,27,0.0,2,10,18,0.0,1,3,legitimate,0
3993.0,0,0.0,1.0,100.0,0.0,67,0.059701493,7,16,27,5.6,1,3,legitimate,0
8236.0,0,0.0862068969999999,0.913793103,27.27272727,0.0,25,0.0,1,11,18,0.0,1,0,legitimate,0
5075.0,0,0.037037037,0.962962963,60.0,1.0,22,0.0,2,7,14,0.0,0,3,legitimate,0
6807.0,0,0.436293436,0.563706564,4.838709677,0.115044248,49,0.0,5,8,16,7.333333333,1,3,legitimate,0
4025.0,0,0.0,0.0,0.0,0.0,64,0.078125,7,11,28,6.0,1,0,legitimate,0
7298.0,0,0.906015038,0.093984962,18.37837838,0.5269709539999999,30,0.0,2,9,22,0.0,1,1,legitimate,0
1675.0,0,0.061946903,0.938053097,100.0,0.0,43,0.0,6,7,16,4.0,1,4,phishing,1
5627.0,0,0.80952381,0.19047619,25.0,0.294117647,68,0.029411765,7,18,35,7.666666667,1,3,phishing,1
5075.0,0,0.142857143,0.857142857,0.0,1.0,32,0.0,2,16,23,0.0,1,1,phishing,1
5075.0,0,0.333333333,0.666666667,92.68292683,0.0,21,0.0,2,5,12,0.0,0,3,legitimate,0
2527.0,0,0.052631579,0.947368421,87.5,0.0,68,0.0,8,12,19,5.833333333,1,4,legitimate,0
5075.0,0,0.25,0.75,0.0,0.0,24,0.083333333,2,10,16,0.0,1,1,phishing,1
3139.0,0,0.118918919,0.8810810809999999,26.08695652,0.681818182,50,0.02,5,12,16,5.75,1,4,phishing,1
284.0,0,0.0,0.0,0.0,0.0,67,0.0,7,16,24,6.2,1,4,phishing,1
2181.0,0,0.093023256,0.906976744,50.0,0.25,24,0.041666667,3,3,15,0.0,1,3,legitimate,0
4212.0,0,0.833333333,0.166666667,100.0,0.0,63,0.0,6,14,18,6.6,1,30,phishing,1
5075.0,0,0.050420168,0.949579832,25.0,0.166666667,24,0.0,2,8,15,0.0,1,4,legitimate,0
6673.0,0,0.435406699,0.564593301,10.58823529,0.010989011,45,0.0,4,11,19,8.5,1,3,legitimate,0
5075.0,0,0.0,0.0,0.0,0.0,43,0.0,3,15,22,5.5,1,0,phishing,1
5626.0,1,0.80952381,0.19047619,25.0,0.294117647,39,0.0,5,9,26,5.0,1,4,phishing,1
10316.0,0,0.169082126,0.8309178740000001,22.72727273,0.2,50,0.12,6,7,15,6.0,0,3,legitimate,0
1534.0,1,0.0,0.0,0.0,0.0,92,0.25,8,32,25,10.6,1,5,phishing,1
1.0,0,0.0,1.0,100.0,0.0,24,0.0,2,6,15,0.0,1,0,phishing,1
1762.0,0,0.18,0.82,75.0,0.111111111,48,0.083333333,9,10,18,2.285714286,0,4,phishing,1
82.0,1,0.121212121,0.8787878790000001,100.0,0.0,70,0.071428571,8,13,19,5.1428571430000005,1,0,phishing,1
1838.0,2,1.0,0.0,0.0,0.0,168,0.029761905,21,16,20,6.0,1,3,phishing,1
515.0,0,0.0,0.0,0.0,0.0,34,0.0,3,13,21,5.0,1,5,phishing,1
5075.0,0,0.5625,0.4375,0.0,0.0,60,0.0,5,17,52,0.0,1,2,phishing,1
1152.0,0,0.285714286,0.7142857140000001,0.0,0.0,28,0.107142857,1,11,15,0.0,0,0,legitimate,0
6863.0,1,0.086065574,0.913934426,56.25,0.238095238,43,0.0,5,7,14,6.0,0,3,legitimate,0
7473.0,0,0.117647059,0.882352941,100.0,1.0,51,0.196078431,7,12,16,3.666666667,1,2,phishing,1
2114.0,1,0.0,1.0,0.0,0.0,131,0.183206107,6,75,15,20.4,1,8,phishing,1
1953.0,0,0.0,0.0,0.0,0.0,48,0.0625,4,14,14,12.0,1,1,phishing,1
7127.0,0,0.116666667,0.8833333329999999,50.0,0.0,51,0.0,5,15,24,5.333333333,1,1,legitimate,0
5075.0,0,0.0,0.0,0.0,0.0,32,0.0,3,10,16,3.5,1,0,phishing,1
6304.0,0,0.7761194029999999,0.223880597,57.14285714,0.028846154,67,0.119402985,9,8,7,5.5,0,1,legitimate,0
5810.0,0,0.251461988,0.748538012,44.44444444,0.093023256,30,0.0,2,14,22,0.0,1,3,legitimate,0
3046.0,4,0.0,1.0,0.0,0.0,74,0.0,11,11,19,4.333333333,1,5,phishing,1
8899.0,0,0.1,0.9,38.46153846,0.4166666670000001,73,0.0,7,12,17,8.6,0,5,legitimate,0
8217.0,0,0.075471698,0.924528302,65.21739129999999,0.333333333,63,0.0,10,9,21,3.25,1,2,legitimate,0
2189.0,2,0.04,0.96,0.0,1.0,179,0.05027933,19,29,41,7.0625,1,23,phishing,1
6385.0,0,0.79338843,0.20661157,38.23529412,0.09375,53,0.0,7,15,23,3.6,1,3,legitimate,0
5553.0,0,0.0,0.0,0.0,0.0,91,0.10989011,11,16,24,5.666666667,1,3,legitimate,0
6444.0,0,0.6190476189999999,0.380952381,50.0,0.076923077,40,0.0,3,15,23,8.0,1,3,legitimate,0
7132.0,0,0.222575517,0.777424483,54.24836601,0.142857143,43,0.0,6,9,16,3.75,0,0,legitimate,0
16.0,0,0.411764706,0.588235294,100.0,0.0,48,0.041666667,5,10,21,5.333333333,1,3,phishing,1
5075.0,0,0.032258065,0.967741935,100.0,1.0,19,0.0,1,8,12,0.0,1,0,legitimate,0
7402.0,0,0.0,1.0,100.0,0.0,61,0.0,7,10,18,6.2,1,3,legitimate,0
243.0,0,0.636363636,0.363636364,12.5,0.214285714,131,0.435114504,9,36,16,12.25,1,7,phishing,1
2613.0,0,0.428571429,0.571428571,0.0,0.0,201,0.119402985,5,92,18,57.66666667,1,5,phishing,1
3931.0,0,0.208333333,0.791666667,86.66666667,0.0,23,0.0,2,7,15,0.0,1,3,legitimate,0
5075.0,0,0.4,0.6,0.0,0.0,35,0.0,3,9,11,7.5,1,1,legitimate,0
6982.0,0,0.0,1.0,0.0,0.0,39,0.0,4,12,19,5.5,1,3,phishing,1
5616.0,0,0.818181818,0.181818182,25.0,0.166666667,47,0.085106383,6,9,39,0.0,1,2,phishing,1
5075.0,2,0.0,1.0,0.0,0.0,93,0.010752688,12,15,21,4.818181818,1,2,phishing,1
4897.0,0,0.6315789470000001,0.368421053,35.29411765,0.305555556,30,0.0,2,13,21,0.0,1,3,legitimate,0
5222.0,0,0.278350515,0.721649485,38.98305085,0.111111111,69,0.0,8,17,18,6.166666667,1,3,legitimate,0
5614.0,0,0.818181818,0.181818182,25.0,0.166666667,49,0.06122449,6,9,40,0.0,1,2,phishing,1
4483.0,0,0.833333333,0.166666667,42.85714286,0.16,26,0.0,3,6,14,3.0,0,3,legitimate,0
6509.0,0,0.132275132,0.8677248679999999,50.0,0.0,49,0.0,5,11,22,9.0,0,3,legitimate,0
7056.0,0,0.75,0.25,4.545454545,0.142857143,36,0.0,4,9,28,0.0,1,5,phishing,1
5626.0,1,0.818181818,0.181818182,25.0,0.277777778,58,0.0862068969999999,7,10,40,10.0,1,6,phishing,1
7297.0,0,0.857142857,0.142857143,12.5,0.133333333,49,0.12244898,6,8,20,4.25,1,1,phishing,1
8454.0,0,0.26984127,0.73015873,25.0,0.0,103,0.116504854,13,11,13,6.363636364,0,2,legitimate,0
5075.0,0,0.184615385,0.815384615,52.94117647,0.083333333,26,0.0,2,10,17,0.0,0,3,legitimate,0
3556.0,0,0.754601227,0.245398773,29.62962963,0.024390244,186,0.311827957,23,32,20,6.523809524,1,12,phishing,1
4478.0,2,0.055555556,0.944444444,100.0,0.0,131,0.13740458,15,25,58,7.125,1,1,phishing,1
127.0,0,0.0,0.0,0.0,0.0,26,0.0,2,10,15,2.0,1,0,phishing,1
3918.0,0,0.0,1.0,100.0,0.0,74,0.364864865,4,32,28,18.0,1,3,phishing,1
5170.0,1,0.52,0.48,80.0,0.076923077,62,0.0,8,10,19,4.833333333,1,4,phishing,1
9227.0,0,0.093103448,0.906896552,30.76923077,0.037037037,60,0.083333333,7,12,13,7.0,0,3,legitimate,0
6212.0,0,0.203883495,0.796116505,51.90839695,0.285714286,41,0.0,5,9,16,4.666666667,0,1,legitimate,0
4578.0,0,0.14893617,0.85106383,92.13483146,0.142857143,29,0.0,2,12,20,0.0,1,3,legitimate,0
6969.0,0,0.470588235,0.529411765,73.33333333,0.25,35,0.0,3,11,15,11.0,1,3,legitimate,0
7440.0,0,0.638888889,0.361111111,5.555555556,0.47826087,32,0.0,2,13,23,0.0,1,3,legitimate,0
6263.0,0,0.194244604,0.8057553959999999,44.44444444,0.074074074,37,0.0,4,10,18,5.0,0,3,legitimate,0
7412.0,0,0.207317073,0.792682927,36.36363636,0.294117647,66,0.0,6,29,16,9.75,0,4,legitimate,0
7188.0,0,0.961538462,0.038461538,0.0,1.12,20,0.0,2,5,12,0.0,1,0,phishing,1
4493.0,6,0.0,1.0,100.0,0.0,112,0.0,15,12,17,5.285714286,1,0,phishing,1
7447.0,0,0.8032786890000001,0.196721311,28.57142857,0.0,34,0.0,2,11,25,0.0,1,1,legitimate,0
6260.0,0,0.081690141,0.918309859,51.61290323,0.413793103,38,0.0,3,17,25,5.0,1,5,legitimate,0
8375.0,0,0.25,0.75,54.54545455,0.263157895,34,0.0,2,18,26,0.0,1,3,legitimate,0
3893.0,0,0.8297872340000001,0.170212766,0.0,0.051282051,58,0.0,6,9,17,7.0,1,3,legitimate,0
5586.0,0,0.392405063,0.607594937,6.666666667,0.177419355,27,0.0,2,11,19,0.0,0,4,legitimate,0
7295.0,0,0.928571429,0.071428571,14.28571429,0.230769231,34,0.147058824,2,12,25,0.0,1,1,phishing,1
1830.0,0,0.0,0.0,0.0,0.0,34,0.0,4,10,16,4.5,1,0,phishing,1
3222.0,0,1.0,0.0,0.0,0.166666667,27,0.0,2,10,18,0.0,1,4,legitimate,0
5075.0,0,0.34375,0.65625,9.090909091,0.454545455,36,0.0,5,7,24,2.0,1,0,phishing,1
4407.0,0,0.0,1.0,0.0,0.0,60,0.0,6,19,44,7.0,1,6,phishing,1
8698.0,0,0.074074074,0.925925926,37.5,0.166666667,43,0.0,5,10,18,4.666666667,1,3,legitimate,0
7767.0,0,0.123076923,0.876923077,37.5,0.125,21,0.0,2,5,13,0.0,1,3,legitimate,0
2612.0,0,0.142857143,0.857142857,0.0,1.0,67,0.059701493,9,9,14,5.285714286,1,0,phishing,1
8326.0,1,0.035087719,0.964912281,94.11764706,0.0,89,0.011235955,11,15,23,5.444444444,1,4,legitimate,0
5073.0,0,0.0,0.0,0.0,0.0,49,0.040816327,6,12,20,4.5,1,3,legitimate,0
7298.0,0,0.864864865,0.135135135,12.19512195,0.46875,61,0.131147541,7,17,30,3.8,1,2,phishing,1
1638.0,0,0.0,0.0,0.0,0.0,19,0.0,2,6,9,1.0,1,0,phishing,1
8347.0,2,0.368421053,0.6315789470000001,100.0,0.0,46,0.02173913,4,15,16,9.5,1,1,phishing,1
5075.0,0,0.145539906,0.8544600940000001,31.25,0.225806452,65,0.0,6,16,24,7.25,0,3,legitimate,0
7129.0,0,0.096129838,0.903870162,66.22807018,0.688311688,41,0.0,5,9,16,4.666666667,0,0,legitimate,0
6717.0,1,0.05338809,0.94661191,13.04347826,0.7307692309999999,57,0.0,6,15,23,5.5,1,5,legitimate,0
536.0,0,0.030664395,0.969335605,96.91780822,0.055555556,55,0.0,5,18,22,5.25,1,2,phishing,1
148.0,0,0.086956522,0.913043478,100.0,0.0,82,0.048780488,9,31,17,7.285714286,1,0,phishing,1
8813.0,0,0.276923077,0.7230769229999999,0.0,0.0,31,0.0,3,11,19,4.0,0,3,legitimate,0
5729.0,2,0.609756098,0.390243902,20.0,0.0,97,0.206185567,15,15,19,4.071428571,1,2,legitimate,0
4536.0,0,0.027272727,0.972727273,0.0,0.0,53,0.0,6,9,45,0.0,1,4,legitimate,0
5837.0,0,0.023728814,0.976271186,50.0,0.285714286,34,0.0,3,8,25,0.0,1,4,legitimate,0
3369.0,0,0.7209302329999999,0.279069767,7.692307692000001,0.0,33,0.0,2,16,24,0.0,1,3,legitimate,0
5075.0,0,0.0,1.0,0.0,0.0,22,0.045454545,2,7,6,7.0,1,0,phishing,1
3684.0,2,0.0,0.0,0.0,0.0,65,0.1692307689999999,10,7,9,4.444444444,1,1,phishing,1
1757.0,0,0.125,0.875,0.0,0.666666667,38,0.1578947369999999,3,15,19,5.0,1,1,legitimate,0
4070.0,0,0.125,0.875,50.0,0.5,40,0.0,3,14,18,5.5,1,0,legitimate,0
5075.0,0,0.003929273,0.996070727,66.66666667,0.0,21,0.0,2,6,13,0.0,0,3,legitimate,0
6995.0,0,0.300613497,0.6993865029999999,33.33333333,0.081632653,54,0.0,5,10,18,8.333333332999999,0,3,legitimate,0
5075.0,0,0.498113208,0.5018867920000001,40.0,0.022727273,31,0.0,2,15,22,0.0,1,4,legitimate,0
6041.0,1,0.184210526,0.815789474,0.0,0.7142857140000001,55,0.0,7,7,20,6.0,1,3,phishing,1
8019.0,0,0.909090909,0.090909091,0.0,0.0,84,0.083333333,5,46,23,16.0,1,2,phishing,1
3992.0,0,0.0,1.0,100.0,0.0,132,0.090909091,12,17,50,9.285714286,1,6,phishing,1
1.0,0,0.0,0.0,0.0,0.0,30,0.066666667,3,10,22,0.0,1,3,phishing,1
5075.0,0,0.315789474,0.684210526,85.71428571,0.166666667,17,0.0,1,7,10,0.0,0,0,legitimate,0
1528.0,1,0.0,1.0,100.0,0.0,68,0.132352941,6,21,23,8.5,1,5,phishing,1
1658.0,2,0.0,1.0,0.0,0.0,243,0.349794239,17,64,60,18.55555556,1,7,phishing,1
5075.0,0,0.163636364,0.836363636,75.0,0.0,31,0.0,3,10,22,0.0,1,3,legitimate,0
189.0,0,0.0,0.0,0.0,0.0,39,0.153846154,3,9,30,0.0,1,0,phishing,1
5158.0,0,0.133333333,0.8666666670000001,0.0,0.0,26,0.0,2,8,19,0.0,1,0,legitimate,0
5075.0,2,0.0,1.0,0.0,0.0,62,0.0,5,23,27,6.0,1,1,phishing,1
7299.0,0,0.81443299,0.18556701,27.53623188,0.544303797,44,0.0,2,24,37,0.0,1,0,legitimate,0
6773.0,0,0.071428571,0.928571429,0.0,0.333333333,42,0.095238095,6,10,17,3.5,1,3,legitimate,0
5075.0,0,0.818181818,0.181818182,0.0,0.333333333,55,0.0,6,12,24,5.0,0,1,legitimate,0
3992.0,0,0.0,1.0,100.0,0.0,68,0.161764706,6,15,42,8.5,1,1,phishing,1
8348.0,2,0.259259259,0.740740741,100.0,0.0,40,0.0,4,9,16,6.5,1,1,phishing,1
3962.0,0,0.292682927,0.707317073,0.0,0.0,53,0.056603774,6,12,20,5.5,1,4,legitimate,0
36.0,5,0.757575758,0.242424242,70.0,0.0,228,0.3859649120000001,15,64,12,13.92857143,1,6,phishing,1
1546.0,0,1.0,0.0,0.0,0.0,37,0.108108108,2,13,29,0.0,0,6,phishing,1
31.0,2,0.0,1.0,0.0,0.0,259,0.181467181,10,200,13,25.55555556,1,8,phishing,1
2202.0,0,0.0,1.0,0.0,0.0,37,0.0,4,7,28,0.0,1,1,phishing,1
2301.0,0,0.0,1.0,0.0,0.0,38,0.0,2,13,29,0.0,1,1,phishing,1
5638.0,0,0.442307692,0.557692308,0.0,0.0,43,0.046511628,6,8,15,4.0,0,3,legitimate,0
5767.0,0,0.033333333,0.966666667,100.0,0.0,77,0.350649351,4,32,23,14.66666667,1,2,phishing,1
5075.0,1,0.142857143,0.857142857,0.0,1.0,39,0.0,3,15,31,0.0,1,2,phishing,1
535.0,0,0.0,0.0,0.0,0.0,81,0.283950617,6,32,19,12.5,1,7,phishing,1
2033.0,1,0.382352941,0.6176470589999999,0.0,0.230769231,72,0.111111111,11,10,12,4.3,1,2,legitimate,0
346.0,0,0.558441558,0.4415584420000001,37.5,0.0,46,0.0,4,14,22,7.0,0,3,phishing,1
3203.0,0,0.930769231,0.069230769,4.47761194,0.140495868,57,0.0,6,18,26,5.0,1,3,legitimate,0
7140.0,0,0.052631579,0.947368421,72.72727273,0.0,34,0.0,2,17,25,0.0,1,3,legitimate,0
7764.0,0,1.0,0.0,0.0,0.0,279,0.23297491,24,80,16,10.59090909,1,9,phishing,1
5778.0,0,0.391304348,0.608695652,0.0,0.111111111,22,0.181818182,1,8,15,0.0,1,1,legitimate,0
4441.0,0,0.526315789,0.473684211,0.0,0.2,26,0.0,2,9,17,0.0,0,21,legitimate,0
6509.0,0,0.083333333,0.916666667,0.0,0.266666667,38,0.078947368,7,4,15,3.0,0,3,legitimate,0
1016.0,0,0.967741935,0.032258065,0.0,0.1,94,0.244680851,7,32,28,18.33333333,0,4,phishing,1
5075.0,0,0.5,0.5,0.0,0.0,49,0.0,7,6,21,4.0,1,3,phishing,1
6452.0,0,0.066666667,0.933333333,100.0,0.0,21,0.0,2,4,12,0.0,1,4,legitimate,0
5075.0,2,0.172413793,0.8275862070000001,0.0,0.0,61,0.0,8,9,10,5.1428571430000005,1,0,phishing,1
1982.0,0,0.2,0.8,100.0,0.0,30,0.0,2,10,17,4.0,1,0,phishing,1
9338.0,2,0.0,0.0,0.0,0.0,251,0.342629482,33,16,17,6.2258064520000005,1,3,phishing,1
3992.0,0,0.0,1.0,100.0,0.0,126,0.142857143,13,17,50,7.375,1,6,phishing,1
3319.0,0,0.0709219859999999,0.929078014,61.11111111,0.3,28,0.0,2,8,19,0.0,0,3,legitimate,0
4930.0,0,0.79245283,0.20754717,5.405405405,0.30952381,29,0.0,2,12,20,0.0,1,3,legitimate,0
7724.0,0,0.21686747,0.78313253,8.823529412000001,0.074074074,33,0.0,2,11,25,0.0,1,0,legitimate,0
2130.0,0,0.373333333,0.6266666670000001,66.10169492,0.035714286,43,0.0,4,10,31,3.0,1,0,legitimate,0
8145.0,0,0.279279279,0.720720721,61.53846154,0.064516129,35,0.0,2,18,26,0.0,1,3,legitimate,0
7449.0,0,0.8035714290000001,0.196428571,25.0,0.133333333,33,0.0,2,10,24,0.0,1,1,legitimate,0
8520.0,0,0.377358491,0.622641509,80.0,0.0,33,0.0,3,8,16,8.0,1,5,legitimate,0
6699.0,0,0.285714286,0.7142857140000001,37.5,0.5,74,0.0,10,9,15,5.5,1,3,legitimate,0
7530.0,0,0.334883721,0.665116279,7.042253521,0.75,29,0.0,2,13,21,0.0,0,3,legitimate,0
5048.0,0,0.28358209,0.71641791,93.10344828,0.0,59,0.13559322,7,11,14,6.4,1,5,legitimate,0
101.0,1,0.0,0.0,0.0,0.0,48,0.0,5,10,39,0.0,0,4,phishing,1
1193.0,0,0.063157895,0.936842105,100.0,0.0,32,0.0,3,10,24,0.0,1,3,legitimate,0
5499.0,0,0.0,0.0,0.0,0.0,21,0.0,3,3,10,2.0,1,0,phishing,1
11564.0,0,0.292682927,0.707317073,100.0,0.0,58,0.120689655,9,7,12,4.571428571,0,7,legitimate,0
5806.0,3,0.0,0.0,0.0,0.0,100,0.0,12,15,19,5.727272727000001,1,0,phishing,1
7298.0,0,0.727272727,0.272727273,36.84210526,0.2,45,0.0,2,24,37,0.0,1,0,legitimate,0
5614.0,0,0.444444444,0.5555555560000001,25.0,0.375,47,0.127659574,6,7,38,0.0,1,3,phishing,1
5075.0,0,0.0,0.0,0.0,0.0,138,0.231884058,18,10,34,5.785714286,1,7,phishing,1
7552.0,0,0.133971292,0.866028708,81.39534884,0.071428571,48,0.0,5,11,19,6.0,1,3,legitimate,0
11555.0,0,0.05,0.95,77.77777778,0.5,66,0.151515152,9,10,15,5.1428571430000005,1,2,legitimate,0
7721.0,0,0.272108844,0.727891156,0.0,0.075,47,0.042553191,6,11,19,4.25,0,3,legitimate,0
5230.0,1,0.024390244,0.975609756,100.0,0.0,47,0.0,2,28,39,0.0,1,1,phishing,1
2612.0,0,0.428571429,0.571428571,0.0,0.0,202,0.118811881,5,92,18,57.66666667,1,5,phishing,1
8431.0,0,0.581395349,0.418604651,39.02439024,0.32,35,0.0,4,7,15,5.5,1,3,legitimate,0
1750.0,0,0.0,0.0,0.0,0.0,45,0.0,6,12,20,3.5,1,3,phishing,1
7528.0,4,0.0,1.0,0.0,0.0,49,0.0,6,12,9,5.4,1,3,phishing,1
5075.0,0,0.085714286,0.914285714,85.29411765,0.222222222,34,0.0,2,16,24,0.0,1,3,legitimate,0
2960.0,0,1.0,0.0,0.0,0.5,44,0.0,5,11,10,5.75,1,0,phishing,1
8036.0,0,0.142857143,0.857142857,0.0,1.0,19,0.0,2,4,11,0.0,1,0,phishing,1
5615.0,2,0.818181818,0.181818182,25.0,0.166666667,65,0.307692308,8,22,39,3.5,1,1,phishing,1
5075.0,0,0.472527473,0.527472527,66.66666667,0.325581395,102,0.058823529,15,11,24,4.75,1,3,legitimate,0
1953.0,0,0.0,0.0,0.0,0.0,33,0.060606061,3,10,14,10.0,1,1,phishing,1
530.0,0,0.0681818179999999,0.931818182,0.0,0.0,30,0.0,2,15,22,0.0,1,6,legitimate,0
3768.0,0,0.0,0.0,0.0,0.0,35,0.0,3,13,16,5.0,1,0,phishing,1
2101.0,0,0.051948052,0.948051948,60.0,0.625,43,0.139534884,4,13,17,8.0,1,2,phishing,1
5075.0,3,0.0,0.0,0.0,0.0,119,0.042016807,13,16,27,6.6363636360000005,1,6,phishing,1
7295.0,0,0.923076923,0.076923077,25.0,0.25,39,0.0,2,17,30,0.0,1,0,phishing,1
7296.0,0,0.764150943,0.235849057,31.42857143,0.518518519,29,0.137931034,2,8,21,0.0,1,1,legitimate,0
9123.0,0,0.538461538,0.461538462,62.5,0.071428571,48,0.0,5,9,15,7.666666667,0,0,legitimate,0
7732.0,0,0.02173913,0.97826087,81.81818182,0.0,20,0.0,2,4,12,0.0,1,3,legitimate,0
5627.0,2,0.80952381,0.19047619,25.0,0.294117647,60,0.066666667,8,9,42,4.5,1,2,phishing,1
5466.0,0,0.818181818,0.181818182,0.0,0.194444444,85,0.2,13,15,53,7.333333333,1,1,phishing,1
4654.0,0,0.727272727,0.272727273,36.36363636,0.0,79,0.012658228,11,10,11,5.1,1,0,legitimate,0
5102.0,0,0.066666667,0.933333333,0.0,0.333333333,62,0.0,7,10,22,7.25,1,4,legitimate,0
5916.0,0,0.0,1.0,100.0,0.0,37,0.027027027,4,10,21,3.5,1,0,phishing,1
7298.0,0,0.884615385,0.115384615,3.875968992,0.0072463769999999,28,0.0,3,8,21,0.0,1,0,legitimate,0
7929.0,0,0.298412698,0.7015873020000001,100.0,0.085106383,99,0.0808080809999999,13,11,15,5.818181817999999,0,7,legitimate,0
7488.0,0,0.48,0.52,0.0,0.0,33,0.0,3,8,11,6.0,1,1,legitimate,0
4280.0,0,0.043478261,0.956521739,62.5,0.25,36,0.0,2,20,28,0.0,1,3,legitimate,0
5075.0,1,0.193333333,0.806666667,3.333333333,0.034482759,106,0.103773585,15,21,29,4.307692308,1,7,legitimate,0
7330.0,0,0.0,0.0,0.0,0.0,50,0.0,6,9,15,5.5,1,3,phishing,1
4489.0,0,0.0625,0.9375,72.72727273,0.0,64,0.0625,8,12,18,5.5,1,4,legitimate,0
5075.0,1,0.0,1.0,0.0,0.0,299,0.20735786,38,17,20,6.243243242999999,1,6,phishing,1
2974.0,1,0.708333333,0.291666667,0.0,0.0,84,0.047619048,7,15,28,8.6,1,3,phishing,1
211.0,3,0.0,1.0,0.0,0.0,99,0.03030303,11,14,14,6.7,1,2,phishing,1
2046.0,3,0.102272727,0.897727273,85.71428571,0.5555555560000001,106,0.188679245,10,32,19,9.0,1,11,phishing,1
6670.0,0,0.433333333,0.566666667,10.58823529,0.0,42,0.0,4,11,19,7.0,1,3,legitimate,0
5400.0,0,0.11875,0.88125,33.33333333,0.0,51,0.0,4,17,25,8.0,1,3,legitimate,0
2644.0,0,0.0,0.0,0.0,0.0,68,0.264705882,7,18,41,18.0,1,0,phishing,1
5075.0,0,0.373134328,0.626865672,88.23529412,0.04,32,0.0,2,12,23,0.0,1,4,legitimate,0
5075.0,0,0.2,0.8,0.0,0.0,56,0.107142857,6,12,17,7.0,1,5,legitimate,0
5075.0,2,0.136690647,0.863309353,88.57142857,0.0,45,0.0,5,7,13,5.0,1,1,phishing,1
4924.0,0,0.151515152,0.848484848,33.33333333,0.0,45,0.0,3,18,22,7.0,1,0,legitimate,0
2169.0,0,0.7333333329999999,0.266666667,16.66666667,0.090909091,59,0.0,3,26,24,26.0,1,8,phishing,1
6515.0,0,0.754237288,0.245762712,40.0,0.0,21,0.0,2,5,12,0.0,0,3,legitimate,0
761.0,3,0.0,1.0,0.0,0.0,76,0.0,9,13,20,5.125,1,2,phishing,1
2091.0,0,0.0,1.0,100.0,0.0,20,0.0,1,6,13,0.0,1,0,legitimate,0
7133.0,0,0.048295455,0.951704545,66.66666667,0.529411765,56,0.0,6,10,16,7.0,0,0,legitimate,0
5075.0,0,0.0,1.0,100.0,0.0,64,0.0,7,10,23,5.8,1,0,legitimate,0
12376.0,0,0.125,0.875,100.0,1.0,112,0.053571429,11,16,22,8.222222222000001,1,1,legitimate,0
5086.0,0,0.180602007,0.8193979929999999,68.6746988,0.759259259,60,0.0,5,20,28,7.333333333,1,7,legitimate,0
7130.0,0,0.0839694659999999,0.916030534,63.33333333,0.454545455,57,0.0,7,9,16,5.6,0,1,legitimate,0
5994.0,0,0.0,1.0,0.0,0.0,47,0.0,6,8,15,5.25,1,0,legitimate,0
5075.0,0,0.068965517,0.931034483,0.0,1.0,31,0.064516129,4,9,5,5.333333333,1,1,phishing,1
6246.0,0,0.1,0.9,81.81818182,0.0,84,0.0,12,16,24,4.3,1,4,legitimate,0
5445.0,0,0.5,0.5,30.18867925,0.134615385,24,0.0,2,7,15,0.0,0,3,legitimate,0
4848.0,0,0.32,0.68,13.04347826,0.125,95,0.0,14,8,24,5.3,1,4,legitimate,0
9317.0,0,0.942857143,0.057142857,9.523809524,0.03030303,123,0.06504065,19,38,16,4.882352941000001,0,4,legitimate,0
8347.0,1,1.0,0.0,0.0,0.0,70,0.085714286,8,21,16,6.666666667,0,2,phishing,1
6360.0,0,0.0,0.0,0.0,0.0,206,0.0631067959999999,32,34,17,5.0,1,12,phishing,1
5321.0,0,0.0,0.0,0.0,0.0,32,0.0,3,12,20,3.0,1,3,phishing,1
5391.0,0,0.1363636359999999,0.8636363640000001,60.0,0.333333333,23,0.0,2,7,14,0.0,1,3,legitimate,0
2690.0,0,0.96875,0.03125,0.0,0.225806452,72,0.0,8,15,12,7.833333333,1,0,phishing,1
5075.0,0,0.0493827159999999,0.950617284,55.55555556,0.125,63,0.126984127,9,11,19,4.285714286,1,6,legitimate,0
6158.0,0,0.313953488,0.686046512,0.0,0.0,72,0.0,8,10,20,6.5,0,0,legitimate,0
7805.0,0,0.485294118,0.514705882,12.5,0.045454545,70,0.0,8,20,24,5.5,1,3,legitimate,0
8095.0,0,0.038674033,0.961325967,63.63636364,0.0,43,0.0,5,7,15,5.666666667,1,3,legitimate,0
5294.0,0,0.0,0.0,0.0,0.0,37,0.0,4,7,16,5.5,1,0,phishing,1
7838.0,0,0.233333333,0.7666666670000001,32.25806452,0.301587302,53,0.0,5,10,23,10.0,0,4,legitimate,0
7407.0,0,0.052631579,0.947368421,60.0,0.0,26,0.0,2,7,18,0.0,1,0,phishing,1
5075.0,0,1.0,0.0,0.0,0.018181818,20,0.45,8,3,12,2.25,1,2,phishing,1
8519.0,0,0.053956835,0.946043165,72.0,0.0,72,0.0,9,11,19,5.428571429,1,4,legitimate,0
7243.0,0,0.162162162,0.837837838,83.33333333,0.0,21,0.0,2,5,13,0.0,1,3,legitimate,0
5208.0,0,0.155963303,0.8440366970000001,46.66666667,0.411764706,62,0.0,7,16,24,5.2,1,4,legitimate,0
5075.0,0,0.038461538,0.961538462,87.09677419,0.571428571,41,0.0,6,9,20,3.333333333,1,4,legitimate,0
1380.0,0,0.230769231,0.7692307690000001,13.04347826,0.166666667,24,0.166666667,2,8,16,0.0,1,3,legitimate,0
8264.0,2,0.0,1.0,0.0,0.0,42,0.0,7,6,14,3.0,1,2,phishing,1
9368.0,0,0.346153846,0.653846154,5.555555556,0.444444444,19,0.052631579,2,3,11,0.0,0,3,legitimate,0
7134.0,0,0.135802469,0.864197531,52.85714286,0.666666667,46,0.0,5,9,20,5.0,0,0,legitimate,0
41.0,0,0.558441558,0.4415584420000001,37.5,0.0,47,0.0,3,25,11,13.0,0,1,legitimate,0
1820.0,0,0.06122449,0.93877551,0.0,0.0,16,0.0,1,4,7,0.0,0,0,legitimate,0
760.0,3,0.8848920859999999,0.115107914,4.04040404,0.048780488,76,0.0,9,12,16,5.625,1,3,phishing,1
933.0,0,0.486486486,0.513513514,0.0,0.0,46,0.0,5,13,21,4.666666667,1,6,phishing,1
5075.0,0,0.0,0.0,0.0,0.0,63,0.031746032,8,13,16,5.666666667,1,5,legitimate,0
8346.0,2,0.490196078,0.509803922,100.0,0.0,43,0.0,5,6,16,5.333333333,1,1,phishing,1
5075.0,4,0.5,0.5,0.0,0.0,218,0.426605505,14,64,12,14.30769231,1,5,phishing,1
2047.0,3,0.102272727,0.897727273,85.71428571,0.5555555560000001,107,0.214953271,10,32,19,9.0,1,7,phishing,1
7298.0,0,0.595505618,0.404494382,55.88235294,0.405660377,27,0.0,2,8,19,0.0,1,0,legitimate,0
7347.0,0,0.0,0.0,0.0,0.0,21,0.0,1,8,14,0.0,1,0,legitimate,0
8186.0,0,0.330508475,0.669491525,100.0,0.0,87,0.068965517,9,10,24,6.857142857,0,4,legitimate,0
2520.0,1,0.142857143,0.857142857,0.0,1.0,38,0.0,3,15,21,3.5,1,0,phishing,1
5619.0,1,0.0,1.0,0.0,0.0,38,0.0,2,17,31,0.0,1,1,phishing,1
319.0,6,0.0,1.0,100.0,0.0,225,0.195555556,29,28,21,6.035714286,1,5,phishing,1
5075.0,0,0.050209205,0.949790795,8.333333332999999,0.666666667,29,0.0,2,13,20,0.0,0,3,legitimate,0
5995.0,0,0.132075472,0.867924528,42.85714286,0.285714286,50,0.0,5,15,23,5.666666667,1,4,legitimate,0
7618.0,0,0.1693548389999999,0.830645161,40.0,0.047619048,22,0.0,2,4,12,0.0,0,3,legitimate,0
461.0,1,0.0,0.0,0.0,0.0,89,0.179775281,7,32,23,10.6,1,8,phishing,1
5310.0,0,0.128205128,0.871794872,0.0,0.0,46,0.0,4,14,19,9.0,1,3,legitimate,0
2344.0,0,0.172839506,0.827160494,50.0,0.607142857,46,0.02173913,4,10,26,4.5,0,0,legitimate,0
3247.0,0,0.063829787,0.936170213,97.2972973,0.333333333,58,0.103448276,7,9,13,5.0,1,2,legitimate,0
5075.0,0,0.0,0.0,0.0,0.0,177,0.305084746,15,40,17,10.69230769,1,9,phishing,1
1808.0,0,0.041800643,0.958199357,66.66666667,0.461538462,31,0.0,3,12,19,2.0,1,3,legitimate,0
2837.0,0,0.2,0.8,75.0,0.0,34,0.0,3,11,25,0.0,1,1,phishing,1
5075.0,0,0.07816092,0.92183908,14.81481481,0.470588235,32,0.0,2,12,23,0.0,1,3,legitimate,0
1423.0,1,0.47826087,0.52173913,100.0,0.0,70,0.071428571,11,7,41,4.25,0,2,phishing,1
5615.0,3,0.818181818,0.181818182,25.0,0.166666667,60,0.05,8,9,42,4.5,1,2,phishing,1
7409.0,0,0.666666667,0.333333333,0.0,0.5,76,0.0,11,12,17,4.777777778,1,4,phishing,1
3905.0,0,0.025,0.975,50.0,0.0,45,0.022222222,3,21,29,7.0,1,5,legitimate,0
2837.0,0,0.0,0.0,0.0,0.0,36,0.0,4,11,27,0.0,1,1,phishing,1
3448.0,0,0.0,0.0,0.0,0.0,29,0.0,3,11,18,2.0,1,1,phishing,1
5075.0,0,0.0,1.0,0.0,0.0,19,0.0,2,3,11,0.0,0,0,legitimate,0
5660.0,0,0.971428571,0.028571429,0.0,0.029411765,154,0.12987013,22,15,30,4.8,1,2,phishing,1
7449.0,0,0.409090909,0.590909091,100.0,0.0,35,0.0,2,12,26,0.0,1,2,legitimate,0
596.0,0,0.095238095,0.904761905,100.0,0.0,44,0.045454545,3,13,22,13.0,1,3,phishing,1
74.0,0,0.0,0.0,0.0,0.0,40,0.0,3,16,32,0.0,1,0,phishing,1
1899.0,2,0.097744361,0.902255639,30.0,0.153846154,36,0.0,5,9,13,3.0,1,0,phishing,1
8079.0,1,0.043478261,0.956521739,20.0,1.411764706,39,0.0,4,13,21,4.5,0,4,legitimate,0
5758.0,4,0.0,1.0,0.0,0.0,100,0.0,14,12,20,5.083333333,1,6,phishing,1
6980.0,0,0.819047619,0.180952381,27.02702703,0.209302326,21,0.0,1,7,14,0.0,1,0,legitimate,0
6258.0,0,0.127753304,0.8722466959999999,51.61290323,0.103448276,43,0.0,3,17,25,10.0,1,4,legitimate,0
3850.0,0,0.046875,0.953125,66.66666667,0.0,57,0.0,8,9,17,4.333333333,0,5,legitimate,0
7505.0,0,0.282608696,0.7173913040000001,0.0,0.076923077,32,0.0,2,17,21,3.0,1,2,legitimate,0
4061.0,0,0.310344828,0.689655172,79.41176471,0.027777778,121,0.041322314,19,13,20,4.470588235,1,1,legitimate,0
1564.0,0,0.21484375,0.78515625,0.0,0.0,23,0.0,2,7,15,0.0,1,3,legitimate,0
5075.0,0,0.0,1.0,100.0,0.0,45,0.0,5,10,10,8.0,1,4,legitimate,0
49.0,0,0.0,0.0,0.0,0.0,41,0.0,6,6,33,0.0,1,3,phishing,1
3090.0,0,0.1,0.9,50.0,1.0,46,0.0,4,16,24,6.0,1,5,legitimate,0
1113.0,2,0.0,1.0,0.0,0.0,67,0.014925373,9,12,20,4.571428571,1,4,phishing,1
5075.0,0,0.310861423,0.689138577,75.86206897,0.042168675,33,0.0,2,13,24,0.0,1,4,legitimate,0
3233.0,0,0.6,0.4,0.0,0.0,51,0.196078431,5,13,43,0.0,1,1,phishing,1
4146.0,0,0.5862068970000001,0.413793103,56.25,0.764705882,47,0.0,7,8,39,0.0,1,3,legitimate,0
2122.0,0,0.732876712,0.267123288,26.92307692,0.028037383,25,0.0,2,8,11,6.0,1,0,phishing,1
4644.0,0,0.001538462,0.998461538,0.0,1.0,19,0.0,2,3,10,0.0,1,3,legitimate,0
5075.0,0,0.032258065,0.967741935,0.0,0.0,55,0.0,6,9,16,7.0,0,3,legitimate,0
5075.0,0,0.0,1.0,100.0,0.0,58,0.0172413789999999,6,13,17,5.6,1,0,phishing,1
2618.0,3,0.0,1.0,100.0,0.0,98,0.112244898,15,15,13,4.769230769,1,5,phishing,1
6493.0,0,0.196581197,0.803418803,20.0,0.0,65,0.0,9,9,14,5.285714286,0,6,legitimate,0
1937.0,0,0.7448979590000001,0.255102041,0.0,0.0,23,0.0,2,7,14,0.0,0,3,legitimate,0
4822.0,0,0.1875,0.8125,25.0,0.666666667,41,0.0,3,13,20,13.0,0,4,legitimate,0
6556.0,0,0.0,0.0,0.0,0.0,48,0.0,4,15,28,5.5,1,0,phishing,1
7900.0,0,0.06918239,0.93081761,76.0,0.545454545,38,0.0,4,8,14,7.5,0,3,legitimate,0
5075.0,0,0.444444444,0.5555555560000001,62.5,0.166666667,20,0.0,1,10,13,0.0,0,0,legitimate,0
3153.0,0,0.0,0.0,0.0,0.0,57,0.105263158,5,14,18,6.75,1,8,phishing,1
6208.0,0,0.133333333,0.8666666670000001,100.0,0.0,35,0.0,2,19,27,0.0,1,3,legitimate,0
8892.0,0,0.25,0.75,82.66666667,0.210526316,25,0.0,2,9,17,0.0,0,3,legitimate,0
5133.0,1,0.5,0.5,69.49152542,0.083333333,84,0.023809524,14,9,17,3.916666667,1,6,legitimate,0
5075.0,0,0.263157895,0.736842105,33.33333333,0.6,39,0.0,3,14,18,5.5,1,0,legitimate,0
298.0,0,0.642857143,0.357142857,1.886792453,0.017094017,47,0.0,7,8,13,4.2,0,3,legitimate,0
4454.0,0,0.0,0.0,0.0,0.0,27,0.0,2,11,15,2.0,1,0,phishing,1
2965.0,0,0.0,1.0,0.0,0.0,73,0.260273973,4,32,18,14.66666667,1,0,phishing,1
5075.0,0,0.097560976,0.902439024,66.66666667,0.25,16,0.0,1,4,7,0.0,0,0,legitimate,0
5075.0,0,0.0,1.0,100.0,0.0,50,0.0,6,11,18,4.0,1,1,phishing,1
3403.0,2,0.0,1.0,100.0,0.0,51,0.0,6,14,22,4.25,1,3,phishing,1
5075.0,0,0.0,0.0,0.0,0.0,29,0.068965517,4,7,10,3.0,1,0,phishing,1
6349.0,0,0.0,1.0,100.0,0.0,41,0.0,3,16,26,6.0,1,3,phishing,1
4194.0,0,0.428571429,0.571428571,88.0,0.047619048,64,0.09375,9,9,17,4.571428571,1,3,legitimate,0
4168.0,0,0.169491525,0.830508475,11.76470588,0.85,34,0.0,2,18,26,0.0,1,3,legitimate,0
4312.0,0,0.0,0.0,0.0,0.0,51,0.411764706,2,32,10,32.0,1,2,phishing,1
3981.0,0,0.109090909,0.8909090909999999,88.88888889,0.333333333,25,0.0,2,9,17,0.0,1,3,legitimate,0
2071.0,0,0.114130435,0.885869565,0.0,0.0,28,0.0,2,12,20,0.0,1,3,legitimate,0
3489.0,0,0.0,1.0,0.0,0.0,66,0.318181818,5,32,12,10.75,1,6,phishing,1
8347.0,1,0.56,0.44,0.0,0.0,113,0.053097345,13,19,15,7.181818182000001,1,2,phishing,1
2632.0,0,0.12962963,0.87037037,20.0,0.142857143,19,0.0,1,5,12,0.0,1,0,legitimate,0
3206.0,0,0.875,0.125,16.66666667,0.7142857140000001,35,0.0,2,19,27,0.0,1,3,legitimate,0
6220.0,0,0.581967213,0.418032787,0.0,0.0,23,0.0,2,6,14,0.0,1,3,legitimate,0
7489.0,0,0.48,0.52,0.0,0.0,29,0.0,3,7,11,4.0,1,1,legitimate,0
1734.0,1,0.111111111,0.8888888890000001,100.0,0.0,55,0.0,6,12,20,6.0,1,5,phishing,1
560.0,0,0.0,0.0,0.0,0.0,26,0.0,3,4,17,0.0,1,0,phishing,1
7296.0,0,0.928571429,0.071428571,14.28571429,0.230769231,30,0.0,2,8,21,0.0,1,0,phishing,1
9204.0,0,0.135416667,0.864583333,37.5,0.0,47,0.0,5,10,18,6.333333333,0,4,legitimate,0
5635.0,0,0.527272727,0.472727273,0.0,0.137931034,39,0.0,4,10,15,7.0,0,3,legitimate,0
1985.0,0,0.296296296,0.703703704,100.0,0.0,28,0.0,1,16,20,0.0,1,1,legitimate,0
5626.0,0,0.444444444,0.5555555560000001,25.0,0.625,50,0.3,6,14,42,0.0,1,2,phishing,1
768.0,2,0.121621622,0.878378378,95.0,0.222222222,54,0.0,7,8,17,4.8,0,0,phishing,1
5736.0,0,0.0,0.0,0.0,0.0,70,0.0,10,10,11,5.375,1,1,legitimate,0
7158.0,0,0.04494382,0.95505618,100.0,1.0,44,0.159090909,6,8,14,4.75,1,1,legitimate,0
7872.0,0,0.1549295769999999,0.845070423,52.38095238,0.181818182,51,0.0,6,18,26,3.25,1,6,legitimate,0
8905.0,0,0.242718447,0.757281553,0.0,0.84,97,0.051546392,15,9,17,4.538461538,1,3,legitimate,0
5670.0,0,0.8,0.2,100.0,0.0,132,0.1742424239999999,19,15,30,4.529411765,1,7,phishing,1
4848.0,0,0.409090909,0.590909091,16.66666667,0.185185185,67,0.0,10,8,24,4.833333333,1,3,legitimate,0
5767.0,0,0.033333333,0.966666667,100.0,0.0,81,0.24691358,5,32,27,14.66666667,1,6,phishing,1
5075.0,0,0.409090909,0.590909091,60.0,0.111111111,25,0.0,1,13,16,0.0,1,1,legitimate,0
5616.0,1,0.80952381,0.19047619,25.0,0.176470588,73,0.0,9,15,44,9.5,1,2,phishing,1
5075.0,0,0.627118644,0.372881356,2.857142857,0.540540541,18,0.111111111,2,5,10,0.0,1,0,phishing,1
7132.0,0,0.032535885,0.967464115,70.43478261,0.5,59,0.0,7,9,16,6.0,0,1,legitimate,0
3668.0,1,0.0,0.0,0.0,0.0,55,0.0,6,13,22,5.5,1,0,phishing,1
1601.0,0,0.0123456789999999,0.987654321,83.33333333,0.0,35,0.0,2,10,26,0.0,1,0,phishing,1
534.0,0,0.0,0.0,0.0,0.0,81,0.259259259,6,32,19,12.5,1,7,phishing,1
5075.0,0,0.011627907,0.988372093,100.0,0.0,33,0.0,5,5,18,3.0,1,3,legitimate,0
5675.0,0,0.391304348,0.608695652,50.0,0.222222222,79,0.0,9,9,30,7.2,1,4,legitimate,0
5075.0,0,0.142011834,0.8579881659999999,4.166666667,0.25,19,0.0,1,5,12,0.0,1,0,legitimate,0
7440.0,0,0.0,1.0,0.0,0.0,131,0.114503817,11,31,19,10.44444444,1,6,phishing,1
8759.0,0,0.203539823,0.796460177,38.46153846,0.47826087,122,0.155737705,19,10,11,4.722222222,0,1,legitimate,0
5075.0,0,0.008,0.992,100.0,0.0,76,0.0,11,11,47,6.333333333,1,0,legitimate,0
7644.0,1,0.0,0.0,0.0,0.0,61,0.049180328,8,10,14,5.666666667,1,3,legitimate,0
5075.0,3,0.571428571,0.428571429,33.33333333,0.0,476,0.084033613,90,12,13,4.441860465,1,10,phishing,1
6212.0,0,0.141509434,0.858490566,40.0,0.0,76,0.0,10,9,16,5.5,0,1,legitimate,0
2877.0,1,1.0,0.0,0.0,0.0,55,0.018181818,6,9,15,6.75,1,5,phishing,1
8453.0,0,0.0,1.0,100.0,0.0,17,0.0,1,5,9,0.0,1,0,legitimate,0
8348.0,1,1.0,0.0,0.0,0.0,84,0.071428571,9,33,16,7.571428571,0,2,phishing,1
8019.0,0,0.884615385,0.115384615,0.0,0.0,129,0.03875969,13,35,33,7.5,1,1,phishing,1
3751.0,0,0.025641026,0.974358974,66.66666667,0.0,35,0.0,5,5,13,3.666666667,1,0,phishing,1
7419.0,0,1.0,0.0,0.0,0.0,69,0.028985507,13,10,13,3.3636363639999995,0,4,legitimate,0
683.0,0,0.0,1.0,0.0,0.0,54,0.092592593,5,13,45,0.0,1,3,phishing,1
4003.0,0,0.0,1.0,100.0,0.0,81,0.148148148,8,15,54,8.5,1,7,phishing,1
5075.0,0,0.0,0.0,0.0,0.0,28,0.0,3,10,17,2.0,1,3,phishing,1
8412.0,0,0.0,0.0,0.0,0.0,98,0.040816327,12,16,59,7.0,1,7,phishing,1
6752.0,0,0.2,0.8,0.0,0.0,28,0.035714286,2,8,11,8.0,0,0,phishing,1
5075.0,0,0.0,0.0,0.0,0.0,76,0.342105263,5,32,10,13.5,1,4,phishing,1
3388.0,2,0.757575758,0.242424242,70.0,0.0,73,0.0,10,9,22,6.333333333,1,4,phishing,1
7397.0,1,0.0,1.0,0.0,0.0,108,0.009259259,17,13,48,4.2,1,5,phishing,1
6346.0,0,0.125,0.875,71.42857143,0.0,75,0.013333333,10,13,23,4.625,1,2,phishing,1
2047.0,3,0.102272727,0.897727273,85.71428571,0.5555555560000001,107,0.186915888,10,32,19,9.0,1,11,phishing,1
3993.0,0,0.0,1.0,100.0,0.0,76,0.092105263,7,15,50,8.5,1,2,phishing,1
5667.0,0,0.563451777,0.436548223,0.0,0.027027027,36,0.0,4,12,20,3.0,0,4,legitimate,0
2356.0,0,1.0,0.0,0.0,0.0,35,0.0,2,19,27,0.0,1,3,legitimate,0
4826.0,0,0.081081081,0.918918919,25.0,0.666666667,49,0.0,5,12,20,6.333333333,0,3,legitimate,0
920.0,0,0.087719298,0.912280702,20.0,0.0,25,0.08,2,9,7,9.0,0,2,phishing,1
2792.0,0,0.62745098,0.37254902,24.67532468,0.015625,58,0.0,6,17,25,5.25,1,6,legitimate,0
7812.0,0,0.333333333,0.666666667,0.0,1.0,29,0.0,3,9,17,3.0,1,3,phishing,1
5075.0,0,0.0,1.0,100.0,0.0,40,0.0,3,10,26,5.0,1,0,legitimate,0
5219.0,0,0.25,0.75,33.33333333,0.642857143,52,0.0,7,7,25,5.666666667,1,3,legitimate,0
4009.0,0,0.104166667,0.895833333,75.0,0.6,67,0.074626866,10,10,18,4.25,0,5,legitimate,0
8996.0,0,0.346153846,0.653846154,5.333333333,0.7111111109999999,29,0.0,2,13,21,0.0,1,3,legitimate,0
7988.0,0,0.09375,0.90625,100.0,0.0,57,0.0,7,11,12,6.6,1,3,legitimate,0
5075.0,1,0.6190476189999999,0.380952381,100.0,0.153846154,30,0.0,2,13,21,0.0,0,3,legitimate,0
4012.0,0,0.0,0.0,100.0,0.0,21,0.0,2,4,12,0.0,1,3,legitimate,0
6775.0,0,0.075,0.925,0.0,0.666666667,42,0.095238095,6,10,17,3.5,1,4,legitimate,0
7354.0,0,0.428571429,0.571428571,40.0,0.0,77,0.0779220779999999,8,15,23,6.833333333,1,4,legitimate,0
6245.0,1,0.0,0.0,0.0,0.0,51,0.0,5,17,25,5.333333333,1,5,phishing,1
5159.0,0,0.6,0.4,0.0,0.666666667,74,0.054054054,12,11,14,4.2,0,4,legitimate,0
5151.0,4,0.0,0.0,0.0,0.0,72,0.027777778,10,10,14,4.666666667,1,0,phishing,1
895.0,0,1.0,0.0,0.0,0.0,28,0.035714286,2,11,14,5.0,1,0,phishing,1
5704.0,0,0.340517241,0.659482759,97.5,0.075949367,43,0.069767442,6,12,22,2.25,0,1,legitimate,0
1953.0,0,0.0,0.0,0.0,0.0,45,0.088888889,3,17,26,10.0,1,1,phishing,1
5160.0,0,0.15625,0.84375,96.0,0.0,33,0.0,3,9,20,1.0,1,0,legitimate,0
1220.0,2,0.0,0.0,0.0,0.0,36,0.027777778,5,8,12,4.0,1,0,phishing,1
8495.0,0,0.076923077,0.923076923,28.57142857,0.0,22,0.0,2,5,13,0.0,0,3,legitimate,0
7130.0,0,0.118997912,0.881002088,64.1509434,0.403508772,41,0.0,5,9,16,4.666666667,1,0,legitimate,0
7131.0,0,0.069230769,0.930769231,57.14285714,0.5555555560000001,46,0.0,5,9,16,6.333333333,0,0,legitimate,0
8414.0,0,0.086743044,0.913256956,25.0,0.056603774,32,0.0,3,8,16,6.0,0,4,legitimate,0
5304.0,0,0.024464832,0.975535168,12.0,0.4166666670000001,76,0.052631579,10,13,21,4.875,0,4,legitimate,0
4481.0,0,0.4,0.6,0.0,0.25,74,0.013513514,8,14,18,7.166666667,1,3,legitimate,0
1547.0,1,0.727272727,0.272727273,4.347826087,0.125,57,0.087719298,6,13,40,4.0,1,4,phishing,1
3248.0,0,0.814814815,0.185185185,40.0,0.0,89,0.04494382,10,12,16,6.333333333,1,5,legitimate,0
11557.0,0,0.0,1.0,100.0,0.0,65,0.230769231,10,8,15,4.25,1,3,legitimate,0
5075.0,0,0.128205128,0.871794872,83.33333333,0.2,29,0.0,3,9,17,2.0,0,3,legitimate,0
7297.0,0,0.677419355,0.322580645,0.0,0.19047619,36,0.0,2,14,27,0.0,1,1,legitimate,0
9071.0,0,0.015957447,0.984042553,92.5,0.0,97,0.0721649479999999,13,9,21,5.272727273,0,5,legitimate,0
4.0,0,1.0,0.0,0.0,0.0,68,0.294117647,5,32,16,10.0,1,2,phishing,1
372.0,0,0.0,0.0,0.0,0.0,46,0.0,3,23,31,6.0,1,5,phishing,1
7295.0,0,0.928571429,0.071428571,14.28571429,0.230769231,36,0.083333333,2,16,29,0.0,0,0,phishing,1
7133.0,0,0.085333333,0.914666667,61.9047619,0.5,57,0.087719298,8,9,16,4.5,0,0,legitimate,0
8034.0,2,0.8653366579999999,0.134663342,42.22222222,0.014409222,81,0.0,10,14,22,5.375,1,5,phishing,1
5226.0,0,0.309090909,0.690909091,31.50684932,0.058823529,71,0.0,8,11,18,6.5,1,3,legitimate,0
9007.0,0,0.056338028,0.943661972,69.23076923,0.125,31,0.0,3,11,11,11.0,0,3,legitimate,0
7412.0,0,1.0,0.0,0.0,1.166666667,25,0.0,2,9,18,0.0,0,0,phishing,1
6156.0,0,0.111111111,0.8888888890000001,100.0,0.0,26,0.0,2,9,17,0.0,1,3,phishing,1
1435.0,0,0.916666667,0.083333333,0.0,0.272727273,25,0.04,2,9,17,0.0,1,4,legitimate,0
3930.0,0,0.008484848,0.991515152,0.0,0.285714286,26,0.0,2,10,18,0.0,0,3,legitimate,0
7230.0,0,0.086330935,0.913669065,70.83333333,0.333333333,56,0.0,6,16,24,5.25,1,5,legitimate,0
5621.0,0,0.008210181,0.991789819,0.0,0.0,21,0.0,2,5,13,0.0,1,4,legitimate,0
5783.0,0,0.0,0.0,0.0,0.0,63,0.365079365,3,32,22,32.0,1,3,phishing,1
5882.0,1,0.471544715,0.528455285,28.57142857,0.0172413789999999,155,0.0,12,28,22,11.6,0,3,legitimate,0
8348.0,0,0.3,0.7,100.0,0.0,96,0.041666667,11,14,15,7.0,0,3,phishing,1
466.0,0,0.0,1.0,100.0,0.0,44,0.0,2,19,36,0.0,1,1,phishing,1
9047.0,0,0.214285714,0.7857142859999999,16.66666667,0.0,26,0.0,2,9,17,0.0,0,3,legitimate,0
4562.0,1,0.0,1.0,100.0,0.0,64,0.0,10,10,11,4.1111111110000005,1,0,phishing,1
8019.0,0,0.884615385,0.115384615,0.0,0.0,154,0.051948052,14,35,40,8.454545455,1,2,phishing,1
3071.0,0,0.052631579,0.947368421,33.33333333,1.0,29,0.0,2,13,21,0.0,1,4,legitimate,0
4520.0,3,0.0,0.0,0.0,0.0,48,0.0,7,7,15,4.0,1,4,phishing,1
2105.0,0,0.212121212,0.787878788,71.42857143,0.0,101,0.227722772,6,32,37,13.0,1,5,phishing,1
9715.0,1,0.0,1.0,0.0,0.0,45,0.0,6,7,12,5.5,1,3,legitimate,0
5075.0,0,0.0,0.0,0.0,0.0,33,0.0,2,15,22,2.0,1,0,phishing,1
7494.0,0,0.205405405,0.794594595,50.0,0.052631579,34,0.0,2,15,25,0.0,1,4,legitimate,0
3593.0,0,0.0,0.0,0.0,0.0,29,0.0,3,10,18,2.0,1,3,phishing,1
1601.0,2,0.0,1.0,0.0,0.0,86,0.174418605,8,32,29,11.5,0,9,phishing,1
7298.0,0,0.8611111109999999,0.138888889,23.25581395,0.268817204,35,0.0,2,15,28,0.0,1,1,legitimate,0
7440.0,0,0.0,1.0,100.0,0.0,23,0.0,2,8,16,0.0,0,3,legitimate,0
8348.0,2,1.0,0.0,0.0,0.0,62,0.0,8,9,16,5.166666667,0,1,phishing,1
4250.0,0,0.045977011,0.954022989,0.0,0.5,24,0.0,2,9,16,0.0,0,3,legitimate,0
5972.0,0,0.0,0.0,0.0,0.0,53,0.075471698,6,13,21,5.25,1,6,phishing,1
2211.0,0,1.0,0.0,0.0,0.0,115,0.0,11,24,22,8.555555556,1,3,phishing,1
31.0,0,0.0,1.0,0.0,0.0,259,0.154440154,10,200,13,25.55555556,1,10,phishing,1
3798.0,0,0.608695652,0.391304348,14.81481481,0.464285714,29,0.0,1,14,20,0.0,1,0,legitimate,0
1617.0,0,0.772727273,0.227272727,0.0,0.058823529,131,0.061068702,16,12,14,6.714285714,1,2,phishing,1
592.0,0,0.854166667,0.145833333,100.0,0.195121951,36,0.0,4,9,17,4.5,0,3,phishing,1
5075.0,1,0.315789474,0.684210526,72.72727273,0.0,56,0.053571429,8,11,22,3.5,1,3,phishing,1
4443.0,0,0.202531646,0.797468354,77.77777778,0.375,84,0.071428571,11,12,20,5.222222222,1,7,legitimate,0
1083.0,0,0.0,1.0,100.0,0.0,51,0.0,7,9,16,4.6,1,1,phishing,1
4162.0,0,0.049586777,0.950413223,50.0,0.0,23,0.0,2,7,14,0.0,0,3,legitimate,0
759.0,3,0.59375,0.40625,5.263157895,0.421052632,79,0.0,11,12,20,4.777777778,1,6,phishing,1
7297.0,0,0.8611111109999999,0.138888889,12.5,0.129032258,48,0.166666667,7,8,20,3.0,1,1,phishing,1
7530.0,0,0.0,1.0,100.0,0.0,29,0.0,2,13,21,0.0,1,3,legitimate,0
1737.0,0,0.495833333,0.504166667,29.62962963,0.226890756,28,0.0,4,4,19,0.0,1,3,legitimate,0
5404.0,0,0.0,0.0,0.0,0.0,52,0.0,6,16,24,4.25,1,3,legitimate,0
3724.0,0,0.22459893,0.77540107,84.61538462,0.0,43,0.0,4,13,21,6.5,1,4,legitimate,0
2485.0,0,0.8840579709999999,0.115942029,2.9411764710000003,0.016393443,25,0.0,2,8,17,0.0,1,0,legitimate,0
33.0,0,0.0,0.0,0.0,0.0,39,0.102564103,5,7,22,4.0,1,3,phishing,1
6712.0,0,0.076923077,0.923076923,71.42857143,1.0,49,0.0,7,11,12,5.0,1,3,legitimate,0
6841.0,0,0.375,0.625,100.0,0.0,44,0.0,5,8,16,6.0,1,5,legitimate,0
4003.0,0,0.0,1.0,100.0,0.0,128,0.1640625,13,17,50,7.375,1,4,phishing,1
2996.0,3,0.247058824,0.752941176,21.875,0.111111111,67,0.0,8,17,21,4.571428571,0,1,phishing,1
5075.0,0,0.647058824,0.352941176,33.33333333,0.242424242,28,0.25,2,14,20,0.0,1,1,phishing,1
5279.0,1,0.0,1.0,0.0,0.0,45,0.022222222,4,18,27,4.5,1,0,phishing,1
95.0,0,0.0,1.0,100.0,0.0,19,0.0,1,7,11,0.0,1,0,phishing,1
819.0,0,0.7777777779999999,0.222222222,70.83333333,0.357142857,20,0.0,1,6,11,0.0,0,1,legitimate,0
5591.0,0,0.064312736,0.935687264,26.86567164,0.0,64,0.0,6,21,12,8.0,1,0,legitimate,0
3126.0,1,0.0,1.0,0.0,0.0,48,0.0,5,9,20,6.0,1,2,phishing,1
5075.0,1,0.0,1.0,0.0,0.0,44,0.0,6,9,18,5.333333333,1,5,phishing,1
7827.0,0,0.573033708,0.426966292,0.0,0.0,25,0.0,3,4,16,0.0,0,0,phishing,1
3183.0,0,0.238095238,0.761904762,100.0,0.0,29,0.0,2,12,15,5.0,1,1,phishing,1
7827.0,0,1.0,0.0,0.0,0.0,54,0.148148148,4,32,11,16.5,0,2,phishing,1
7133.0,0,0.097142857,0.902857143,55.26315789,0.352941176,50,0.0,6,10,16,5.5,0,1,legitimate,0
1387.0,0,0.0,0.0,0.0,0.0,56,0.1785714289999999,6,13,20,8.666666667000001,1,0,phishing,1
5075.0,1,0.0,1.0,0.0,0.0,145,0.096551724,20,13,17,5.263157895,1,3,phishing,1
2827.0,0,0.147058824,0.852941176,100.0,0.0,48,0.0,5,13,21,5.666666667,0,3,phishing,1
5075.0,0,0.0,1.0,0.0,0.0,37,0.108108108,2,20,9,20.0,1,0,phishing,1
3993.0,0,0.0,1.0,100.0,0.0,127,0.125984252,13,17,50,7.375,1,4,phishing,1
3473.0,0,0.091954023,0.908045977,0.0,0.0,48,0.0,4,19,27,6.0,1,3,legitimate,0
8647.0,0,0.298765432,0.701234568,9.756097561,0.297520661,40,0.0,3,12,27,5.0,1,0,legitimate,0
5002.0,0,0.055214724,0.944785276,42.85714286,0.333333333,46,0.0,6,8,15,5.0,0,4,legitimate,0
8658.0,0,0.129032258,0.870967742,25.0,0.25,29,0.0,2,10,20,0.0,0,3,legitimate,0
2061.0,3,0.055555556,0.944444444,100.0,0.0,117,0.128205128,11,25,41,7.375,1,1,phishing,1
5636.0,1,0.0,1.0,100.0,0.0,34,0.0,3,10,26,0.0,0,0,legitimate,0
2587.0,0,0.180327869,0.8196721309999999,56.0,0.545454545,26,0.0,2,10,18,0.0,1,3,legitimate,0
12710.0,0,0.04,0.96,50.0,0.0,45,0.0,4,11,18,8.0,1,2,legitimate,0
7268.0,0,0.0806451609999999,0.919354839,100.0,0.0,57,0.105263158,7,10,18,5.4,0,3,legitimate,0
3555.0,0,0.477777778,0.522222222,37.5,0.0,49,0.0,5,16,24,5.0,0,3,phishing,1
5125.0,0,0.081521739,0.918478261,66.66666667,0.066666667,36,0.0,4,9,17,4.5,0,3,legitimate,0
3992.0,0,0.0,1.0,100.0,0.0,123,0.1300813009999999,13,17,46,7.375,1,4,phishing,1
1245.0,0,0.0,1.0,100.0,0.0,45,0.0,2,29,33,2.0,1,2,phishing,1
149.0,0,0.363636364,0.636363636,0.0,1.0,63,0.0,7,13,55,0.0,1,3,phishing,1
7744.0,0,0.034482759,0.965517241,50.0,0.5,21,0.0,2,7,6,7.0,0,0,legitimate,0
5230.0,0,0.804347826,0.195652174,0.0,0.027027027,23,0.0,2,6,14,0.0,0,3,legitimate,0
3638.0,0,0.8307692309999999,0.1692307689999999,97.14285714,0.111111111,31,0.0,2,13,17,5.0,1,0,legitimate,0
7905.0,0,0.0,0.0,0.0,0.0,278,0.212230216,24,26,21,10.80952381,1,96,phishing,1
962.0,0,0.0,1.0,100.0,0.0,39,0.179487179,4,10,20,4.0,1,1,phishing,1
9530.0,0,0.2375,0.7625,40.0,0.105263158,45,0.0,5,8,15,6.333333333,0,3,legitimate,0
7148.0,4,0.059171598,0.940828402,81.81818182,0.1,73,0.0,9,10,8,6.125,1,2,phishing,1
5075.0,0,0.6,0.4,33.33333333,0.035087719,63,0.0,6,19,27,6.0,1,4,legitimate,0
7968.0,0,0.4166666670000001,0.583333333,0.0,0.0,204,0.1372549019999999,11,86,27,17.66666667,1,4,phishing,1
5075.0,0,0.0,0.0,0.0,0.0,54,0.388888889,3,32,14,32.0,1,3,phishing,1
9117.0,0,0.219298246,0.7807017540000001,59.57446809,0.38,63,0.0,7,10,18,6.6,1,3,legitimate,0
5643.0,0,0.0,1.0,100.0,0.0,61,0.049180328,7,17,27,4.4,1,6,phishing,1
2165.0,0,1.0,0.0,0.0,2.0,19,0.0,2,4,11,0.0,0,3,legitimate,0
5161.0,0,0.6,0.4,0.0,0.666666667,83,0.048192771,15,6,14,3.692307692,0,4,legitimate,0
627.0,0,0.01369863,0.98630137,90.90909091,0.0,142,0.063380282,7,80,22,21.4,1,6,phishing,1
3482.0,0,0.25,0.75,0.0,0.5,59,0.0,6,10,9,7.6,0,3,legitimate,0
7297.0,0,0.731707317,0.268292683,33.89830508,0.311111111,32,0.09375,2,12,25,0.0,1,0,legitimate,0
5075.0,1,0.183333333,0.816666667,27.27272727,0.636363636,46,0.086956522,5,12,24,4.0,0,1,legitimate,0
2500.0,3,0.258064516,0.7419354840000001,0.0,0.0,89,0.02247191,11,11,18,5.2,1,1,phishing,1
5075.0,0,0.666666667,0.333333333,0.0,0.5,65,0.015384615,10,9,15,4.375,1,0,phishing,1
5075.0,0,0.081504702,0.918495298,22.22222222,0.269230769,33,0.0,3,15,22,2.0,0,3,legitimate,0
2.0,0,0.0,1.0,100.0,0.0,24,0.0,1,10,16,0.0,1,0,phishing,1
5075.0,0,0.0,1.0,0.0,0.0,16,0.0,1,4,7,0.0,0,0,legitimate,0
7298.0,0,0.80952381,0.19047619,21.95121951,0.117647059,37,0.027027027,2,17,30,0.0,1,1,legitimate,0
2387.0,0,0.036585366,0.963414634,50.0,0.0,40,0.0,3,10,14,8.5,1,0,legitimate,0
5075.0,0,0.179738562,0.820261438,91.35802469,0.018181818,26,0.0,2,10,17,0.0,0,3,legitimate,0
1737.0,1,0.189189189,0.810810811,100.0,0.0,22,0.0,2,6,15,0.0,1,0,legitimate,0
5894.0,0,0.0,1.0,0.0,0.0,32,0.03125,3,9,17,5.0,0,3,legitimate,0
6259.0,0,0.135135135,0.864864865,59.25925926,0.0,46,0.0,3,17,25,13.0,1,4,legitimate,0
8233.0,0,0.044117647,0.955882353,27.27272727,0.333333333,49,0.0,5,10,14,5.75,0,0,legitimate,0
5959.0,1,0.0,1.0,0.0,0.0,44,0.113636364,5,13,21,4.333333333,1,5,legitimate,0
1834.0,0,0.0,1.0,100.0,0.0,119,0.268907563,19,18,84,3.5,1,3,phishing,1
7295.0,0,0.9,0.1,33.33333333,0.7777777779999999,30,0.0,2,10,23,0.0,1,1,phishing,1
5075.0,4,0.0,1.0,0.0,0.0,77,0.051948052,7,16,20,7.166666667,1,1,phishing,1
5.0,0,0.0,1.0,100.0,0.0,33,0.0,5,5,18,3.0,1,5,phishing,1
6433.0,0,0.079387187,0.920612813,83.80681818,0.140350877,36,0.0,4,10,17,4.5,0,1,legitimate,0
854.0,0,0.048780488,0.951219512,100.0,0.0,27,0.0,3,6,14,4.0,1,3,phishing,1
3828.0,0,0.057377049,0.942622951,0.0,0.571428571,26,0.0,2,9,17,0.0,0,3,legitimate,0
2532.0,1,0.0,1.0,100.0,0.0,42,0.0,3,11,34,0.0,1,0,phishing,1
5075.0,0,0.096774194,0.903225806,0.0,0.166666667,40,0.0,3,13,17,6.5,1,0,legitimate,0
3857.0,0,0.418181818,0.581818182,78.78787879,0.173913043,79,0.0,8,14,22,7.0,0,6,legitimate,0
8347.0,2,0.666666667,0.333333333,0.0,0.0,99,0.090909091,10,26,15,8.5,1,4,phishing,1
7296.0,0,0.909090909,0.090909091,25.0,0.3,58,0.0,2,36,49,0.0,1,0,phishing,1
7110.0,0,0.0,0.0,0.0,0.0,55,0.018181818,8,12,19,3.833333333,1,3,phishing,1
7295.0,0,0.928571429,0.071428571,14.28571429,0.230769231,34,0.029411765,2,12,25,0.0,1,0,phishing,1
10607.0,0,0.04047619,0.95952381,79.16666667,0.0,67,0.0,9,11,13,5.714285714,0,4,legitimate,0
1748.0,1,0.111111111,0.8888888890000001,100.0,0.0,56,0.0,6,12,20,6.0,1,5,phishing,1
1975.0,0,0.0,0.0,0.0,0.0,40,0.0,4,11,12,5.333333333,1,2,phishing,1
5556.0,4,0.242424242,0.757575758,66.66666667,0.0625,115,0.069565217,15,10,18,5.923076922999999,1,4,phishing,1
8917.0,0,0.093425606,0.906574394,29.41176471,0.185185185,39,0.0,4,11,19,5.5,1,5,legitimate,0
4916.0,0,0.133333333,0.8666666670000001,61.11111111,0.0,49,0.0,6,10,14,6.0,0,5,legitimate,0
1837.0,0,0.0,1.0,100.0,0.0,73,0.054794521,5,18,58,7.0,1,2,phishing,1
7295.0,0,0.923076923,0.076923077,16.66666667,0.833333333,44,0.0,2,24,37,0.0,1,0,phishing,1
5075.0,1,0.0,1.0,0.0,0.0,43,0.0,5,13,28,2.5,1,3,phishing,1
5075.0,0,0.214285714,0.7857142859999999,0.0,0.185185185,27,0.0,2,10,18,0.0,1,4,legitimate,0
9427.0,0,0.243902439,0.7560975609999999,50.0,0.0,54,0.074074074,8,7,12,4.5,0,4,legitimate,0
96.0,0,0.662921348,0.337078652,14.0625,0.322033898,33,0.0,2,15,18,6.0,1,0,phishing,1
7132.0,0,0.065306122,0.934693878,65.79572447,0.319444444,39,0.0,5,9,16,4.0,0,0,legitimate,0
783.0,5,0.0,1.0,100.0,0.0,69,0.0,9,9,10,5.5,1,2,phishing,1
5075.0,0,0.0,1.0,0.0,0.0,57,0.0,7,10,18,5.4,1,4,legitimate,0
5627.0,0,0.0,0.0,0.0,0.0,52,0.173076923,7,11,43,0.0,1,2,phishing,1
5075.0,0,0.420863309,0.579136691,45.83333333,0.418803419,35,0.0,5,5,21,2.0,1,3,legitimate,0
5075.0,0,0.006969919,0.993030081,92.78350515,0.105263158,29,0.103448276,3,11,18,2.0,0,3,legitimate,0
5075.0,4,0.5,0.5,0.0,0.0,218,0.371559633,14,64,12,14.30769231,1,13,phishing,1
5615.0,3,0.818181818,0.181818182,25.0,0.166666667,64,0.015625,10,9,39,3.5,1,1,phishing,1
5091.0,0,0.164835165,0.835164835,67.5,0.033333333,26,0.0,2,9,17,0.0,0,3,legitimate,0
6006.0,2,0.078947368,0.921052632,0.0,0.0,42,0.0,5,9,16,5.333333333,1,3,phishing,1
5075.0,0,0.0,0.0,0.0,0.0,98,0.102040816,13,15,11,6.181818182000001,1,6,legitimate,0
7298.0,0,0.7142857140000001,0.285714286,0.0,0.0,33,0.0,2,13,26,0.0,1,0,legitimate,0
8019.0,0,1.0,0.0,0.0,0.0,141,0.0709219859999999,14,20,38,7.454545455,1,3,phishing,1
5738.0,0,0.213903743,0.7860962570000001,9.677419355,0.225,120,0.0,11,13,21,9.111111111,1,3,legitimate,0
2429.0,1,0.757575758,0.242424242,70.0,0.0,48,0.0,5,8,12,5.0,1,0,phishing,1
5555.0,2,0.894736842,0.105263158,50.0,1.0,40,0.0,6,6,9,3.8,1,0,phishing,1
4788.0,0,0.014423077,0.985576923,97.72727273,0.333333333,34,0.058823529,5,4,12,4.0,1,4,legitimate,0
8701.0,0,0.542857143,0.457142857,48.0,0.1578947369999999,44,0.272727273,6,7,16,4.25,1,1,legitimate,0
5592.0,0,0.470588235,0.529411765,46.66666667,0.5,18,0.0,2,3,10,0.0,1,3,legitimate,0
5232.0,0,0.020547945,0.979452055,0.0,0.333333333,26,0.0,2,8,19,0.0,1,1,legitimate,0
5075.0,3,0.757575758,0.242424242,70.0,0.0,62,0.0161290319999999,8,10,12,5.1428571430000005,1,1,phishing,1
5075.0,0,0.5,0.5,0.0,0.0,44,0.0,6,6,17,4.0,1,0,phishing,1
5778.0,0,0.166666667,0.833333333,0.0,0.75,33,0.0,3,10,25,0.0,1,3,legitimate,0
6381.0,0,1.0,0.0,0.0,0.0,38,0.105263158,2,18,30,0.0,1,0,phishing,1
12124.0,0,0.064516129,0.935483871,44.44444444,0.2,120,0.0,17,9,13,5.666666667,0,8,legitimate,0
213.0,0,0.413793103,0.5862068970000001,16.66666667,0.666666667,77,0.0,7,17,13,8.166666667000001,1,4,phishing,1
168.0,0,0.0,0.0,0.0,0.0,39,0.051282051,3,18,26,5.0,1,3,phishing,1
100.0,0,0.153846154,0.846153846,0.0,0.0,56,0.0,7,14,18,4.166666667,1,0,phishing,1
9094.0,0,0.395225464,0.604774536,0.0,0.040268456,41,0.0,5,7,15,5.0,1,3,legitimate,0
3566.0,0,0.0,1.0,0.0,0.0,96,0.0,9,21,10,8.875,1,1,phishing,1
3366.0,0,0.15862069,0.84137931,91.52542373,0.260869565,81,0.098765432,12,10,16,4.6,1,3,legitimate,0
3916.0,0,0.0,1.0,100.0,0.0,41,0.341463415,2,22,33,0.0,1,2,phishing,1
1186.0,0,0.0,0.0,0.0,0.0,28,0.035714286,3,6,11,4.0,1,1,phishing,1
5627.0,0,0.818181818,0.181818182,25.0,0.277777778,79,0.0,7,30,47,7.0,1,2,phishing,1
1163.0,0,0.0,0.0,0.0,0.0,436,0.587155963,14,288,11,31.15384615,1,23,phishing,1
1015.0,0,0.967741935,0.032258065,0.0,0.1,46,0.0,7,5,19,4.0,0,0,phishing,1
7586.0,0,0.005434783,0.994565217,91.66666667,0.0,50,0.0,4,14,22,9.5,1,4,legitimate,0
5075.0,0,0.086956522,0.913043478,100.0,0.0,83,0.012048193,10,15,13,5.666666667,1,1,phishing,1
2130.0,3,0.8666666670000001,0.133333333,0.0,0.461538462,46,0.0,6,12,16,3.6,1,0,phishing,1
1546.0,1,0.8669950740000001,0.133004926,6.666666667,0.034090909,44,0.113636364,4,13,26,4.5,1,5,phishing,1
3744.0,0,0.588235294,0.411764706,50.0,0.1,155,0.632258065,9,98,6,16.625,1,5,phishing,1
21.0,0,0.0,1.0,0.0,0.0,42,0.047619048,4,15,19,4.0,1,0,phishing,1
1077.0,0,0.429447853,0.570552147,0.0,0.028571429,22,0.0,2,7,14,0.0,1,3,phishing,1
5075.0,0,0.0,1.0,0.0,0.0,43,0.0,2,17,17,17.0,1,3,phishing,1
7448.0,0,0.0,0.0,0.0,0.0,93,0.064516129,12,11,31,5.0,1,2,legitimate,0
5075.0,0,0.0,0.0,0.0,0.0,24,0.041666667,2,6,17,0.0,1,0,phishing,1
2346.0,0,0.101694915,0.898305085,33.33333333,0.5,52,0.0,4,10,26,8.0,0,0,legitimate,0
610.0,0,1.0,0.0,0.0,0.095238095,63,0.126984127,10,12,23,3.714285714,1,1,legitimate,0
2098.0,0,1.0,0.0,0.0,0.142857143,47,0.042553191,5,11,10,6.25,1,0,phishing,1
7688.0,0,0.0,0.0,0.0,0.0,36,0.0,5,7,15,3.666666667,1,4,phishing,1
3993.0,0,0.0,1.0,100.0,0.0,120,0.125,12,17,42,7.375,1,3,phishing,1
5616.0,0,0.772727273,0.227272727,100.0,0.0,55,0.254545455,4,30,47,0.0,1,3,phishing,1
5250.0,0,0.214285714,0.7857142859999999,0.0,0.5,25,0.0,2,8,16,0.0,0,4,legitimate,0
4003.0,0,0.0,1.0,100.0,0.0,127,0.157480315,13,17,50,7.375,1,4,phishing,1
5075.0,0,0.25,0.75,0.0,0.0,54,0.203703704,11,17,14,5.714285714,1,2,phishing,1
9185.0,0,0.334951456,0.665048544,0.0,0.028985507,40,0.0,4,9,17,7.0,0,3,legitimate,0
9635.0,0,0.2760180999999999,0.7239819000000001,0.0,0.204918033,45,0.0,5,8,12,7.0,0,3,legitimate,0
3993.0,0,0.0,1.0,100.0,0.0,117,0.196581197,11,17,42,8.142857142999999,1,1,phishing,1
5584.0,0,0.274725275,0.725274725,11.11111111,0.0,47,0.0,7,9,16,3.8,1,4,legitimate,0
5627.0,0,0.80952381,0.19047619,25.0,0.294117647,71,0.0845070419999999,9,17,38,7.666666667,1,1,phishing,1
6083.0,0,0.8,0.2,0.0,1.0,38,0.0,4,10,13,5.0,1,0,phishing,1
8989.0,0,0.938709677,0.061290323,15.30612245,0.034364261,21,0.0,2,5,13,0.0,0,3,legitimate,0
1.0,0,0.142857143,0.857142857,0.0,1.0,146,0.123287671,24,11,29,4.19047619,1,1,phishing,1
3992.0,0,0.0,1.0,100.0,0.0,126,0.182539683,13,17,50,7.375,1,2,phishing,1
6258.0,0,0.5,0.5,0.0,0.0,37,0.0,3,10,18,10.0,1,3,phishing,1
8142.0,0,0.0,0.0,0.0,0.0,69,0.028985507,9,13,19,6.166666667,1,4,legitimate,0
5616.0,0,0.80952381,0.19047619,25.0,0.176470588,57,0.070175439,8,9,26,4.75,1,1,phishing,1
2300.0,2,0.454545455,0.545454545,60.0,0.0,93,0.215053763,9,32,22,8.142857142999999,1,3,phishing,1
5075.0,0,0.187969925,0.812030075,55.0,0.08,29,0.0,1,15,22,0.0,1,1,legitimate,0
2528.0,0,0.0,1.0,0.0,0.0,52,0.0,5,17,23,10.0,1,0,phishing,1
8332.0,0,0.33126935,0.66873065,16.66666667,0.037383178,34,0.058823529,4,6,13,5.5,1,3,legitimate,0
1175.0,0,0.515151515,0.484848485,20.0,0.117647059,17,0.0,1,6,10,0.0,0,0,legitimate,0
8019.0,1,0.884615385,0.115384615,0.0,0.0,132,0.03030303,13,36,29,8.3,1,2,phishing,1
1509.0,0,0.2,0.8,92.30769231,0.0,28,0.0,2,12,20,0.0,0,3,legitimate,0
9647.0,0,0.016666667,0.983333333,90.90909091,0.5,48,0.0,4,10,20,9.0,0,1,legitimate,0
8181.0,0,0.044117647,0.955882353,0.0,0.0,55,0.0,5,11,47,0.0,1,0,legitimate,0
5075.0,1,0.857142857,0.142857143,0.0,0.0,45,0.0,6,7,9,4.8,1,0,phishing,1
5075.0,0,0.008928571,0.991071429,71.42857143,0.0,26,0.0,2,11,6,11.0,1,0,phishing,1
5160.0,0,0.25,0.75,0.0,0.0,32,0.0,2,14,25,0.0,1,1,legitimate,0
5667.0,0,0.009950249,0.990049751,75.0,1.0,56,0.017857143,8,8,15,4.5,0,3,legitimate,0
6670.0,0,0.415841584,0.5841584160000001,11.53846154,0.0,48,0.041666667,5,11,19,6.333333333,1,3,legitimate,0
6890.0,0,0.0,1.0,0.0,0.0,56,0.0,6,18,26,4.25,1,4,legitimate,0
5075.0,0,1.0,0.0,0.0,0.0,37,0.0,3,13,28,0.0,1,0,phishing,1
2132.0,0,0.423728814,0.576271186,80.0,0.0,50,0.0,4,10,31,10.0,1,0,legitimate,0
7557.0,0,0.4,0.6,50.0,0.2,17,0.0,1,5,8,0.0,0,0,legitimate,0
1589.0,6,0.966666667,0.033333333,7.142857143,0.0,127,0.039370079,14,15,19,6.692307692000001,1,4,phishing,1
8018.0,0,0.0,1.0,100.0,0.0,34,0.0,4,9,17,4.0,1,3,legitimate,0
7042.0,0,0.0,0.0,0.0,0.0,67,0.149253731,8,9,23,5.166666667,1,1,legitimate,0
7083.0,0,1.0,0.0,0.0,0.0,265,0.132075472,9,200,27,31.85714286,1,10,phishing,1
3588.0,0,0.036363636,0.963636364,80.0,0.5,39,0.0,4,10,18,5.5,0,3,legitimate,0
5075.0,0,0.060606061,0.939393939,79.48717949,0.428571429,33,0.0,4,8,15,4.5,0,4,legitimate,0
5521.0,2,0.333333333,0.666666667,0.0,0.0,162,0.25308642,8,75,9,19.71428571,0,5,phishing,1
4012.0,0,0.692307692,0.307692308,71.05263158,0.037037037,78,0.038461538,9,18,26,5.285714286,1,4,legitimate,0
847.0,0,0.307692308,0.692307692,100.0,0.0,66,0.0,7,10,22,6.4,0,1,legitimate,0
5035.0,0,0.0,1.0,100.0,0.0,108,0.0,14,11,18,5.916666667,1,5,phishing,1
7090.0,0,0.444444444,0.5555555560000001,75.0,0.0,25,0.0,2,8,16,0.0,0,4,legitimate,0
561.0,0,0.0,0.0,0.0,0.0,28,0.0,3,6,19,0.0,1,0,phishing,1
5302.0,0,0.0,0.0,0.0,0.0,47,0.127659574,5,10,14,5.25,1,0,phishing,1
4618.0,0,0.666666667,0.333333333,0.0,1.0,33,0.0,3,8,21,4.0,1,1,phishing,1
5.0,1,0.7222222220000001,0.277777778,0.0,0.057692308,69,0.0,7,15,20,7.4,1,1,phishing,1
3153.0,0,0.5,0.5,0.0,1.0,46,0.0,4,16,24,6.0,1,4,phishing,1
1484.0,1,0.1,0.9,0.0,0.5,106,0.08490566,12,11,30,6.555555556,1,3,phishing,1
2344.0,0,0.191358025,0.808641975,61.53846154,0.35483871,62,0.0,6,10,26,6.0,0,3,legitimate,0
8649.0,0,0.018867925,0.981132075,72.72727273,0.333333333,32,0.0,2,15,23,0.0,1,4,legitimate,0
4429.0,0,0.088435374,0.911564626,33.33333333,0.0,55,0.0,6,17,25,4.25,1,3,legitimate,0
819.0,0,0.0,1.0,100.0,0.0,39,0.076923077,4,7,31,0.0,1,0,phishing,1
5850.0,0,0.0,0.0,0.0,0.0,56,0.321428571,3,32,15,32.0,1,4,phishing,1
3153.0,0,0.0,0.0,0.0,0.0,52,0.038461538,5,14,18,5.5,1,0,phishing,1
7132.0,0,0.0625,0.9375,67.97385621,0.530612245,44,0.0,5,9,16,5.666666667,0,0,legitimate,0
12123.0,0,0.073170732,0.926829268,57.14285714,0.222222222,130,0.107692308,17,19,13,6.333333333,0,6,legitimate,0
5075.0,0,0.063651591,0.936348409,2.777777778,0.210526316,22,0.0,2,6,14,0.0,1,3,legitimate,0
3354.0,0,0.045454545,0.954545455,50.0,0.375,23,0.0,2,6,14,0.0,0,3,legitimate,0
5075.0,0,0.0,0.0,0.0,0.0,49,0.081632653,6,12,7,6.0,1,6,legitimate,0
194.0,0,0.230769231,0.7692307690000001,0.0,0.0,58,0.0,6,13,15,6.2,1,1,phishing,1
5075.0,1,0.0,0.0,0.0,0.0,81,0.024691358,14,8,18,3.666666667,1,0,legitimate,0
6190.0,0,0.142857143,0.857142857,0.0,0.0,22,0.0,2,6,13,0.0,0,4,legitimate,0
4566.0,1,0.0,0.0,0.0,0.0,42,0.0,5,9,21,3.666666667,1,1,phishing,1
1825.0,0,0.581632653,0.4183673470000001,31.25,0.01754386,75,0.0,9,13,13,6.714285714,1,4,legitimate,0
3482.0,0,0.068965517,0.931034483,66.66666667,0.5,71,0.0,10,14,22,4.125,1,4,legitimate,0
4141.0,0,0.540816327,0.459183673,36.36363636,0.037735849,26,0.0,2,10,17,0.0,0,3,legitimate,0
8018.0,0,0.727272727,0.272727273,0.0,0.0,276,0.206521739,26,43,24,9.52173913,1,10,phishing,1
5957.0,0,0.787234043,0.212765957,21.27659574,0.837837838,57,0.0,6,10,16,7.5,0,0,legitimate,0
2563.0,0,0.0,1.0,100.0,0.0,55,0.072727273,6,13,21,5.75,1,3,phishing,1
5160.0,0,0.25,0.75,0.0,0.0,25,0.0,2,7,18,0.0,1,1,legitimate,0
5075.0,0,0.028571429,0.971428571,50.0,0.0,36,0.333333333,11,5,15,3.285714286,1,2,phishing,1
8444.0,0,0.176470588,0.8235294120000001,39.39393939,0.666666667,95,0.126315789,12,13,13,6.5,1,3,legitimate,0
5075.0,0,0.375,0.625,0.0,0.222222222,22,0.090909091,2,8,6,8.0,1,0,phishing,1
363.0,0,0.166666667,0.833333333,0.0,1.0,21,0.095238095,1,10,14,0.0,0,0,phishing,1
4185.0,0,0.040816327,0.959183673,0.0,0.5,25,0.0,2,9,17,0.0,1,3,legitimate,0
5075.0,0,0.0,0.0,0.0,0.0,42,0.0,3,17,33,0.0,1,3,phishing,1
6720.0,0,0.106796117,0.893203883,75.75757576,0.0,34,0.0,4,7,15,5.0,1,3,legitimate,0
3992.0,0,0.0,1.0,100.0,0.0,128,0.140625,13,17,50,7.375,1,4,phishing,1
6321.0,0,0.198019802,0.801980198,100.0,0.0,35,0.0,4,8,12,7.0,0,3,legitimate,0
4633.0,0,0.0,0.0,0.0,0.0,35,0.0,4,8,19,3.5,1,1,phishing,1
5075.0,0,0.227848101,0.772151899,50.0,0.277777778,24,0.0,2,4,15,0.0,1,3,legitimate,0
5075.0,0,0.95,0.05,16.66666667,0.1578947369999999,25,0.0,2,7,17,0.0,1,4,legitimate,0
4933.0,0,0.0,0.0,0.0,0.0,36,0.0,3,12,20,7.0,1,4,phishing,1
3297.0,0,0.716666667,0.283333333,0.0,0.325581395,46,0.0,5,15,19,4.0,1,0,phishing,1
5075.0,0,0.064343164,0.935656836,64.1509434,0.458333333,24,0.0,2,8,15,0.0,0,3,legitimate,0
7458.0,0,0.193548387,0.806451613,33.33333333,0.0,46,0.0,5,12,20,5.333333333,0,4,legitimate,0
12029.0,0,0.0,0.0,0.0,0.0,78,0.192307692,12,11,22,5.125,1,1,legitimate,0
4299.0,0,0.565217391,0.434782609,38.46153846,0.230769231,100,0.06,14,11,19,5.083333333,1,6,legitimate,0
5075.0,0,0.357142857,0.642857143,62.79069767,0.35,29,0.0,2,10,21,0.0,0,3,legitimate,0
5075.0,0,0.1268656719999999,0.873134328,14.28571429,0.352941176,64,0.0,7,9,14,7.4,0,4,legitimate,0
8619.0,0,0.55,0.45,36.95652174,0.285714286,34,0.0,5,5,12,4.0,0,3,legitimate,0
1079.0,0,0.0,1.0,0.0,0.0,65,0.046153846,9,10,7,4.875,1,1,phishing,1
1016.0,0,0.967741935,0.032258065,0.0,0.1,94,0.234042553,7,32,28,18.33333333,0,4,phishing,1
812.0,0,0.0,0.0,0.0,0.0,30,0.033333333,4,6,14,3.5,1,3,phishing,1
9285.0,0,0.511904762,0.488095238,35.71428571,0.023255814,48,0.0,5,10,15,7.333333333,1,3,legitimate,0
3310.0,0,0.0,0.0,0.0,0.0,56,0.0,8,12,15,3.857142857,1,0,phishing,1
3380.0,0,0.625,0.375,16.66666667,0.8,74,0.121621622,12,10,18,3.8,1,7,legitimate,0
7681.0,0,0.590909091,0.409090909,0.0,0.923076923,72,0.291666667,4,40,9,17.66666667,1,6,phishing,1
2959.0,0,0.375,0.625,0.0,0.0,30,0.0,2,11,10,11.0,1,1,legitimate,0
3993.0,0,0.0,1.0,100.0,0.0,124,0.1693548389999999,12,17,50,8.142857142999999,1,3,phishing,1
4622.0,0,0.05952381,0.94047619,37.5,0.6,26,0.0,2,10,18,0.0,0,3,legitimate,0
5075.0,0,0.02238806,0.97761194,87.5,0.0,83,0.096385542,14,8,10,4.5,0,6,legitimate,0
5075.0,0,0.348837209,0.651162791,77.27272727,0.133333333,130,0.0,14,26,34,6.416666667,1,5,legitimate,0
6753.0,0,0.2,0.8,0.0,0.0,32,0.0,3,8,11,5.5,0,0,phishing,1
5075.0,0,1.0,0.0,0.0,0.222222222,25,0.0,2,5,16,0.0,0,3,legitimate,0
8638.0,0,0.045454545,0.954545455,0.0,0.5,32,0.03125,5,5,13,2.666666667,1,0,legitimate,0
1709.0,2,0.05,0.95,100.0,0.0,51,0.0,6,12,16,4.4,1,1,phishing,1
72.0,0,0.0,0.0,0.0,0.0,30,0.0,3,11,22,0.0,1,0,phishing,1
5075.0,0,0.0,1.0,100.0,0.0,26,0.384615385,9,5,13,3.0,1,6,phishing,1
7523.0,0,0.196969697,0.803030303,60.0,0.038461538,58,0.0,5,18,26,7.333333333,0,4,legitimate,0
0.0,0,0.0,1.0,100.0,0.0,46,0.0,4,12,16,6.666666667,1,1,phishing,1
6737.0,0,0.0,1.0,100.0,0.0,22,0.045454545,3,4,14,0.0,1,0,phishing,1
4826.0,0,0.051724138,0.948275862,25.0,0.666666667,48,0.0,5,12,20,6.0,0,3,legitimate,0
5075.0,0,0.244186047,0.755813953,66.66666667,0.19047619,52,0.0,6,13,20,4.25,1,3,phishing,1
4487.0,0,0.833333333,0.166666667,9.090909091,0.2,51,0.0,5,12,20,6.333333333,1,3,phishing,1
3473.0,1,0.4,0.6,50.0,0.0,45,0.0,6,7,23,6.5,1,3,phishing,1
6678.0,0,0.06993007,0.93006993,77.77777778,0.0,46,0.108695652,6,12,20,3.75,1,3,phishing,1
4460.0,0,0.0,0.0,0.0,0.0,38,0.0,3,18,26,3.0,1,3,phishing,1
8032.0,0,0.457142857,0.542857143,14.28571429,0.125,61,0.0,9,7,11,5.0,0,3,legitimate,0
5075.0,3,0.0,0.0,0.0,0.0,59,0.0,8,18,21,3.428571429,1,1,phishing,1
5363.0,0,0.063829787,0.936170213,62.5,0.666666667,32,0.0,2,15,23,0.0,0,3,legitimate,0
5075.0,0,0.0,0.0,0.0,0.0,53,0.490566038,3,32,13,32.0,1,4,phishing,1
8515.0,0,0.597560976,0.402439024,100.0,0.0,45,0.0,3,20,16,20.0,0,4,legitimate,0
5075.0,0,0.211111111,0.7888888890000001,85.71428571,0.0,34,0.029411765,3,12,20,6.0,1,0,phishing,1
256.0,1,1.0,0.0,0.0,0.0,34,0.176470588,4,7,21,5.0,1,1,phishing,1
4203.0,0,0.448275862,0.551724138,37.5,0.0,36,0.0,2,16,24,0.0,1,3,phishing,1
5044.0,0,0.055555556,0.944444444,91.52542373,0.0,67,0.0,7,14,22,6.6,0,3,legitimate,0
6606.0,0,0.120689655,0.879310345,0.0,0.214285714,41,0.024390244,4,10,23,4.0,0,0,phishing,1
1630.0,0,0.0,0.0,0.0,0.0,41,0.0,3,21,25,3.5,1,2,phishing,1
5228.0,0,0.075376884,0.924623116,25.0,0.333333333,80,0.0,7,21,32,7.0,1,3,legitimate,0
5075.0,2,0.0,1.0,0.0,0.0,38,0.078947368,5,9,16,4.0,1,0,phishing,1
798.0,0,0.988071571,0.011928429,4.166666667,0.016096579,403,0.406947891,106,40,12,2.638095238,1,8,phishing,1
7297.0,0,0.913043478,0.086956522,0.0,0.047619048,29,0.0,2,8,20,0.0,1,2,phishing,1
3420.0,0,0.0,1.0,0.0,0.0,59,0.033898305,8,7,11,4.714285714,1,1,phishing,1
3647.0,0,0.516224189,0.483775811,21.7877095,0.068571429,102,0.058823529,14,9,13,5.230769231,1,1,legitimate,0
5627.0,0,0.818181818,0.181818182,25.0,0.277777778,73,0.0,9,17,40,7.666666667,1,1,phishing,1
295.0,0,0.0,0.0,0.0,0.0,44,0.0,4,8,36,0.0,1,2,phishing,1
4159.0,0,0.305084746,0.6949152540000001,50.0,0.166666667,43,0.0,4,13,21,6.0,1,4,phishing,1
3992.0,0,0.0,1.0,100.0,0.0,127,0.181102362,13,17,50,7.375,1,2,phishing,1
2424.0,0,0.196428571,0.8035714290000001,38.46153846,0.545454545,24,0.125,2,7,15,0.0,1,6,legitimate,0
5075.0,0,0.038216561,0.961783439,0.0,0.0,26,0.0,2,10,17,0.0,1,3,legitimate,0
3691.0,0,0.264150943,0.735849057,0.0,0.0,30,0.0,2,14,22,0.0,1,3,legitimate,0
7047.0,0,0.112,0.888,0.0,0.0,72,0.013888889,9,14,20,5.1428571430000005,1,4,legitimate,0
1124.0,0,0.0,1.0,0.0,0.0,31,0.0,2,15,23,0.0,0,4,legitimate,0
7132.0,0,0.088188976,0.911811024,70.05347594,0.053571429,52,0.0,6,9,16,6.0,0,0,legitimate,0
5075.0,1,0.8,0.2,0.0,0.125,64,0.0,7,12,17,6.6,1,0,phishing,1
5075.0,0,0.264705882,0.735294118,66.66666667,0.333333333,18,0.0,1,4,11,0.0,0,0,legitimate,0
8741.0,0,0.283333333,0.716666667,86.20689655,0.0,36,0.0,5,7,15,3.666666667,1,4,legitimate,0
986.0,1,0.238095238,0.761904762,0.0,0.2,536,0.171641791,18,115,24,30.5,1,25,phishing,1
8983.0,0,1.0,0.0,0.0,0.0,59,0.06779661,8,9,13,5.5,1,4,legitimate,0
6070.0,0,0.253521127,0.7464788729999999,34.09090909,0.125,57,0.0,7,8,18,5.4,1,0,legitimate,0
6858.0,0,0.15625,0.84375,17.85714286,0.04,51,0.0,6,15,23,4.25,1,3,legitimate,0
5656.0,2,0.655172414,0.344827586,32.3943662,0.684210526,49,0.0,6,9,10,5.4,1,1,phishing,1
885.0,0,0.0,1.0,0.0,0.0,45,0.0,5,13,24,3.333333333,1,3,phishing,1
8053.0,0,0.013157895,0.986842105,100.0,0.0,46,0.0,5,10,18,6.0,0,3,legitimate,0
5352.0,0,0.0,1.0,100.0,0.0,25,0.0,2,8,16,0.0,0,3,legitimate,0
4486.0,0,0.063829787,0.936170213,70.0,0.0,58,0.0,7,10,18,5.6,1,3,legitimate,0
8964.0,0,0.234404537,0.7655954629999999,93.02325581,0.0080645159999999,36,0.194444444,4,9,12,7.0,0,5,legitimate,0
9286.0,0,0.538461538,0.461538462,0.0,0.142857143,119,0.0,16,12,12,6.071428571,0,4,legitimate,0
12426.0,1,0.0,0.0,0.0,0.0,81,0.12345679,15,9,21,3.416666667,1,1,legitimate,0
3228.0,4,1.0,0.0,0.0,0.0,62,0.0,8,8,14,5.666666667,1,0,phishing,1
7490.0,0,0.174418605,0.825581395,13.33333333,0.4,44,0.0,4,12,20,7.5,1,3,legitimate,0
5670.0,0,0.8,0.2,100.0,0.0,132,0.181818182,19,15,30,4.529411765,1,6,phishing,1
1972.0,0,0.0,0.0,0.0,0.0,101,0.118811881,11,13,28,6.333333333,1,1,phishing,1
3890.0,0,0.84,0.16,0.0,0.0,35,0.0,3,9,16,9.0,0,0,legitimate,0
5075.0,1,0.0,0.0,0.0,0.0,42,0.0,5,15,22,3.333333333,1,5,phishing,1
8370.0,0,0.042194093,0.957805907,81.48148148,0.1,25,0.0,2,8,16,0.0,0,3,legitimate,0
6991.0,0,0.121621622,0.878378378,66.66666667,0.166666667,38,0.0,5,6,14,4.333333333,0,3,legitimate,0
6735.0,0,0.7124183009999999,0.287581699,28.66666667,0.7247706420000001,61,0.016393443,9,11,20,3.285714286,1,1,phishing,1
5075.0,0,0.1,0.9,100.0,0.0,42,0.0,5,10,8,5.75,0,0,phishing,1
7087.0,0,0.014168531,0.985831469,96.50793651,0.210526316,27,0.0,2,11,18,0.0,0,4,legitimate,0
5075.0,0,0.047393365,0.952606635,98.03921569,0.1,45,0.111111111,6,8,14,5.0,0,2,legitimate,0
5075.0,0,0.081784387,0.918215613,91.30434783,0.272727273,27,0.111111111,3,8,8,4.5,1,0,phishing,1
3993.0,0,0.0,1.0,100.0,0.0,128,0.109375,13,17,50,7.375,1,2,phishing,1
4019.0,0,0.141732283,0.858267717,11.11111111,0.444444444,53,0.0,5,13,28,7.5,1,4,legitimate,0
219.0,0,0.0,1.0,0.0,0.0,61,0.0,4,24,28,7.333333333,1,0,phishing,1
5075.0,1,0.666666667,0.333333333,0.0,0.0,48,0.0,5,9,12,6.0,1,0,phishing,1
5891.0,0,0.0,1.0,0.0,0.0,36,0.0,3,9,17,9.0,0,3,legitimate,0
8348.0,2,1.0,0.0,0.0,0.0,57,0.01754386,7,11,16,5.6,0,1,phishing,1
25.0,0,0.0,0.0,0.0,0.0,41,0.0,6,7,16,3.25,1,0,phishing,1
7667.0,0,0.186666667,0.813333333,75.0,0.428571429,44,0.0,3,14,21,14.0,1,3,legitimate,0
2350.0,0,0.0,1.0,0.0,0.0,55,0.0,10,8,9,3.111111111,0,1,phishing,1
7497.0,0,0.857142857,0.142857143,100.0,0.0,23,0.0,2,6,15,0.0,1,0,phishing,1
3992.0,0,0.0,1.0,100.0,0.0,127,0.078740157,13,17,50,7.375,1,5,phishing,1
5160.0,0,0.375,0.625,100.0,0.0,38,0.078947368,3,14,25,1.0,1,0,legitimate,0
8415.0,0,0.0,0.0,0.0,0.0,63,0.063492063,7,16,55,0.0,1,3,phishing,1
5159.0,0,0.6,0.4,0.0,0.666666667,72,0.055555556,12,10,14,4.0,0,4,legitimate,0
4003.0,0,0.0,1.0,100.0,0.0,135,0.148148148,13,17,50,8.375,1,3,phishing,1
5075.0,0,0.3,0.7,0.0,0.5555555560000001,32,0.0,4,7,17,3.0,1,3,phishing,1
5075.0,4,0.0,1.0,100.0,0.0,50,0.22,12,8,14,4.375,1,0,phishing,1
3381.0,0,0.0,0.0,0.0,0.0,83,0.096385542,11,20,23,5.625,1,1,phishing,1
8348.0,1,0.62962963,0.37037037,0.0,0.0,99,0.090909091,7,56,15,14.2,1,2,phishing,1
2428.0,2,0.166666667,0.833333333,0.0,0.0,64,0.125,9,8,11,5.428571429,1,4,phishing,1
4633.0,0,0.079545455,0.920454545,66.66666667,0.285714286,28,0.0,2,13,20,0.0,1,5,legitimate,0
10604.0,0,0.047085202,0.952914798,77.04918033,0.0,56,0.0,6,9,18,6.5,0,1,legitimate,0
7295.0,0,0.928571429,0.071428571,14.28571429,0.846153846,37,0.054054054,2,15,28,0.0,1,0,phishing,1
5075.0,1,0.1,0.9,100.0,0.0,36,0.0,2,16,20,8.0,1,0,phishing,1
7132.0,0,0.028419183,0.971580817,50.0,0.375,41,0.0,5,9,16,4.666666667,1,0,legitimate,0
6584.0,0,0.259259259,0.740740741,63.15789474,0.428571429,55,0.0,7,8,12,6.0,1,4,legitimate,0
9205.0,0,0.171717172,0.828282828,26.31578947,0.0,45,0.0,5,10,18,5.666666667,0,4,legitimate,0
5966.0,0,0.0,1.0,0.0,0.0,83,0.0,10,19,27,4.875,1,3,legitimate,0
5967.0,0,0.11026616,0.88973384,68.75,0.137931034,107,0.0,12,13,19,6.9,0,3,legitimate,0
8018.0,1,1.0,0.0,0.0,0.0,139,0.086330935,13,28,36,8.3,1,0,phishing,1
5441.0,0,0.409090909,0.590909091,20.0,0.222222222,67,0.164179104,10,8,20,3.875,1,2,legitimate,0
5167.0,0,0.020905923,0.979094077,50.0,0.166666667,24,0.0,2,6,16,0.0,1,3,legitimate,0
116.0,0,0.0,0.0,0.0,0.0,30,0.066666667,3,12,16,1.5,1,0,phishing,1
5075.0,0,0.081632653,0.918367347,89.65517241,0.0,29,0.0,2,14,6,14.0,1,0,legitimate,0
5075.0,0,0.0,1.0,0.0,0.0,34,0.029411765,4,13,16,2.0,1,0,phishing,1
4003.0,0,0.0,1.0,100.0,0.0,124,0.25,13,17,46,7.375,1,12,phishing,1
6430.0,0,0.037735849,0.962264151,77.77777778,0.0,42,0.0,4,11,17,7.5,0,0,legitimate,0
1756.0,1,0.6,0.4,0.0,0.0,30,0.0,3,8,22,0.0,1,1,phishing,1
2128.0,0,0.658536585,0.341463415,100.0,0.0,56,0.0,5,10,31,7.5,1,3,legitimate,0
7448.0,0,0.709090909,0.290909091,87.5,0.0,30,0.0,2,9,21,0.0,1,1,legitimate,0
5011.0,0,0.339622642,0.660377358,23.07692308,0.0,53,0.0,7,14,22,3.6,1,4,legitimate,0
2037.0,0,0.494949495,0.505050505,63.82978723,0.367346939,32,0.0,2,15,23,0.0,1,3,legitimate,0
8148.0,0,0.299516908,0.700483092,50.0,0.129032258,41,0.0,6,9,17,3.25,0,3,legitimate,0
6384.0,0,0.0,1.0,100.0,0.0,54,0.0,6,12,20,8.0,1,3,legitimate,0
3993.0,0,0.0,1.0,100.0,0.0,127,0.157480315,13,17,50,7.375,1,2,phishing,1
3543.0,0,0.166666667,0.833333333,0.0,0.0,60,0.0,10,7,22,4.166666667,1,3,legitimate,0
31.0,0,0.0,1.0,0.0,0.0,258,0.143410853,10,200,13,25.44444444,1,10,phishing,1
11046.0,0,0.004158004,0.995841996,100.0,0.0,59,0.0,7,9,23,6.25,1,1,legitimate,0
7834.0,0,0.240601504,0.759398496,26.66666667,0.25,53,0.0,5,10,23,10.0,0,4,legitimate,0
2345.0,0,0.142857143,0.857142857,76.92307692,0.333333333,69,0.043478261,7,10,26,6.0,0,0,legitimate,0
7881.0,0,0.368421053,0.6315789470000001,18.75,0.285714286,32,0.28125,4,5,9,4.0,1,0,legitimate,0
152.0,0,0.102272727,0.897727273,85.71428571,0.5555555560000001,69,0.376811594,3,32,27,32.0,1,6,phishing,1
7446.0,0,0.0,0.0,0.0,0.0,81,0.074074074,11,10,30,4.375,1,2,legitimate,0
5075.0,0,0.0,0.0,0.0,0.0,27,0.0,2,7,18,0.0,1,3,legitimate,0
539.0,2,0.0,0.0,0.0,0.0,197,0.365482234,11,64,16,16.3,1,1,phishing,1
4665.0,0,0.050561798,0.949438202,64.0,0.333333333,39,0.0,3,12,16,7.0,0,0,legitimate,0
8113.0,0,0.54,0.46,40.0,0.111111111,87,0.0,10,10,17,6.75,0,3,legitimate,0
6335.0,0,0.078125,0.921875,44.44444444,0.2,68,0.0,7,12,18,7.4,1,4,phishing,1
5075.0,0,0.1555555559999999,0.8444444440000001,9.090909091,0.142857143,25,0.0,2,10,17,0.0,0,3,legitimate,0
61.0,0,0.4,0.6,50.0,0.25,22,0.0,3,5,14,0.0,1,0,phishing,1
203.0,0,0.5,0.5,75.0,0.0,47,0.021276596,3,22,17,22.0,1,0,phishing,1
7026.0,0,0.0,1.0,100.0,0.0,31,0.0,2,10,14,8.0,1,2,legitimate,0
3993.0,0,0.0,1.0,100.0,0.0,128,0.203125,13,17,50,7.375,1,6,phishing,1
5902.0,2,0.838709677,0.161290323,0.0,0.0,51,0.0,5,13,17,5.75,1,1,phishing,1
5766.0,0,0.033333333,0.966666667,100.0,0.0,81,0.259259259,5,32,27,14.66666667,1,6,phishing,1
5075.0,0,0.0,0.0,0.0,0.0,49,0.0,3,23,31,9.0,1,4,phishing,1
7463.0,0,0.034482759,0.965517241,100.0,0.0,73,0.109589041,9,7,18,5.571428571,1,1,legitimate,0
2139.0,0,1.0,0.0,0.0,0.0,26,0.038461538,2,7,10,7.0,1,0,phishing,1
98.0,0,0.0,0.0,0.0,0.0,46,0.02173913,5,11,17,6.333333333,1,3,phishing,1
1534.0,1,0.0,0.0,0.0,0.0,47,0.0,6,9,13,5.25,1,1,phishing,1
6074.0,0,0.290322581,0.709677419,23.80952381,0.037037037,47,0.0,5,10,20,5.666666667,1,0,legitimate,0
2391.0,0,0.181818182,0.818181818,72.22222222,0.3,48,0.0,6,8,16,5.25,0,3,legitimate,0
567.0,0,0.0,1.0,100.0,0.0,69,0.043478261,8,12,16,5.285714286,1,0,phishing,1
7840.0,0,0.073891626,0.926108374,0.0,0.0,71,0.0,9,10,16,5.857142857,0,3,legitimate,0
5075.0,3,0.6,0.4,0.0,0.666666667,117,0.017094017,22,6,13,3.6,1,9,phishing,1
7544.0,0,0.111111111,0.8888888890000001,72.34042553,0.1875,23,0.0,2,5,15,0.0,1,3,legitimate,0
5964.0,1,0.0,1.0,0.0,0.0,156,0.141025641,13,75,11,10.33333333,1,4,phishing,1
6965.0,0,0.220338983,0.779661017,0.0,0.038461538,27,0.0,2,10,18,0.0,1,3,legitimate,0
6107.0,0,0.40625,0.59375,100.0,0.153846154,23,0.0,2,6,14,0.0,1,3,legitimate,0
3065.0,4,0.111111111,0.8888888890000001,100.0,0.0,114,0.043859649,14,10,17,6.333333333,1,7,phishing,1
3639.0,0,0.0,1.0,0.0,0.0,52,0.057692308,4,18,22,6.666666667,1,1,phishing,1
6779.0,0,0.02173913,0.97826087,0.0,0.0,36,0.0,4,9,15,6.0,1,3,legitimate,0
3973.0,0,0.0,0.0,0.0,0.0,85,0.0,9,19,27,6.142857143,1,3,legitimate,0
1252.0,2,0.0,0.0,0.0,0.0,53,0.037735849,7,13,17,3.5,1,0,phishing,1
2418.0,2,1.0,0.0,0.0,0.0,45,0.022222222,6,6,12,4.2,1,0,phishing,1
5696.0,0,0.242857143,0.7571428570000001,0.0,0.058823529,41,0.1707317069999999,4,9,16,8.0,0,4,legitimate,0
5075.0,0,0.014705882,0.985294118,0.0,0.0,32,0.0,2,13,24,0.0,0,3,phishing,1
330.0,0,0.333333333,0.666666667,100.0,0.0,43,0.046511628,4,14,18,4.666666667,1,1,phishing,1
8829.0,0,0.151515152,0.848484848,20.0,0.0,51,0.0,8,9,15,3.833333333,0,6,legitimate,0
5075.0,1,0.0,1.0,100.0,0.0,44,0.25,12,6,14,3.625,1,6,phishing,1
2385.0,3,0.12962963,0.87037037,33.33333333,0.142857143,79,0.0,11,9,17,5.1111111110000005,1,4,phishing,1
8346.0,1,0.62962963,0.37037037,0.0,0.0,124,0.193548387,10,40,15,11.5,1,3,phishing,1
7662.0,0,0.133333333,0.8666666670000001,75.0,0.0,27,0.0,3,5,18,0.0,1,3,legitimate,0
1899.0,1,0.097744361,0.902255639,30.0,0.153846154,31,0.0,2,9,13,9.0,1,1,phishing,1
3359.0,0,0.142857143,0.857142857,0.0,0.0,20,0.05,2,4,7,4.0,1,0,phishing,1
8350.0,0,0.368421053,0.6315789470000001,28.57142857,0.285714286,67,0.044776119,9,7,17,5.0,0,2,legitimate,0
5222.0,0,0.470588235,0.529411765,59.09090909,0.0,96,0.0625,13,11,19,5.363636364,1,5,legitimate,0
4471.0,0,0.06,0.94,0.0,0.0,64,0.109375,7,13,28,4.8,1,1,phishing,1
4525.0,0,0.422442244,0.577557756,0.0,0.8515625,35,0.0,2,19,27,0.0,1,5,legitimate,0
5075.0,0,0.0,0.0,0.0,0.0,246,0.203252033,15,53,68,17.55555556,1,7,phishing,1
3544.0,0,0.0,1.0,0.0,0.0,33,0.0,3,12,16,4.0,1,0,phishing,1
5075.0,0,0.220238095,0.779761905,24.32432432,0.378378378,22,0.0,1,8,15,0.0,1,0,legitimate,0
3104.0,2,0.0,1.0,0.0,0.0,62,0.0161290319999999,6,13,27,5.75,1,1,legitimate,0
5776.0,0,0.093023256,0.906976744,50.0,0.4166666670000001,25,0.0,2,10,18,0.0,0,3,legitimate,0
2312.0,0,0.891566265,0.108433735,1.515151515,0.8513513509999999,26,0.0,2,10,18,0.0,1,3,legitimate,0
5075.0,5,0.066666667,0.933333333,85.71428571,1.0,230,0.4,14,64,23,14.38461538,1,9,phishing,1
8443.0,0,0.162790698,0.837209302,61.53846154,0.428571429,71,0.0,9,11,14,5.857142857,0,3,legitimate,0
4915.0,0,0.480769231,0.519230769,31.42857143,0.9,45,0.0,6,10,14,5.0,0,5,legitimate,0
5232.0,0,0.0123456789999999,0.987654321,100.0,0.0,31,0.032258065,2,11,22,0.0,1,2,legitimate,0
8246.0,0,0.059701493,0.940298507,100.0,0.0,43,0.0,4,12,20,7.0,0,3,legitimate,0
5075.0,0,0.096774194,0.903225806,0.0,0.0,21,0.0,2,4,12,0.0,0,3,legitimate,0
5075.0,0,0.065217391,0.934782609,100.0,0.0,27,0.0,2,12,6,12.0,0,1,legitimate,0
5797.0,0,0.32183908,0.67816092,13.04347826,0.285714286,82,0.109756098,11,10,14,5.1,1,1,legitimate,0
4329.0,0,0.0,1.0,100.0,0.0,229,0.213973799,29,17,17,6.592592592999999,0,10,phishing,1
1190.0,0,0.108433735,0.891566265,0.0,0.222222222,30,0.0,3,9,17,5.0,0,0,phishing,1
3992.0,0,0.0,1.0,100.0,0.0,126,0.150793651,13,17,50,7.375,1,2,phishing,1
5212.0,0,0.229166667,0.770833333,16.66666667,0.272727273,43,0.0,4,12,20,7.0,1,3,phishing,1
8287.0,0,0.333333333,0.666666667,60.0,0.0,22,0.0,2,5,13,0.0,0,3,legitimate,0
7264.0,3,0.0,1.0,0.0,0.0,64,0.0,8,9,16,5.833333333,1,3,phishing,1
12048.0,0,0.0,0.0,0.0,0.0,45,0.0,6,8,16,6.0,1,3,legitimate,0
5075.0,0,0.12,0.88,25.0,0.0,31,0.0,3,9,22,0.0,1,3,legitimate,0
2047.0,3,0.102272727,0.897727273,85.71428571,0.5555555560000001,107,0.196261682,10,32,19,9.0,1,10,phishing,1
4609.0,4,0.666666667,0.333333333,0.0,0.0,113,0.0,16,14,21,5.071428571,1,5,phishing,1
9203.0,0,0.233333333,0.7666666670000001,26.47058824,0.392857143,36,0.0,4,10,18,4.5,0,3,legitimate,0
2202.0,0,0.0,1.0,0.0,0.0,34,0.235294118,4,9,27,0.0,1,1,phishing,1
3537.0,0,0.26,0.74,50.0,0.153846154,24,0.0,2,8,15,0.0,0,3,legitimate,0
7740.0,0,0.0630323679999999,0.936967632,39.65517241,0.405405405,49,0.0,6,14,22,3.5,1,4,legitimate,0
3028.0,0,0.005769231,0.994230769,88.88888889,0.0,23,0.0,2,7,14,0.0,1,3,legitimate,0
5538.0,0,0.135135135,0.864864865,27.27272727,0.3,73,0.0,11,9,18,4.222222222,0,1,legitimate,0
5670.0,0,0.36,0.64,100.0,0.0,76,0.092105263,9,10,22,5.714285714,1,3,phishing,1
5075.0,0,0.35106383,0.64893617,50.0,0.0,24,0.0,2,5,16,0.0,1,4,legitimate,0
5075.0,0,0.173584906,0.826415094,3.125,0.195652174,25,0.0,2,9,16,0.0,0,3,legitimate,0
2916.0,0,0.08,0.92,100.0,0.0,26,0.0,2,12,16,2.0,1,0,phishing,1
1016.0,0,0.967741935,0.032258065,0.0,0.1,104,0.201923077,9,32,28,12.8,0,3,phishing,1
2116.0,1,0.0,0.0,0.0,0.0,38,0.026315789,5,7,11,4.0,1,0,phishing,1
7253.0,0,1.0,0.0,0.0,0.583333333,30,0.0,3,12,23,0.0,1,0,phishing,1
3540.0,0,0.125,0.875,0.0,0.111111111,30,0.0,2,14,21,0.0,0,3,legitimate,0
5075.0,0,0.272727273,0.727272727,100.0,0.0,43,0.0,4,14,17,5.0,1,0,phishing,1
5075.0,3,0.0,0.0,0.0,0.0,46,0.086956522,6,10,21,3.5,1,4,phishing,1
1658.0,0,0.795180723,0.204819277,83.33333333,0.015151515,26,0.0,2,9,17,0.0,0,3,legitimate,0
591.0,0,0.180555556,0.819444444,21.21212121,0.307692308,44,0.0,3,14,20,14.0,1,4,phishing,1
6207.0,0,0.574074074,0.425925926,35.48387097,0.516129032,44,0.0,6,7,15,4.25,1,4,legitimate,0
9464.0,0,0.0,0.0,0.0,0.0,44,0.0681818179999999,6,8,16,4.25,1,0,legitimate,0
5075.0,1,0.0,0.0,0.0,0.0,79,0.025316456,8,22,31,5.833333333,1,1,legitimate,0
5075.0,1,0.117647059,0.882352941,100.0,0.0,160,0.29375,19,41,14,9.266666667,1,17,phishing,1
4473.0,0,0.0,0.0,0.0,0.0,39,0.0,3,14,18,5.5,1,1,phishing,1
110.0,0,0.0,0.0,0.0,0.0,36,0.0,3,11,28,0.0,1,3,phishing,1
4778.0,0,0.0,0.0,0.0,0.0,37,0.0,4,9,13,4.333333333,1,1,phishing,1
5075.0,0,0.456521739,0.543478261,15.0,0.071428571,29,0.0,2,14,21,0.0,0,4,legitimate,0
7371.0,0,0.122605364,0.8773946359999999,89.86175115,0.71875,50,0.0,6,12,15,6.0,1,3,legitimate,0
5075.0,0,0.454545455,0.545454545,0.0,0.0,36,0.0,4,8,14,5.5,1,1,phishing,1
6433.0,0,0.042944785,0.957055215,87.71929825,0.285714286,42,0.0,4,11,17,7.5,0,0,legitimate,0
8756.0,3,0.238095238,0.761904762,0.0,0.0,102,0.0,14,11,19,5.333333333,1,5,phishing,1
9125.0,0,0.03,0.97,96.62162162,0.333333333,43,0.255813953,7,4,12,3.8,1,4,legitimate,0
6318.0,0,0.765957447,0.234042553,1.515151515,0.0,38,0.026315789,3,12,17,12.0,1,4,legitimate,0
3993.0,0,0.0,1.0,100.0,0.0,123,0.105691057,13,17,46,7.375,1,6,phishing,1
2661.0,0,0.063492063,0.936507937,77.77777778,0.25,30,0.0,2,13,21,0.0,0,3,legitimate,0
5616.0,1,0.818181818,0.181818182,25.0,0.166666667,70,0.042857143,8,15,41,9.5,1,3,phishing,1
5563.0,0,0.054421769,0.945578231,88.46153846,0.5,34,0.0,3,11,19,6.0,0,3,legitimate,0
5075.0,0,0.068493151,0.931506849,40.0,0.2,30,0.0,3,9,21,0.0,0,3,legitimate,0
5075.0,3,0.0,0.0,0.0,0.0,50,0.08,7,10,25,3.5,1,7,phishing,1
7619.0,0,0.371428571,0.628571429,76.0,0.076923077,56,0.0,5,10,21,8.333333332999999,1,1,legitimate,0
2768.0,0,0.40625,0.59375,81.25,0.0,52,0.0,3,20,24,9.0,1,1,legitimate,0
372.0,1,0.0,0.0,0.0,0.0,62,0.0,7,17,28,4.4,1,0,phishing,1
5075.0,0,0.233333333,0.7666666670000001,61.53846154,0.428571429,85,0.0,8,22,30,6.833333333,1,3,legitimate,0
1482.0,0,0.253521127,0.7464788729999999,74.54545455,0.0,22,0.0,2,6,13,0.0,0,3,legitimate,0
5075.0,0,0.272727273,0.727272727,25.92592593,0.523809524,39,0.0,4,12,13,8.0,1,3,legitimate,0
5808.0,0,0.469767442,0.530232558,73.91304348,0.0,40,0.025,6,9,33,0.0,1,0,legitimate,0
1149.0,1,0.111111111,0.8888888890000001,100.0,0.0,120,0.041666667,12,20,31,7.1,1,7,phishing,1
7765.0,0,1.0,0.0,0.0,0.0,132,0.037878788,7,80,16,20.6,1,43,phishing,1
5224.0,0,0.024221453,0.975778547,80.95238095,0.7142857140000001,43,0.0,4,14,22,5.5,1,3,legitimate,0
2345.0,3,0.770833333,0.229166667,19.17808219,0.040540541,60,0.0,8,10,13,4.571428571,1,0,phishing,1
2235.0,0,0.0,1.0,100.0,0.0,24,0.0,2,7,17,0.0,0,0,legitimate,0
7297.0,0,0.65625,0.34375,3.846153846,0.071428571,30,0.0,2,8,21,0.0,1,0,legitimate,0
3992.0,0,0.0,1.0,100.0,0.0,126,0.111111111,12,17,50,8.142857142999999,1,2,phishing,1
2640.0,3,0.0,0.0,0.0,0.0,62,0.0,8,9,17,5.333333333,1,3,phishing,1
5115.0,0,0.119047619,0.880952381,38.46153846,0.133333333,31,0.0,2,14,22,0.0,1,3,legitimate,0
5075.0,0,0.0,1.0,0.0,0.0,129,0.124031008,18,25,6,5.705882353,1,7,phishing,1
5075.0,0,0.00729927,0.99270073,0.0,0.0,38,0.0,4,10,17,5.5,1,5,legitimate,0
8.0,0,0.086956522,0.913043478,46.15384615,0.625,21,0.0,2,5,12,0.0,1,1,phishing,1
6929.0,0,0.176470588,0.8235294120000001,75.0,0.333333333,58,0.0,6,10,22,6.25,1,1,legitimate,0
107.0,1,0.0,0.0,0.0,0.0,53,0.018867925,6,9,22,6.666666667,1,5,phishing,1
327.0,0,0.0,0.0,0.0,0.0,50,0.2,5,13,14,8.666666667000001,1,1,phishing,1
5614.0,0,0.80952381,0.19047619,25.0,0.176470588,54,0.074074074,8,9,26,4.0,1,1,phishing,1
5886.0,0,0.048780488,0.951219512,92.06349206,0.125,72,0.0,9,10,15,6.142857143,1,6,legitimate,0
11555.0,0,0.0,1.0,100.0,0.0,68,0.279411765,10,11,15,4.625,1,2,legitimate,0
4375.0,0,0.0,0.0,0.0,0.0,75,0.173333333,4,32,14,17.0,1,4,phishing,1
5075.0,1,0.516129032,0.483870968,0.0,0.4375,137,0.3430656929999999,13,16,10,8.916666667000001,1,5,phishing,1
2346.0,0,0.5,0.5,0.0,1.0,44,0.0,4,10,26,4.0,1,0,legitimate,0
12210.0,0,0.375,0.625,53.84615385,0.111111111,52,0.211538462,8,11,16,3.666666667,1,3,legitimate,0
2148.0,1,0.0,1.0,0.0,0.0,41,0.0,5,8,33,0.0,1,3,phishing,1
7892.0,0,0.685185185,0.314814815,30.76923077,0.081081081,22,0.0,2,6,14,0.0,0,3,legitimate,0
7693.0,0,0.25,0.75,0.0,2.0,63,0.079365079,7,9,17,6.8,0,3,legitimate,0
5670.0,0,0.0,0.0,0.0,0.0,46,0.0,5,10,22,4.666666667,1,1,phishing,1
12321.0,0,0.0,0.0,0.0,0.0,40,0.0,6,7,14,5.333333333,1,3,legitimate,0
8346.0,2,1.0,0.0,0.0,0.0,47,0.0,4,16,16,10.0,0,1,phishing,1
7634.0,0,0.209302326,0.790697674,0.0,0.0,31,0.064516129,3,9,23,0.0,1,2,phishing,1
5075.0,0,0.037735849,0.962264151,0.0,0.0,32,0.3125,10,7,13,3.333333333,1,2,phishing,1
7297.0,0,0.733238231,0.266761769,25.56270096,0.13229572,30,0.0,3,8,22,0.0,1,0,legitimate,0
9547.0,0,0.166666667,0.833333333,0.0,0.0,57,0.175438596,7,12,16,5.8,0,13,legitimate,0
3011.0,0,0.333333333,0.666666667,22.22222222,0.25,74,0.0,6,18,26,9.0,1,4,legitimate,0
3992.0,0,0.0,1.0,100.0,0.0,118,0.203389831,12,17,42,7.375,1,1,phishing,1
5527.0,0,0.638888889,0.361111111,73.68421053,0.043478261,42,0.0,5,9,17,4.666666667,1,3,legitimate,0
6639.0,0,0.697674419,0.302325581,18.18181818,0.3666666670000001,45,0.0,5,9,17,5.666666667,0,6,legitimate,0
8732.0,0,0.119402985,0.880597015,100.0,0.0,25,0.0,2,8,16,0.0,0,3,legitimate,0
4322.0,0,0.365771812,0.6342281879999999,10.90909091,0.055045872,52,0.0,6,10,18,5.5,1,3,legitimate,0
3993.0,0,0.0,1.0,100.0,0.0,126,0.222222222,13,17,50,7.375,1,7,phishing,1
5132.0,0,0.514851485,0.485148515,63.33333333,0.153846154,62,0.0161290319999999,9,9,17,4.285714286,1,5,legitimate,0
6673.0,0,0.429951691,0.570048309,10.84337349,0.0,45,0.0,4,11,19,8.5,1,3,legitimate,0
5075.0,0,0.002327386,0.997672614,0.0,0.0,27,0.0,3,8,18,0.0,0,3,legitimate,0
6380.0,0,0.2,0.8,100.0,0.0,78,0.012820513,10,10,16,5.875,1,6,legitimate,0
7287.0,3,0.067961165,0.932038835,0.0,0.285714286,92,0.076086957,12,11,58,5.75,1,2,phishing,1
5616.0,1,0.818181818,0.181818182,25.0,0.166666667,72,0.083333333,10,9,40,4.75,1,4,phishing,1
2047.0,4,0.113636364,0.8863636359999999,84.31372549,0.5,120,0.15,11,32,15,8.8,1,9,phishing,1
687.0,2,0.0,1.0,0.0,0.0,52,0.076923077,6,16,24,4.25,1,4,phishing,1
5232.0,0,0.247524752,0.752475248,4.0,0.48,33,0.0,2,13,24,0.0,1,1,legitimate,0
4646.0,0,0.615384615,0.384615385,54.41176471,0.104166667,80,0.075,8,14,25,7.0,0,4,legitimate,0
835.0,3,0.0,1.0,0.0,0.0,95,0.0,10,18,22,6.333333333,1,2,phishing,1
8048.0,0,0.2,0.8,50.0,0.181818182,48,0.125,5,12,20,5.666666667,1,5,legitimate,0
457.0,5,0.0,1.0,0.0,0.0,183,0.0,25,17,12,5.833333333,1,6,phishing,1
5554.0,0,0.03030303,0.96969697,72.72727273,0.6,25,0.0,1,12,16,0.0,0,0,legitimate,0
190.0,0,0.0,1.0,0.0,0.0,38,0.078947368,3,9,29,0.0,1,0,phishing,1
6022.0,0,0.301075269,0.698924731,16.12903226,0.196428571,47,0.063829787,6,8,16,5.0,1,5,legitimate,0
7295.0,0,0.928571429,0.071428571,14.28571429,0.230769231,34,0.029411765,5,8,21,1.0,1,0,phishing,1
804.0,0,0.0,1.0,100.0,0.0,41,0.097560976,4,7,33,0.0,1,0,phishing,1
1834.0,0,0.0,1.0,100.0,0.0,122,0.295081967,23,18,68,3.181818182,1,1,phishing,1
5755.0,0,0.0,0.0,0.0,0.0,32,0.0,3,12,20,3.0,1,3,phishing,1
6689.0,0,0.125,0.875,50.0,0.5,27,0.0,3,6,14,4.0,0,3,legitimate,0
9363.0,0,0.186746988,0.813253012,54.54545455,0.225806452,51,0.117647059,6,7,15,6.0,1,3,legitimate,0
7621.0,0,0.25,0.75,0.0,0.0,31,0.0,2,9,23,0.0,1,1,phishing,1
8919.0,0,0.5,0.5,0.0,0.0,92,0.02173913,12,15,15,5.9,1,0,phishing,1
6984.0,0,0.1529411759999999,0.8470588240000001,18.18181818,0.461538462,53,0.037735849,6,16,24,4.5,1,4,legitimate,0
8346.0,1,1.0,0.0,0.0,0.0,98,0.071428571,11,33,16,7.222222222,0,1,phishing,1
7058.0,0,0.076923077,0.923076923,80.0,0.0,33,0.0,4,6,13,5.0,1,4,legitimate,0
7783.0,0,0.0,0.0,0.0,0.0,53,0.037735849,7,10,16,4.8,0,3,phishing,1
5075.0,0,0.029304029,0.970695971,74.07407407,0.25,49,0.0,5,11,15,8.0,0,4,legitimate,0
253.0,2,0.0,1.0,0.0,0.0,112,0.142857143,12,16,48,6.857142857,1,3,phishing,1
4411.0,1,0.0,1.0,0.0,0.0,50,0.06,6,9,13,5.0,1,2,phishing,1
645.0,0,0.4,0.6,0.0,0.0,62,0.032258065,3,34,55,0.0,1,2,phishing,1
255.0,0,0.333333333,0.666666667,0.0,2.0,45,0.0,6,10,13,5.25,1,0,legitimate,0
1358.0,0,0.666666667,0.333333333,0.0,0.333333333,61,0.0,8,15,22,4.333333333,1,7,legitimate,0
179.0,0,0.210526316,0.7894736840000001,0.0,0.5,95,0.073684211,10,31,18,7.625,1,1,phishing,1
1528.0,1,0.065420561,0.934579439,100.0,0.0,52,0.0,5,14,18,5.75,1,0,phishing,1
7083.0,0,1.0,0.0,0.0,0.0,267,0.123595506,9,200,25,32.42857143,1,6,phishing,1
5075.0,0,0.0,0.0,0.0,0.0,83,0.0,7,20,19,10.2,1,5,phishing,1
539.0,2,0.090909091,0.909090909,0.0,0.0,40,0.0,3,11,32,0.0,1,0,phishing,1
9200.0,0,0.182692308,0.817307692,30.43478261,0.105263158,36,0.0,4,10,18,4.5,0,3,legitimate,0
195.0,0,0.0,0.0,0.0,0.0,46,0.0,5,10,21,4.666666667,1,0,phishing,1
5169.0,0,0.629213483,0.370786517,30.0,0.446428571,29,0.0,2,12,20,0.0,1,4,legitimate,0
5075.0,0,0.222222222,0.7777777779999999,50.0,0.2,30,0.0,3,7,21,0.0,0,4,legitimate,0
3846.0,0,0.032258065,0.967741935,69.23076923,0.307692308,29,0.0,2,12,20,0.0,1,5,legitimate,0
5075.0,0,0.058441558,0.941558442,62.5,0.333333333,20,0.0,1,6,13,0.0,1,1,legitimate,0
7422.0,0,0.242424242,0.757575758,95.45454545,0.0,45,0.0,3,16,24,12.0,1,3,legitimate,0
457.0,3,0.791666667,0.208333333,25.0,0.315789474,56,0.0,8,8,11,4.285714286,1,0,phishing,1
5075.0,0,0.1578947369999999,0.842105263,92.85714286,0.0,26,0.0,2,10,17,0.0,1,3,legitimate,0
4490.0,2,0.285714286,0.7142857140000001,0.0,0.0,32,0.09375,3,8,23,0.0,1,0,phishing,1
6278.0,0,0.7173913040000001,0.282608696,11.76470588,0.121212121,29,0.0,3,7,13,7.0,0,3,legitimate,0
5075.0,0,0.050955414,0.949044586,68.75,0.0,30,0.0,2,10,21,0.0,1,4,legitimate,0
7134.0,0,0.067001675,0.932998325,68.99224806,0.075,50,0.0,5,11,16,7.666666667,0,1,legitimate,0
5075.0,0,0.0,1.0,0.0,0.0,79,0.0,8,12,13,7.428571429,1,2,phishing,1
9338.0,0,0.0,0.0,0.0,0.0,139,0.273381295,15,16,17,7.615384615,1,5,phishing,1
1546.0,0,0.7875,0.2125,12.5,0.023809524,42,0.071428571,2,16,34,0.0,1,5,phishing,1
137.0,0,0.0,0.0,0.0,0.0,26,0.038461538,3,8,19,0.0,1,0,phishing,1
8489.0,0,0.554347826,0.445652174,10.81081081,0.117647059,72,0.0,7,11,23,7.0,0,2,legitimate,0
5075.0,6,0.0,1.0,100.0,0.0,137,0.02189781,22,9,19,4.789473684,1,2,phishing,1
2139.0,0,0.875,0.125,0.0,0.0,26,0.038461538,2,7,10,7.0,0,0,phishing,1
2732.0,0,0.441176471,0.558823529,58.82352941,0.066666667,27,0.0,2,11,19,0.0,1,3,legitimate,0
5075.0,0,0.5,0.5,100.0,0.0,43,0.0,4,14,25,4.5,1,3,phishing,1
5963.0,0,0.390909091,0.609090909,6.52173913,0.023255814,66,0.0,8,11,19,5.666666667,0,3,legitimate,0
7210.0,0,0.117021277,0.882978723,46.15384615,0.363636364,63,0.0,7,10,16,7.0,0,3,legitimate,0
5075.0,0,1.0,0.0,0.0,0.0,85,0.294117647,8,32,77,0.0,0,2,phishing,1
5627.0,0,0.0,0.0,0.0,0.0,78,0.115384615,6,36,69,0.0,1,2,phishing,1
5020.0,0,0.278688525,0.721311475,0.0,0.411764706,71,0.0,7,16,20,6.166666667,1,1,legitimate,0
7131.0,0,0.041509434,0.958490566,74.41860465,0.363636364,60,0.083333333,8,9,16,4.833333333,0,1,legitimate,0
7030.0,0,0.230769231,0.7692307690000001,72.72727273,0.333333333,15,0.0,1,3,6,0.0,1,0,legitimate,0
12560.0,0,0.0,0.0,0.0,0.0,70,0.114285714,8,12,18,6.333333333,1,0,legitimate,0
7134.0,0,0.060390764,0.939609236,63.82978723,0.485294118,41,0.0,4,11,16,7.5,0,0,legitimate,0
4884.0,0,0.0,0.0,0.0,0.0,30,0.0,2,13,21,0.0,1,4,legitimate,0
6258.0,0,0.123287671,0.8767123290000001,55.17241379,0.296296296,36,0.0,3,17,25,3.0,1,4,legitimate,0
2215.0,0,0.0,0.0,0.0,0.0,39,0.0,5,7,9,4.75,1,0,phishing,1
5075.0,0,0.0,1.0,100.0,0.0,149,0.281879195,10,36,10,13.44444444,1,4,phishing,1
2.0,0,0.142857143,0.857142857,0.0,1.0,34,0.0,4,8,14,5.0,1,4,phishing,1
8616.0,0,0.166666667,0.833333333,100.0,0.25,109,0.0,17,9,15,4.733333333,0,4,legitimate,0
2113.0,1,0.384615385,0.615384615,0.0,0.35,90,0.322222222,8,32,19,9.5,1,10,phishing,1
5075.0,0,0.0,0.0,0.0,0.0,85,0.435294118,6,50,18,19.0,1,4,phishing,1
2712.0,0,0.189655172,0.810344828,0.0,0.272727273,26,0.0,2,9,17,0.0,1,4,legitimate,0
9242.0,0,0.75,0.25,100.0,0.0,36,0.0,3,14,27,0.0,1,0,phishing,1
5782.0,0,0.344262295,0.655737705,5.263157895,0.19047619,59,0.186440678,9,8,13,4.428571429,0,3,legitimate,0
8518.0,0,0.6,0.4,100.0,0.0,44,0.0,3,18,16,18.0,0,4,legitimate,0
2841.0,0,0.0,1.0,0.0,0.0,87,0.436781609,4,32,13,32.0,1,4,phishing,1
5075.0,4,0.067460317,0.932539683,100.0,0.0,65,0.0,9,8,15,4.375,1,1,phishing,1
12542.0,0,0.217105263,0.782894737,17.5,0.696969697,83,0.048192771,10,10,13,6.875,1,1,legitimate,0
7266.0,0,0.0390625,0.9609375,57.14285714,0.3,54,0.055555556,6,9,15,6.75,0,4,legitimate,0
3138.0,0,0.074074074,0.925925926,100.0,0.0,69,0.072463768,7,15,23,6.8,1,7,legitimate,0
5596.0,0,0.0,0.0,0.0,0.0,41,0.024390244,4,10,18,7.0,1,3,phishing,1
3466.0,1,0.459459459,0.540540541,0.0,0.176470588,46,0.0,4,15,19,9.0,0,4,legitimate,0
7449.0,0,0.8125,0.1875,0.0,0.0,116,0.077586207,18,11,22,4.3125,1,1,legitimate,0
2058.0,4,0.19047619,0.80952381,20.0,0.5,117,0.042735043,13,18,26,6.6363636360000005,1,8,phishing,1
2778.0,0,0.021582734,0.978417266,100.0,0.0,25,0.0,1,13,17,0.0,0,1,legitimate,0
5186.0,0,0.0,1.0,100.0,0.0,85,0.047058824,10,26,15,6.625,0,3,phishing,1
8829.0,0,0.151515152,0.848484848,20.0,0.0,62,0.0,10,8,15,4.0,0,3,legitimate,0
5396.0,0,0.115577889,0.8844221109999999,0.0,0.043478261,45,0.0,4,11,17,9.5,0,4,legitimate,0
6728.0,0,0.0,1.0,0.0,0.0,84,0.023809524,12,10,18,4.9,1,3,phishing,1
8515.0,0,0.529411765,0.470588235,80.0,0.0,105,0.142857143,13,15,16,6.272727272999999,0,5,legitimate,0
2836.0,0,0.625,0.375,0.0,0.05,38,0.0,2,22,30,0.0,1,3,legitimate,0
5075.0,3,0.571428571,0.428571429,33.33333333,0.0,477,0.085953878,90,12,14,4.453488372,1,8,phishing,1
